,BATTERY_CURRENT,LIGHT,TEMPERATURE,TIME,BATTERY_VOLTAGE,,PANEL_VOLTAGE,PANEL_CURRENT,EXPLANATION
0,1.532,53.33,30.8,6/22/2026 19:40:16,2.439,0,11.09,1.09,Panel_current_2 is the battery current and panel_voltage_2 is the panel voltage
0,1.681,53.33,30.8,6/22/2026 19:40:30,2.443,0,11.24,0.84,
0,1.32,40,30.8,6/22/2026 19:40:51,2.44,0,11.09,1.24,
0,1.804,41.67,30.8,6/22/2026 19:40:59,2.443,0,11.17,1.27,
0,1.684,46.67,30.8,6/22/2026 19:41:13,2.441,0,10.93,1.45,
0,1.395,25,30.8,6/22/2026 19:41:26,2.445,0,10.28,1.32,
0,1.768,25,30.8,6/22/2026 19:41:39,2.444,0,10.33,1.22,
0,1.768,25,30.8,6/22/2026 19:41:52,2.444,0,10.35,1.36,
0,1.599,30,30.8,6/22/2026 19:42:07,2.44,0,10.52,1.45,
0,2.795,35,30.8,6/22/2026 19:42:20,2.446,0,10.28,1.19,
0,2.859,42.5,30.8,6/22/2026 19:42:35,2.439,0,10.39,1.27,
0,2.855,41.67,30.8,6/22/2026 19:42:49,2.439,0,11.09,1.47,
0,2.668,23.33,30.8,6/22/2026 19:43:02,2.438,0,11.2,1.06,
0,2.668,23.33,30.8,6/22/2026 19:43:16,2.438,0,10.93,1.49,
0,2.668,23.33,30.8,6/22/2026 19:43:30,2.438,0,11.17,1.05,
0,0.247,5820.83,35.2,6/23/2026 12:53:53,16.5,0,20.94,1.32,
0,0.247,5106.67,34.7,6/23/2026 12:55:52,16.5,0,21.22,1.03,
0,0.256,3519.17,34.7,6/23/2026 12:56:06,16.5,0,21.25,1.03,
0,0.196,4349.17,34.7,6/23/2026 12:56:18,16.5,0,21.42,1.49,
0,0.38,3680.83,34.7,6/23/2026 12:56:31,16.5,0,21.41,1.33,
0,9.261,14626.67,43.5,6/23/2026 13:06:44,16.5,0,22.63,1.22,
0,9.03,14582.5,43.4,6/23/2026 13:06:54,16.5,0,23.12,1.45,
0,8.823,14579.17,43.1,6/23/2026 13:07:08,16.5,0,22.63,1.02,
0,8.77,14507.5,43,6/23/2026 13:07:21,16.5,0,23.29,0.94,
0,8.587,14595,42.5,6/23/2026 13:07:35,16.5,0,22.67,1.49,
0,8.415,14666.67,42.5,6/23/2026 13:07:49,16.5,0,22.7,0.87,
0,8.095,14615,42,6/23/2026 13:08:03,16.5,0,22.89,1.25,
0,8.394,14545.83,42,6/23/2026 13:08:17,16.5,0,22.75,0.91,
0,8.285,14454.17,42,6/23/2026 13:08:30,16.5,0,23.42,1.22,
0,8.12,14345.83,41.6,6/23/2026 13:08:45,16.5,0,22.94,1.32,
0,8.162,14285,41.6,6/23/2026 13:08:59,16.5,0,22.64,1.2,
0,8.225,14135,41.6,6/23/2026 13:09:12,16.5,0,23.37,0.92,
0,8.193,14076.67,41.6,6/23/2026 13:09:26,16.5,0,23.15,0.95,
0,7.945,13997.5,41.6,6/23/2026 13:09:40,16.5,0,23.39,1.29,
0,8.313,13855.83,41.6,6/23/2026 13:09:54,16.5,0,22.77,1.05,
0,8.307,13815,41.6,6/23/2026 13:10:12,16.5,0,22.63,1.39,
0,7.591,13892.5,41.6,6/23/2026 13:10:25,16.5,0,22.6,1.28,
0,7.636,14035.83,41.6,6/23/2026 13:10:39,16.5,0,22.74,1.15,
0,7.698,14184.17,41.9,6/23/2026 13:10:52,16.5,0,23.45,1.06,
0,7.622,14170,41.6,6/23/2026 13:11:06,16.5,0,22.87,0.94,
0,7.637,14185,41.6,6/23/2026 13:11:20,16.5,0,22.98,1.3,
0,7.443,14352.5,41.2,6/23/2026 13:11:35,16.5,0,23.51,1.27,
0,7.528,14455.83,41.1,6/23/2026 13:11:49,16.5,0,23.09,0.88,
0,7.476,14758.33,41.1,6/23/2026 13:12:03,16.5,0,23.42,1.05,
0,7.084,14976.67,41.1,6/23/2026 13:12:17,16.5,0,22.74,1.08,
0,7.166,15174.17,41.1,6/23/2026 13:12:30,16.5,0,23.42,0.88,
0,7.236,15438.33,41.1,6/23/2026 13:12:44,16.5,0,23.39,0.98,
0,7.217,15585.83,41.1,6/23/2026 13:12:58,16.5,0,23.22,1.48,
0,7.304,15991.67,41.1,6/23/2026 13:13:13,16.5,0,23.78,1.1,
0,7.207,16209.17,41.1,6/23/2026 13:13:27,16.5,0,22.91,0.85,
0,7.223,16435,41.1,6/23/2026 13:13:42,16.5,0,22.83,1.28,
0,7.353,16847.5,41,6/23/2026 13:13:56,16.5,0,23.07,0.88,
0,7.416,17014.17,41,6/23/2026 13:14:10,16.5,0,23.85,1.13,
0,6.951,17335.83,40.7,6/23/2026 13:14:24,16.5,0,23.51,0.96,
0,7.341,17510,40.6,6/23/2026 13:14:37,16.5,0,23.25,1.42,
0,7.253,17693.33,40.6,6/23/2026 13:14:53,16.5,0,23.15,1.06,
0,7.293,18018.33,40.6,6/23/2026 13:15:07,16.5,0,23.22,1.22,
0,7.047,18190.83,40.6,6/23/2026 13:15:21,16.5,0,23.48,1.25,
0,7.185,18578.33,40.7,6/23/2026 13:15:36,16.5,0,23.22,1.09,
0,7.428,18764.17,40.9,6/23/2026 13:15:50,16.5,0,23.91,0.86,
0,7.162,19174.17,40.7,6/23/2026 13:16:04,16.5,0,23.19,0.92,
0,7.308,19397.5,40.8,6/23/2026 13:16:17,16.5,0,23.98,0.82,
0,7.11,19576.67,40.6,6/23/2026 13:16:31,16.5,0,24.07,1.11,
0,7.162,19816.67,40.6,6/23/2026 13:16:44,16.5,0,23.04,0.83,
0,7.342,19928.33,40.5,6/23/2026 13:16:58,16.5,0,23.42,0.81,
0,7.373,20067.5,40.1,6/23/2026 13:17:12,16.5,0,23.77,1.31,
0,7.485,20250.83,40.1,6/23/2026 13:17:12,16.5,0,23.77,1.31,
0,7.218,20400,40.1,6/23/2026 13:17:26,16.5,0,24.2,1.07,
0,7.566,20495,40.1,6/23/2026 13:17:39,16.5,0,23.8,1.45,
0,7.167,20797.5,40.1,6/23/2026 13:17:53,16.5,0,23.28,0.84,
0,7.636,20997.5,40.3,6/23/2026 13:18:06,16.5,0,23.98,1.34,
0,7.676,21183.33,40.6,6/23/2026 13:18:21,16.5,0,24.36,0.95,
0,7.657,21573.33,40.6,6/23/2026 13:18:34,16.5,0,24.16,1.19,
0,7.628,21735.83,41,6/23/2026 13:18:48,16.5,0,23.49,1.13,
0,7.755,21940,41.1,6/23/2026 13:19:03,16.5,0,24.37,0.87,
0,7.713,22080,41.1,6/23/2026 13:19:18,16.5,0,23.84,0.83,
0,7.432,22439.17,41.5,6/23/2026 13:19:32,16.5,0,24.12,1.07,
0,7.616,22663.33,41.5,6/23/2026 13:19:46,16.5,0,23.5,0.83,
0,7.555,22945,41.5,6/23/2026 13:20:00,16.5,0,23.64,1.34,
0,7.566,23307.5,41.5,6/23/2026 13:20:13,16.5,0,23.75,1,
0,7.427,23385.83,41.6,6/23/2026 13:20:26,16.5,0,24.01,1.13,
0,7.428,23472.5,41.6,6/23/2026 13:20:40,16.5,0,23.63,1.31,
0,7.304,23642.5,41.6,6/23/2026 13:20:55,16.5,0,24.2,0.83,
0,7.151,23784.17,41.6,6/23/2026 13:21:09,16.5,0,23.85,0.8,
0,7.151,23784.17,41.6,6/23/2026 13:21:26,16.5,0,24.45,1.25,
0,7.307,24054.17,42,6/23/2026 13:21:41,16.5,0,24.3,1.32,
0,7.355,23821.67,42,6/23/2026 13:21:55,16.5,0,24.23,0.87,
0,7.315,24334.17,42,6/23/2026 13:22:10,16.5,0,24.53,1.37,
0,7.358,23464.17,42,6/23/2026 13:22:23,16.5,0,24.02,1.26,
0,7.309,23300.83,42,6/23/2026 13:22:36,16.5,0,23.49,1.39,
0,7.437,23215,42,6/23/2026 13:22:50,16.5,0,24.39,0.82,
0,7.051,22981.67,42,6/23/2026 13:23:04,16.5,0,23.67,1.45,
0,7.21,22985.83,42,6/23/2026 13:23:18,16.5,0,23.9,1.13,
0,7.261,23099.17,42,6/23/2026 13:23:32,16.5,0,23.74,1.4,
0,7.344,22995.83,42,6/23/2026 13:23:46,16.5,0,24.32,1.23,
0,7.113,22938.33,42,6/23/2026 13:24:00,16.5,0,24.09,0.81,
0,7.249,23045,42,6/23/2026 13:24:14,16.5,0,23.75,1.39,
0,7.123,23805.83,41.6,6/23/2026 13:24:27,16.5,0,23.61,0.85,
0,7.058,24440.83,41.6,6/23/2026 13:24:42,16.5,0,24.09,1.16,
0,7.229,23276.67,41.6,6/23/2026 13:24:43,16.5,0,24.09,1.16,
0,7.16,23054.17,41.6,6/23/2026 13:24:56,16.5,0,24.28,1.38,
0,7.023,23053.33,41.6,6/23/2026 13:25:11,16.5,0,24.5,1.41,
0,6.896,23183.33,41.6,6/23/2026 13:25:25,16.5,0,23.75,0.83,
0,7.103,23301.67,41.6,6/23/2026 13:25:39,16.5,0,23.94,0.92,
0,7.143,23684.17,41.6,6/23/2026 13:25:53,16.5,0,23.61,1.05,
0,7.027,23482.5,41.6,6/23/2026 13:25:52,16.5,0,23.61,1.05,
0,6.776,23919.17,41.6,6/23/2026 13:26:07,16.5,0,24.58,1.21,
0,7.131,23800.83,41.6,6/23/2026 13:26:21,16.5,0,24.14,1.02,
0,7.107,23870,42,6/23/2026 13:26:35,16.5,0,23.8,1.14,
0,7.13,23975.83,42,6/23/2026 13:26:48,16.5,0,24.25,1.19,
0,6.946,24450,42,6/23/2026 13:27:03,16.5,0,24.3,0.95,
0,7.241,24072.5,42,6/23/2026 13:27:17,16.5,0,24.01,1.39,
0,7.093,24081.67,42,6/23/2026 13:27:30,16.5,0,23.68,0.91,
0,6.865,24202.5,42.1,6/23/2026 13:27:50,16.5,0,24.3,1.02,
0,7.115,24320.83,42.5,6/23/2026 13:28:01,16.5,0,24.29,1.19,
0,7.187,24489.17,42.5,6/23/2026 13:28:14,16.5,0,24.5,1.22,
0,7.144,24420.83,42.5,6/23/2026 13:28:27,16.5,0,24.4,1.44,
0,6.946,24305,42.1,6/23/2026 13:28:41,16.5,0,24.11,1.18,
0,7.023,24365.83,42.5,6/23/2026 13:28:55,16.5,0,24.01,0.96,
0,6.998,24340.83,42.5,6/23/2026 13:29:08,16.5,0,24.15,1.09,
0,7.124,24351.67,42.5,6/23/2026 13:29:23,16.5,0,24.3,1.48,
0,7.124,24351.67,42.5,6/23/2026 13:29:23,16.5,0,24.3,1.48,
0,7.01,24215,42.5,6/23/2026 13:29:36,16.5,0,24.2,1.46,
0,6.999,24061.67,42.5,6/23/2026 13:29:50,16.5,0,23.79,1.19,
0,6.987,23907.5,42.5,6/23/2026 13:30:04,16.5,0,23.72,1.48,
0,7.093,23806.67,42.5,6/23/2026 13:30:17,16.5,0,23.71,1.39,
0,6.836,23826.67,42.5,6/23/2026 13:30:31,16.5,0,23.73,0.88,
0,7.096,23839.17,42.5,6/23/2026 13:30:45,16.5,0,24.2,1.19,
0,6.95,23788.33,42.5,6/23/2026 13:30:59,16.5,0,23.8,1.34,
0,6.886,23631.67,42.5,6/23/2026 13:31:13,16.5,0,24.04,1.15,
0,6.886,23631.67,42.5,6/23/2026 13:31:13,16.5,0,24.04,1.15,
0,7.011,23595,42.5,6/23/2026 13:31:28,16.5,0,24.03,1.26,
0,7.03,23662.5,42.1,6/23/2026 13:31:42,16.5,0,24.34,1.45,
0,6.739,23625.83,42,6/23/2026 13:31:56,16.5,0,24.34,1.05,
0,6.752,23508.33,42,6/23/2026 13:32:10,16.5,0,23.94,0.98,
0,6.805,23476.67,42,6/23/2026 13:32:23,16.5,0,24.37,0.87,
0,6.589,23496.67,42,6/23/2026 13:32:37,16.5,0,24.01,1.38,
0,6.882,23539.17,42,6/23/2026 13:32:52,16.5,0,24.34,1.16,
0,6.891,23609.17,41.7,6/23/2026 13:33:06,16.5,0,23.68,1.26,
0,6.954,23596.67,41.8,6/23/2026 13:33:20,16.5,0,23.61,1.36,
0,7.483,23693.33,41.6,6/23/2026 13:33:34,16.5,0,24.34,1.15,
0,7.625,23749.17,41.6,6/23/2026 13:33:49,16.5,0,24.21,1.36,
0,7.578,23840.83,41.6,6/23/2026 13:34:03,16.5,0,24.26,0.93,
0,7.591,23706.67,41.9,6/23/2026 13:34:16,16.5,0,24.25,0.95,
0,7.687,23620,41.7,6/23/2026 13:34:30,16.5,0,23.88,1.41,
0,7.455,23656.67,41.6,6/23/2026 13:34:43,16.5,0,23.84,1.08,
0,7.635,23784.17,41.6,6/23/2026 13:34:57,16.5,0,23.74,1.48,
0,7.524,23762.5,41.6,6/23/2026 13:35:11,16.5,0,24.31,1.47,
0,7.367,23673.33,41.6,6/23/2026 13:35:25,16.5,0,24.44,1.21,
0,7.602,23716.67,41.9,6/23/2026 13:35:39,16.5,0,23.85,0.93,
0,7.423,23870,42,6/23/2026 13:35:53,16.5,0,23.69,1.15,
0,7.225,24408.33,42,6/23/2026 13:36:07,16.5,0,23.99,0.85,
0,7.257,24035,42,6/23/2026 13:36:20,16.5,0,24.37,1.38,
0,7.573,23847.5,41.9,6/23/2026 13:36:37,16.5,0,24.12,1.42,
0,7.611,23855.83,41.6,6/23/2026 13:36:51,16.5,0,23.85,1,
0,7.279,23940.83,41.6,6/23/2026 13:37:05,16.5,0,23.73,1.12,
0,7.534,23950.83,41.6,6/23/2026 13:37:20,16.5,0,24,1.44,
0,7.496,23977.5,41.6,6/23/2026 13:37:33,16.5,0,24.22,1.35,
0,7.483,24330,42,6/23/2026 13:37:47,16.5,0,23.65,1.23,
0,7.259,25641.67,42,6/23/2026 13:38:01,16.5,0,23.91,0.89,
0,7.629,23916.67,42,6/23/2026 13:38:15,16.5,0,24.07,1.4,
0,7.629,23916.67,42,6/23/2026 13:38:15,16.5,0,24.07,1.4,
0,7.515,23855.83,42,6/23/2026 13:38:29,16.5,0,23.85,0.92,
0,7.754,23803.33,42,6/23/2026 13:38:43,16.5,0,23.85,0.81,
0,7.677,23824.17,42,6/23/2026 13:38:57,16.5,0,24.23,1.27,
0,7.412,23680.83,42,6/23/2026 13:39:11,16.5,0,24.23,0.96,
0,7.772,23190,42,6/23/2026 13:39:24,16.5,0,24.2,1.4,
0,7.646,23070,42.1,6/23/2026 13:39:38,16.5,0,23.9,1.43,
0,7.746,23092.5,42.5,6/23/2026 13:39:51,16.5,0,24.29,1.42,
0,7.824,24422.5,42.5,6/23/2026 13:40:06,16.5,0,24.44,1.02,
0,7.758,23984.17,42.5,6/23/2026 13:40:19,16.5,0,24.38,1.42,
0,7.615,23648.33,42.5,6/23/2026 13:40:32,16.5,0,23.72,1.15,
0,7.522,23805.83,42.5,6/23/2026 13:40:46,16.5,0,24.01,1.26,
0,7.678,23687.5,42.5,6/23/2026 13:41:00,16.5,0,24.03,1.06,
0,7.682,23711.67,42.5,6/23/2026 13:41:14,16.5,0,23.89,1.44,
0,7.618,23813.33,42.5,6/23/2026 13:41:28,16.5,0,23.82,1.49,
0,7.618,23813.33,42.5,6/23/2026 13:41:43,16.5,0,23.81,1.22,
0,7.746,24426.67,42.5,6/23/2026 13:41:56,16.5,0,23.82,1.42,
0,7.566,24311.67,42.5,6/23/2026 13:42:10,16.5,0,23.61,1.26,
0,7.695,24242.5,42.5,6/23/2026 13:42:23,16.5,0,23.48,1.37,
0,7.775,23917.5,42.2,6/23/2026 13:42:37,16.5,0,24.08,0.83,
0,7.446,23700,42.1,6/23/2026 13:42:52,16.5,0,23.68,1.14,
0,7.745,23426.67,42.5,6/23/2026 13:43:06,16.5,0,23.95,1.25,
0,7.8,23253.33,42.5,6/23/2026 13:43:19,16.5,0,24.42,1.44,
0,7.717,23136.67,42.5,6/23/2026 13:43:33,16.5,0,23.79,1.27,
0,7.663,22961.67,42,6/23/2026 13:43:47,16.5,0,24.23,0.94,
0,7.694,22875,42,6/23/2026 13:44:02,16.5,0,23.63,1.12,
0,7.723,22930,42,6/23/2026 13:44:16,16.5,0,24.14,1.08,
0,7.79,22825.83,42,6/23/2026 13:44:29,16.5,0,24.3,0.81,
0,7.68,22743.33,42,6/23/2026 13:44:44,16.5,0,24.31,1.49,
0,7.68,22743.33,42,6/23/2026 13:44:44,16.5,0,24.31,1.49,
0,7.701,22629.17,42,6/23/2026 13:44:58,16.5,0,24.38,1.04,
0,7.826,22453.33,42,6/23/2026 13:45:11,16.5,0,24.23,1.4,
0,7.727,22394.17,42,6/23/2026 13:45:25,16.5,0,24.37,0.82,
0,7.831,22333.33,42,6/23/2026 13:45:38,16.5,0,23.6,1.28,
0,7.893,22212.5,42,6/23/2026 13:45:52,16.5,0,24.21,1.27,
0,7.729,22080,42,6/23/2026 13:46:05,16.5,0,23.51,0.97,
0,7.855,22061.67,42,6/23/2026 13:46:19,16.5,0,23.88,1.43,
0,8.324,22041.67,42,6/23/2026 13:46:33,16.5,0,23.72,1.08,
0,7.963,21770,42,6/23/2026 13:46:47,16.5,0,23.49,1.26,
0,8.033,21666.67,42,6/23/2026 13:47:00,16.5,0,24.23,1.12,
0,8.275,21497.5,42.1,6/23/2026 13:47:15,16.5,0,23.6,1.45,
0,8.239,21291.67,42,6/23/2026 13:47:29,16.5,0,23.98,1.39,
0,8.114,21151.67,42,6/23/2026 13:47:43,16.5,0,24.2,1.38,
0,8.413,20993.33,42,6/23/2026 13:47:44,16.5,0,24.2,1.38,
0,8.575,20791.67,42,6/23/2026 13:47:58,16.5,0,23.51,1.1,
0,8.627,20585,42,6/23/2026 13:48:12,16.5,0,24.17,0.91,
0,8.501,20247.5,42,6/23/2026 13:48:25,16.5,0,23.51,0.8,
0,8.582,20051.67,41.6,6/23/2026 13:48:38,16.5,0,23.71,1.04,
0,8.716,19892.5,41.6,6/23/2026 13:48:52,16.5,0,23.62,1.36,
0,8.864,19616.67,41.6,6/23/2026 13:49:05,16.5,0,23.35,1.1,
0,8.552,19500,41.5,6/23/2026 13:49:19,16.5,0,23.42,1.19,
0,8.692,19404.17,41.1,6/23/2026 13:49:33,16.5,0,24.14,1.11,
0,8.927,19220,41.1,6/23/2026 13:49:47,16.5,0,24.14,1,
0,8.935,19149.17,41.1,6/23/2026 13:50:01,16.5,0,23.51,1.36,
0,9.145,19055.83,41.6,6/23/2026 13:50:15,16.5,0,23.82,1.17,
0,9.264,19017.5,41.6,6/23/2026 13:50:29,16.5,0,24.13,0.99,
0,9.19,18960,41.6,6/23/2026 13:50:43,16.5,0,24.07,1.31,
0,9.095,18805,42,6/23/2026 13:50:56,16.5,0,23.25,1.35,
0,8.943,18735,42,6/23/2026 13:51:09,16.5,0,23.82,1.1,
0,9.156,18673.33,42,6/23/2026 13:51:23,16.5,0,23.91,1.23,
0,9.292,18608.33,41.6,6/23/2026 13:51:37,16.5,0,23.36,1.12,
0,8.998,18587.5,41.6,6/23/2026 13:51:51,16.5,0,23.71,0.89,
0,9.332,18590,41.6,6/23/2026 13:52:04,16.5,0,23.42,1.39,
0,9.798,18510,41.6,6/23/2026 13:52:18,16.5,0,23.61,1.44,
0,9.762,18478.33,41.6,6/23/2026 13:52:31,16.5,0,23.89,1.32,
0,9.793,18445,41.6,6/23/2026 13:52:45,16.5,0,23.92,1.25,
0,9.592,18450,41.6,6/23/2026 13:52:59,16.5,0,23.9,1.48,
0,9.68,18481.67,41.6,6/23/2026 13:53:12,16.5,0,23.96,1.43,
0,9.599,18628.33,41.6,6/23/2026 13:53:40,16.5,0,23.36,0.93,
0,9.584,18847.5,41.6,6/23/2026 13:53:56,16.5,0,23.79,1.17,
0,9.368,19015.83,41.6,6/23/2026 13:54:10,16.5,0,23.81,1,
0,9.333,19175,41.5,6/23/2026 13:54:24,16.5,0,23.38,0.92,
0,9.664,19347.5,41.1,6/23/2026 13:54:39,16.5,0,23.61,1.44,
0,9.574,19757.5,41.1,6/23/2026 13:54:52,16.5,0,24.01,0.97,
0,9.789,20285.83,41.2,6/23/2026 13:55:05,16.5,0,24.12,0.83,
0,9.789,20285.83,41.2,6/23/2026 13:55:05,16.5,0,24.12,0.83,
0,9.676,20525,41.5,6/23/2026 13:55:18,16.5,0,24.04,0.85,
0,9.726,20782.5,41.6,6/23/2026 13:55:32,16.5,0,23.66,1.21,
0,9.698,21070,41.6,6/23/2026 13:55:45,16.5,0,24.34,0.9,
0,9.509,21726.67,41.6,6/23/2026 13:55:58,16.5,0,23.61,1.08,
0,9.611,22176.67,41.6,6/23/2026 13:56:12,16.5,0,24.58,1.48,
0,9.521,23325,41.6,6/23/2026 13:56:25,16.5,0,24.2,1.19,
0,9.543,23447.5,41.6,6/23/2026 13:56:39,16.5,0,24.07,1.02,
0,9.68,24177.5,41.6,6/23/2026 13:56:52,16.5,0,24.68,1.09,
0,9.728,25244.17,41.5,6/23/2026 13:57:06,16.5,0,24.01,0.85,
0,9.748,25628.33,41.4,6/23/2026 13:57:19,16.5,0,24.6,1.1,
0,9.715,27291.67,41.5,6/23/2026 13:57:32,16.5,0,24.64,1.1,
0,9.751,28137.5,41.6,6/23/2026 13:57:46,16.5,0,24.1,1.35,
0,9.187,28490,41.6,6/23/2026 13:58:02,16.5,0,24.95,0.81,
0,8.783,28853.33,42,6/23/2026 13:58:15,16.5,0,24.2,1.46,
0,8.878,29057.5,42,6/23/2026 13:58:28,16.5,0,24.17,1.31,
0,8.9,31265.83,42,6/23/2026 13:58:42,16.5,0,24.98,1.04,
0,9.872,31137.5,42.5,6/23/2026 13:58:55,16.5,0,24.63,1.35,
0,9.92,32015,42.5,6/23/2026 13:58:55,16.5,0,24.63,1.35,
0,9.747,30890,42.5,6/23/2026 13:59:08,16.5,0,24.09,0.94,
0,9.593,31278.33,42.5,6/23/2026 13:59:22,16.5,0,23.79,1.32,
0,9.925,31040.83,42.6,6/23/2026 13:59:35,16.5,0,24.36,1.47,
0,9.925,31040.83,42.6,6/23/2026 13:59:35,16.5,0,24.36,1.47,
0,9.83,31565.83,42.9,6/23/2026 13:59:49,16.5,0,24.69,1.15,
0,9.83,31565.83,42.9,6/23/2026 14:00:02,16.5,0,24.47,0.84,
0,9.703,38610.83,43,6/23/2026 14:00:15,16.5,0,24.97,1.15,
0,9.955,34594.16,43.4,6/23/2026 14:00:31,16.5,0,25.29,0.81,
0,9.942,54612.5,43.5,6/23/2026 14:00:45,16.5,0,24.85,0.87,
0,9.682,51281.66,43.6,6/23/2026 14:00:45,16.5,0,24.85,0.87,
0,11.408,38176.66,44,6/23/2026 14:00:59,16.5,0,24.4,0.96,
0,10.956,34460,44.7,6/23/2026 14:01:26,16.5,0,24.63,1.49,
0,10.924,32733.33,44.8,6/23/2026 14:01:26,16.5,0,24.63,1.49,
0,10.25,42516.66,44.8,6/23/2026 14:01:39,16.5,0,24.22,1.16,
0,10.314,39468.33,44.4,6/23/2026 14:01:55,16.5,0,24.38,0.96,
0,10.527,33558.33,44.4,6/23/2026 14:02:10,16.5,0,24.6,0.98,
0,10.474,38367.5,44.4,6/23/2026 14:02:23,16.5,0,24.48,1.32,
0,10.356,44017.5,44.4,6/23/2026 14:02:37,16.5,0,24.61,1.32,
0,10.404,35339.16,44.4,6/23/2026 14:02:50,16.5,0,24.42,1.12,
0,10.43,34415.83,44.4,6/23/2026 14:03:03,16.5,0,24.69,1.1,
0,10.364,33770,44,6/23/2026 14:03:17,16.5,0,24.09,1.15,
0,10.488,32918.33,44,6/23/2026 14:03:31,16.5,0,24.79,1.39,
0,10.355,35765.83,44,6/23/2026 14:03:44,16.5,0,24.22,0.99,
0,10.338,33546.66,44.4,6/23/2026 14:03:57,16.5,0,23.9,0.98,
0,10.564,34815.83,44.4,6/23/2026 14:04:11,16.5,0,25.16,1.01,
0,10.619,54612.5,44.4,6/23/2026 14:04:24,16.5,0,24.04,0.97,
0,10.585,42543.33,44.5,6/23/2026 14:04:37,16.5,0,24.52,1.44,
0,10.302,33159.16,44.5,6/23/2026 14:04:50,16.5,0,24.6,1.45,
0,10.485,36237.5,44.7,6/23/2026 14:05:03,16.5,0,24.68,1.07,
0,10.419,38277.5,44.8,6/23/2026 14:05:17,16.5,0,24.27,1.07,
0,10.439,34306.66,44.8,6/23/2026 14:05:30,16.5,0,24.2,1.2,
0,10.517,40215,44.6,6/23/2026 14:05:44,16.5,0,24.98,1.04,
0,10.352,35134.16,44.7,6/23/2026 14:05:57,16.5,0,24.01,0.97,
0,10.446,38706.66,44.7,6/23/2026 14:06:10,16.5,0,24.8,1.38,
0,10.493,38846.66,44.7,6/23/2026 14:06:24,16.5,0,24.95,1.24,
0,10.608,54612.5,44.8,6/23/2026 14:06:38,16.5,0,25.45,1.22,
0,10.665,54612.5,45,6/23/2026 14:06:53,16.5,0,25.13,1.47,
0,11.12,48515.83,45.7,6/23/2026 14:07:07,16.5,0,24.42,0.86,
0,11.078,50491.66,45.6,6/23/2026 14:07:20,16.5,0,24.59,1.38,
0,11.142,54612.5,45.4,6/23/2026 14:07:34,16.5,0,24.87,0.89,
0,10.776,54612.5,45.7,6/23/2026 14:07:48,16.5,0,24.69,0.86,
0,11.027,54612.5,45.8,6/23/2026 14:08:02,16.5,0,24.19,1.34,
0,11.145,54612.5,46.2,6/23/2026 14:08:16,16.5,0,24.58,1.24,
0,11.289,54612.5,46.2,6/23/2026 14:08:29,16.5,0,24.49,1.23,
0,11.302,54612.5,47.1,6/23/2026 14:08:43,16.5,0,24.59,1.03,
0,14.454,54612.5,47.6,6/23/2026 14:08:57,16.5,0,24.4,1.07,
0,25.93,33144.16,47.6,6/23/2026 14:09:17,16.5,0,23.88,1.11,
0,25.194,26211.67,47.3,6/23/2026 14:09:30,16.5,0,22.96,1.2,
0,24.797,24796.67,47.1,6/23/2026 14:09:43,16.5,0,23.71,1.14,
0,24.355,54612.5,46.2,6/23/2026 14:09:56,16.5,0,24.6,0.95,
0,24.302,54612.5,46.2,6/23/2026 14:10:14,16.5,0,25.02,1.08,
0,23.77,50638.33,46.5,6/23/2026 14:10:27,16.5,0,24.58,1.16,
0,23.368,54612.5,47,6/23/2026 14:10:40,16.5,0,24.4,1.07,
0,23.242,54612.5,47,6/23/2026 14:10:55,16.5,0,24.58,0.98,
0,22.732,35921.66,47.2,6/23/2026 14:11:08,16.5,0,23.69,1.36,
0,23.014,32230,47.2,6/23/2026 14:11:22,16.5,0,24.29,0.86,
0,23.032,52928.33,47.1,6/23/2026 14:11:35,16.5,0,24.99,1.42,
0,22.199,42865.83,46.1,6/23/2026 14:11:49,16.5,0,24.01,1.13,
0,22.793,33966.66,45.7,6/23/2026 14:12:03,16.5,0,23.91,1.16,
0,22.537,42668.33,45.3,6/23/2026 14:12:17,16.5,0,23.95,0.99,
0,17.635,46220,45.3,6/23/2026 14:12:31,16.5,0,23.78,0.83,
0,13.805,42400.83,45.5,6/23/2026 14:12:45,16.5,0,24.28,1.12,
0,13.469,44961.66,45.7,6/23/2026 14:12:59,16.5,0,24.09,1.32,
0,11.881,51521.66,45.7,6/23/2026 14:13:13,16.5,0,24.6,1.25,
0,11.864,54612.5,45.7,6/23/2026 14:13:27,16.5,0,25.02,1.01,
0,11.81,54612.5,45.7,6/23/2026 14:13:40,16.5,0,24.36,1.46,
0,11.428,54612.5,45.8,6/23/2026 14:13:54,16.5,0,24.76,1.29,
0,12.58,54612.5,46.2,6/23/2026 14:14:07,16.5,0,24.22,1.03,
0,12.429,54612.5,47,6/23/2026 14:14:20,16.5,0,24.64,1.06,
0,12.231,54612.5,47.1,6/23/2026 14:14:34,16.5,0,24.44,1.26,
0,12.247,54612.5,47.6,6/23/2026 14:14:48,16.5,0,24.69,0.91,
0,12.247,54612.5,47.6,6/23/2026 14:15:02,16.5,0,24.66,0.83,
0,12.126,54612.5,48.1,6/23/2026 14:15:16,16.5,0,24.73,1.24,
0,12.171,54612.5,47.7,6/23/2026 14:15:16,16.5,0,24.73,1.24,
0,11.49,54612.5,48.2,6/23/2026 14:15:30,16.5,0,24.2,0.81,
0,12.274,54612.5,48.5,6/23/2026 14:15:44,16.5,0,25.07,1.09,
0,12.222,53992.5,48.7,6/23/2026 14:15:57,16.5,0,23.91,0.97,
0,12.3,50931.66,48.7,6/23/2026 14:16:12,16.5,0,23.81,1.48,
0,12.891,51611.66,48.8,6/23/2026 14:16:26,16.5,0,24.61,0.99,
0,12.914,53198.33,48.8,6/23/2026 14:16:40,16.5,0,24.32,1.23,
0,12.919,54612.5,48.7,6/23/2026 14:16:54,16.5,0,24.4,0.81,
0,12.877,54612.5,48.8,6/23/2026 14:17:07,16.5,0,24.4,0.96,
0,13.173,54612.5,48.7,6/23/2026 14:17:21,16.5,0,24.27,0.94,
0,13.244,54612.5,48.7,6/23/2026 14:17:35,16.5,0,24.25,1.32,
0,13.83,54612.5,48.7,6/23/2026 14:17:49,16.5,0,24.44,1.26,
0,14.104,54612.5,48.7,6/23/2026 14:18:03,16.5,0,24.26,1.07,
0,15.028,54612.5,48.7,6/23/2026 14:18:17,16.5,0,24.12,0.98,
0,14.926,54612.5,48.7,6/23/2026 14:18:31,16.5,0,24.34,1.02,
0,15.468,54612.5,48.7,6/23/2026 14:18:45,16.5,0,24.4,1.05,
0,16.025,54612.5,48.7,6/23/2026 14:18:59,16.5,0,24.36,1.44,
0,16.931,54612.5,48.7,6/23/2026 14:19:13,16.5,0,24.6,1.27,
0,16.752,54612.5,48.7,6/23/2026 14:19:27,16.5,0,24.33,0.88,
0,16.35,54612.5,48.3,6/23/2026 14:19:27,16.5,0,24.33,0.88,
0,16.345,54612.5,48.2,6/23/2026 14:19:41,16.5,0,24.47,0.81,
0,16.494,54612.5,48.1,6/23/2026 14:19:54,16.5,0,24.82,1.17,
0,15.99,54612.5,47.7,6/23/2026 14:20:08,16.5,0,24.1,0.99,
0,15.966,54612.5,48.1,6/23/2026 14:20:23,16.5,0,24.3,1,
0,16.158,54612.5,48.2,6/23/2026 14:20:37,16.5,0,24.7,1.47,
0,16.142,54612.5,48.2,6/23/2026 14:20:37,16.5,0,24.7,1.47,
0,16.416,54612.5,48.3,6/23/2026 14:20:51,16.5,0,24.6,1.03,
0,17.424,54612.5,48.7,6/23/2026 14:21:05,16.5,0,24.67,1.19,
0,16.328,54612.5,49.2,6/23/2026 14:21:21,16.5,0,24.01,0.84,
0,20.404,54612.5,49.8,6/23/2026 14:21:36,16.5,0,23.46,1.2,
0,20.047,21645,50.1,6/23/2026 14:21:49,16.5,0,22.5,0.84,
0,19.688,19560.83,49.8,6/23/2026 14:22:03,16.5,0,22.31,1.4,
0,18.955,19279.17,48.7,6/23/2026 14:22:17,16.5,0,22.27,1,
0,20.747,21046.67,48.5,6/23/2026 14:22:31,16.5,0,23.1,1.22,
0,20.286,23998.33,48.2,6/23/2026 14:22:45,16.5,0,23.22,1.36,
0,16.279,22268.33,47.9,6/23/2026 14:22:59,16.5,0,23.05,1.22,
0,13.948,22033.33,47.5,6/23/2026 14:23:13,16.5,0,22.75,1.37,
0,12.184,54612.5,47,6/23/2026 14:23:27,16.5,0,24.21,1.11,
0,12.184,54612.5,47,6/23/2026 14:23:27,16.5,0,24.21,1.11,
0,14.704,54612.5,46.2,6/23/2026 14:23:41,16.5,0,24.41,1.31,
0,14.499,52616.66,46.4,6/23/2026 14:23:54,16.5,0,24.24,0.93,
0,15.023,54612.5,47.1,6/23/2026 14:24:08,16.5,0,24.44,1.4,
0,12.406,54612.5,47.4,6/23/2026 14:24:22,16.5,0,24.99,1.32,
0,14.125,54612.5,47.5,6/23/2026 14:24:36,16.5,0,25.09,1.34,
0,14.029,54612.5,47.6,6/23/2026 14:24:50,16.5,0,24.79,0.95,
0,13.176,54612.5,48.2,6/23/2026 14:25:17,16.5,0,25.03,1.28,
0,14.112,29187.5,48.7,6/23/2026 14:25:45,16.5,0,22.54,1.19,
0,13.869,19450,48.3,6/23/2026 14:25:58,16.5,0,22.45,1.34,
0,13.328,19465,48.2,6/23/2026 14:26:13,16.5,0,22.69,0.94,
0,13.785,20430,48.1,6/23/2026 14:26:27,16.5,0,22.64,1.01,
0,14.228,50121.66,47.5,6/23/2026 14:26:41,16.5,0,24.82,1.05,
0,14.511,54612.5,47.2,6/23/2026 14:26:55,16.5,0,24.3,1.18,
0,12.899,54612.5,47.7,6/23/2026 14:27:09,16.5,0,24.82,1.44,
0,12.568,54612.5,48.2,6/23/2026 14:27:23,16.5,0,24.98,1.42,
0,13.503,54612.5,48.7,6/23/2026 14:27:38,16.5,0,25.08,1.13,
0,13.583,54612.5,48.8,6/23/2026 14:27:51,16.5,0,25.01,1.25,
0,13.931,54612.5,49.2,6/23/2026 14:28:05,16.5,0,24.34,0.98,
0,13.913,54612.5,49.8,6/23/2026 14:28:19,16.5,0,24.74,0.97,
0,19.473,54612.5,49.8,6/23/2026 14:28:32,16.5,0,24.4,1.09,
0,18.143,54229.16,50.1,6/23/2026 14:28:46,16.5,0,23.99,1.05,
0,18.492,43118.33,50.2,6/23/2026 14:29:00,16.5,0,24.23,1.22,
0,21.346,51201.66,50.1,6/23/2026 14:29:15,16.5,0,24.53,1,
0,14.72,54394.16,50.3,6/23/2026 14:29:28,16.5,0,24.66,1.23,
0,14.93,54612.5,50.3,6/23/2026 14:29:42,16.5,0,24.03,0.96,
0,14.509,51496.66,50.8,6/23/2026 14:29:56,16.5,0,24.57,1.3,
0,18.823,51050,50.9,6/23/2026 14:30:11,16.5,0,24.76,1.35,
0,26.499,54612.5,50.8,6/23/2026 14:30:24,16.5,0,23.75,1.4,
0,24.76,54612.5,51.1,6/23/2026 14:30:38,16.5,0,24.61,1.38,
0,21.665,54612.5,51.1,6/23/2026 14:30:52,16.5,0,24.77,0.92,
0,20.071,54612.5,50.9,6/23/2026 14:31:06,16.5,0,24.07,1.34,
0,19.336,54612.5,50.8,6/23/2026 14:31:19,16.5,0,24.54,1.43,
0,20.445,49715.83,50.8,6/23/2026 14:31:33,16.5,0,24.39,1.03,
0,20.445,49715.83,50.8,6/23/2026 14:31:47,16.5,0,23.81,1.07,
0,20.353,23444.17,50.3,6/23/2026 14:32:00,16.5,0,23.22,1.22,
0,18.914,27023.33,50.3,6/23/2026 14:32:17,16.5,0,23.09,0.84,
0,17.369,25354.17,49.8,6/23/2026 14:32:18,16.5,0,23.09,0.84,
0,17.057,54612.5,49.4,6/23/2026 14:32:34,16.5,0,24.5,1.05,
0,17.734,54612.5,49.2,6/23/2026 14:32:48,16.5,0,24.69,1.43,
0,15.791,54612.5,49.8,6/23/2026 14:33:01,16.5,0,24.15,1.09,
0,15.314,54612.5,50,6/23/2026 14:33:16,16.5,0,24.21,1.01,
0,15.923,54612.5,50.3,6/23/2026 14:33:30,16.5,0,24.17,1.05,
0,17.176,52354.16,50.3,6/23/2026 14:33:43,16.5,0,23.51,1.34,
0,17.556,54612.5,50.3,6/23/2026 14:33:57,16.5,0,24.14,1.35,
0,15.861,54612.5,50.3,6/23/2026 14:34:10,16.5,0,24.49,1.17,
0,14.37,54612.5,50.3,6/23/2026 14:34:24,16.5,0,24.26,1.37,
0,14.74,54612.5,50.3,6/23/2026 14:34:38,16.5,0,24.58,1.29,
0,16.833,54612.5,50.8,6/23/2026 14:34:51,16.5,0,24.08,1.29,
0,16.556,54612.5,50.9,6/23/2026 14:35:04,16.5,0,24.75,1.45,
0,17.714,54612.5,50.8,6/23/2026 14:35:19,16.5,0,24.06,1.24,
0,17.542,54612.5,50.3,6/23/2026 14:35:32,16.5,0,24.01,1.14,
0,11.724,54612.5,50.3,6/23/2026 14:35:45,16.5,0,24.01,1.25,
0,10.858,54612.5,50.3,6/23/2026 14:35:58,16.5,0,24.12,1.04,
0,10.409,54612.5,50.3,6/23/2026 14:36:12,16.5,0,24.74,1.08,
0,10.276,54612.5,50.3,6/23/2026 14:36:26,16.5,0,24.61,1.19,
0,9.452,54612.5,50.3,6/23/2026 14:36:39,16.5,0,24.68,1.35,
0,9.034,54612.5,50.3,6/23/2026 14:36:53,16.5,0,23.94,1.46,
0,9.248,54612.5,50.3,6/23/2026 14:37:06,16.5,0,24.56,0.86,
0,9.464,54612.5,50.3,6/23/2026 14:37:20,16.5,0,24.6,1.45,
0,9.161,54612.5,50.1,6/23/2026 14:37:34,16.5,0,24.57,1.2,
0,9.521,54612.5,50.3,6/23/2026 14:38:05,16.5,0,24.69,1.14,
0,9.521,54612.5,50.3,6/23/2026 14:38:04,16.5,0,24.54,0.89,
0,7.764,54612.5,50.3,6/23/2026 14:38:19,16.5,0,24.44,1.11,
0,7.674,54612.5,50.4,6/23/2026 14:38:33,16.5,0,24.69,1.1,
0,7.674,54612.5,50.8,6/23/2026 14:38:47,16.5,0,24.34,0.93,
0,6.412,54612.5,50.8,6/23/2026 14:39:01,16.5,0,24.71,1.42,
0,7.107,54612.5,50.8,6/23/2026 14:39:15,16.5,0,24.41,1.28,
0,7.132,54612.5,50.8,6/23/2026 14:39:29,16.5,0,24.2,0.95,
0,7.482,54612.5,50.8,6/23/2026 14:39:42,16.5,0,24.3,0.99,
0,7.418,54612.5,51.3,6/23/2026 14:40:10,16.5,0,24.27,1.34,
0,7.495,54612.5,51.3,6/23/2026 14:40:31,16.5,0,23.93,1.29,
0,7.727,54612.5,51.3,6/23/2026 14:40:41,16.5,0,24.41,1.36,
0,7.296,54612.5,51.3,6/23/2026 14:40:54,16.5,0,24.17,1.39,
0,7.269,54612.5,51.3,6/23/2026 14:41:08,16.5,0,24.61,1.1,
0,7.279,54612.5,50.8,6/23/2026 14:41:21,16.5,0,24.64,0.94,
0,7.705,54612.5,50.8,6/23/2026 14:41:35,16.5,0,24.17,1.44,
0,7.546,54612.5,51.3,6/23/2026 14:41:48,16.5,0,24.27,0.9,
0,7.742,54612.5,51.3,6/23/2026 14:42:02,16.5,0,23.91,1.33,
0,7.747,54612.5,51.3,6/23/2026 14:42:16,16.5,0,24.2,0.94,
0,7.333,54612.5,51.8,6/23/2026 14:42:30,16.5,0,24.34,1.45,
0,7.125,54612.5,51.4,6/23/2026 14:42:45,16.5,0,24.23,1.34,
0,7.195,54612.5,51.8,6/23/2026 14:42:59,16.5,0,23.83,1.4,
0,7.184,54612.5,51.6,6/23/2026 14:43:12,16.5,0,24.61,1.43,
0,6.935,54612.5,51.4,6/23/2026 14:43:26,16.5,0,24.67,1.36,
0,7.56,54612.5,51.4,6/23/2026 14:43:40,16.5,0,24.23,1.03,
0,7.545,54612.5,51.8,6/23/2026 14:43:53,16.5,0,23.82,1.03,
0,15.002,54612.5,52.1,6/23/2026 14:44:07,16.5,0,23.8,1.25,
0,10.55,54612.5,52.7,6/23/2026 14:44:21,16.5,0,24.53,1.48,
0,11.085,54612.5,52.7,6/23/2026 14:44:34,16.5,0,23.88,0.89,
0,12.81,54612.5,52.9,6/23/2026 14:44:48,16.5,0,24.06,1.45,
0,12.326,54612.5,53.2,6/23/2026 14:45:02,16.5,0,24.57,1.14,
0,14.049,54612.5,53.2,6/23/2026 14:45:18,16.5,0,24.59,1.08,
0,12.153,54612.5,53.2,6/23/2026 14:45:18,16.5,0,24.59,1.08,
0,12.326,54612.5,53.2,6/23/2026 14:45:32,16.5,0,23.87,0.95,
0,14.034,54612.5,52.8,6/23/2026 14:46:02,16.5,0,23.85,0.97,
0,14.583,54612.5,52.7,6/23/2026 14:46:16,16.5,0,24.36,0.88,
0,14.313,54612.5,52.1,6/23/2026 14:46:30,16.5,0,24.77,1.03,
0,14.663,54612.5,51.4,6/23/2026 14:46:44,16.5,0,23.96,0.94,
0,15.509,54612.5,51.3,6/23/2026 14:46:57,16.5,0,23.98,0.87,
0,14.784,54612.5,50.9,6/23/2026 14:47:11,16.5,0,24.31,1.01,
0,14.795,54612.5,51,6/23/2026 14:47:26,16.5,0,24.46,1.43,
0,14.455,54612.5,51.1,6/23/2026 14:47:39,16.5,0,23.79,1.11,
0,14.996,54612.5,50.9,6/23/2026 14:47:39,16.5,0,23.79,1.11,
0,15.005,54612.5,51,6/23/2026 14:47:56,16.5,0,24.58,1.16,
0,15.265,54612.5,50.3,6/23/2026 14:48:10,16.5,0,23.91,0.81,
0,14.957,44338.33,50.3,6/23/2026 14:48:24,16.5,0,24.09,0.84,
0,14.93,26390,50.3,6/23/2026 14:48:38,16.5,0,22.4,1.13,
0,9.742,15752.5,49.8,6/23/2026 14:48:56,16.5,0,21.94,1.05,
0,9.44,15154.17,49.8,6/23/2026 14:49:08,16.5,0,22.32,1,
0,8.798,15587.5,48.7,6/23/2026 14:49:21,16.5,0,22.57,1.19,
0,8.708,15253.33,48.3,6/23/2026 14:49:34,16.5,0,22.53,1.4,
0,8.507,15002.5,47.9,6/23/2026 14:49:48,16.5,0,22.72,0.92,
0,7.634,15229.17,47.2,6/23/2026 14:50:02,16.5,0,22,1.45,
0,8.029,15408.33,47.1,6/23/2026 14:50:15,16.5,0,22.34,1.42,
0,8.225,16005,46.2,6/23/2026 14:50:29,16.5,0,22.58,1.28,
0,8.225,16005,46.2,6/23/2026 14:50:29,16.5,0,22.58,1.28,
0,7.927,17597.5,46.2,6/23/2026 14:50:42,16.5,0,22.63,1.42,
0,8.052,20002.5,45.7,6/23/2026 14:50:56,16.5,0,23.75,1.42,
0,7.893,47275,45.4,6/23/2026 14:51:10,16.5,0,24.12,1.44,
0,7.689,54612.5,45.7,6/23/2026 14:51:25,16.5,0,24.28,0.9,
0,7.312,54612.5,47,6/23/2026 14:51:40,16.5,0,24.44,1,
0,7.551,54612.5,47.6,6/23/2026 14:51:54,16.5,0,25.18,0.85,
0,7.342,54612.5,48.2,6/23/2026 14:52:07,16.5,0,24.64,1.42,
0,8.145,54612.5,49,6/23/2026 14:52:21,16.5,0,24.65,1.17,
0,8.109,54612.5,49.3,6/23/2026 14:52:34,16.5,0,24.44,1.09,
0,8.02,54612.5,49.8,6/23/2026 14:52:48,16.5,0,24.46,1.13,
0,9.06,54612.5,50.3,6/23/2026 14:53:01,16.5,0,25.11,1.27,
0,9.006,53405,50.3,6/23/2026 14:53:15,16.5,0,24.69,1.14,
0,8.838,48896.66,50.8,6/23/2026 14:53:29,16.5,0,24.93,1.34,
0,9.006,48235.83,50.8,6/23/2026 14:53:43,16.5,0,24.97,1.19,
0,8.881,47563.33,50.9,6/23/2026 14:53:57,16.5,0,24.75,0.95,
0,8.809,41097.5,51.4,6/23/2026 14:54:10,16.5,0,23.93,1.43,
0,9.092,40470.83,51.4,6/23/2026 14:54:24,16.5,0,24.63,1.41,
0,9.691,37529.16,51.8,6/23/2026 14:54:38,16.5,0,24.49,1.29,
0,9.784,36741.66,52.1,6/23/2026 14:54:51,16.5,0,24.28,1.02,
0,9.724,31485,51.6,6/23/2026 14:55:05,16.5,0,24.1,1.18,
0,9.569,30785,51.4,6/23/2026 14:55:18,16.5,0,24.79,1.15,
0,9.625,28455,51.3,6/23/2026 14:55:32,16.5,0,24.82,0.87,
0,9.353,24705.83,51.3,6/23/2026 14:55:46,16.5,0,24.55,1.2,
0,8.813,22410,50.9,6/23/2026 14:55:59,16.5,0,23.91,0.98,
0,8.949,21828.33,50.8,6/23/2026 14:56:13,16.5,0,24.22,0.98,
0,8.898,21006.67,50.3,6/23/2026 14:56:26,16.5,0,23.9,0.9,
0,8.86,19715.83,50.3,6/23/2026 14:56:39,16.5,0,24.01,0.95,
0,8.813,20415.83,50.3,6/23/2026 14:56:53,16.5,0,24.66,1.49,
0,8.815,19140,50.3,6/23/2026 14:57:06,16.5,0,23.75,1.35,
0,8.51,18105,50.3,6/23/2026 14:57:19,16.5,0,24.33,1.37,
0,8.692,18490,49.9,6/23/2026 14:57:37,16.5,0,24.2,1.29,
0,8.671,18545,49.8,6/23/2026 14:57:49,16.5,0,24.11,1.18,
0,8.495,17612.5,49.8,6/23/2026 14:58:02,16.5,0,23.93,0.84,
0,8.502,16827.5,49.9,6/23/2026 14:58:21,16.5,0,24.24,1.3,
0,8.387,17333.33,49.8,6/23/2026 14:58:32,16.5,0,24.85,1.13,
0,8.393,16685.83,49.8,6/23/2026 14:58:45,16.5,0,23.71,0.83,
0,8.537,16226.67,49.8,6/23/2026 14:58:59,16.5,0,23.77,1.06,
0,8.477,16150,49.4,6/23/2026 14:58:59,16.5,0,23.77,1.06,
0,8.49,16554.17,49.2,6/23/2026 14:59:12,16.5,0,24.2,1.44,
0,8.228,16765.83,49.2,6/23/2026 14:59:26,16.5,0,24.09,1.4,
0,8.432,16584.17,49,6/23/2026 14:59:39,16.5,0,24.44,1.3,
0,8.402,15706.67,49.2,6/23/2026 14:59:52,16.5,0,24.13,1.22,
0,8.22,16165,49.2,6/23/2026 15:00:06,16.5,0,24.78,1.39,
0,8.405,15733.33,49.2,6/23/2026 15:00:20,16.5,0,24.2,1.39,
0,8.429,15580.83,49.2,6/23/2026 15:00:36,16.5,0,24.63,0.86,
0,8.3,15361.67,49.8,6/23/2026 15:00:52,16.5,0,24.46,1.48,
0,8.47,15293.33,49.8,6/23/2026 15:01:06,16.5,0,24.63,1.43,
0,8.373,15275.83,50.3,6/23/2026 15:01:19,16.5,0,24.52,1.22,
0,7.996,15338.33,50.8,6/23/2026 15:01:34,16.5,0,24.17,0.8,
0,8.333,15312.5,50.9,6/23/2026 15:01:49,16.5,0,24.6,0.98,
0,8.697,15194.17,51.3,6/23/2026 15:02:02,16.5,0,24.2,1.25,
0,8.289,15157.5,51.3,6/23/2026 15:02:16,16.5,0,24.63,1.47,
0,9.353,15298.33,51.3,6/23/2026 15:02:30,16.5,0,24.01,1.39,
0,9.731,15631.67,51.3,6/23/2026 15:02:43,16.5,0,24.16,1.31,
0,10.403,16049.17,51.3,6/23/2026 15:02:58,16.5,0,24.58,1.46,
0,10.232,15914.17,51.5,6/23/2026 15:03:12,16.5,0,23.98,0.82,
0,10.819,15795.83,51.8,6/23/2026 15:03:25,16.5,0,24.52,1.45,
0,11.625,15909.17,52.1,6/23/2026 15:03:39,16.5,0,24.6,1.28,
0,11.336,15913.33,51.3,6/23/2026 15:03:54,16.5,0,24.6,1.03,
0,10.757,15375.83,51.2,6/23/2026 15:04:07,16.5,0,24.05,1.02,
0,10.928,15146.67,50.9,6/23/2026 15:04:21,16.5,0,24.3,1.35,
0,10.818,15060,50.8,6/23/2026 15:04:35,16.5,0,23.63,1.35,
0,10.935,14960,50.9,6/23/2026 15:04:49,16.5,0,23.85,1.37,
0,10.391,14735.83,50.8,6/23/2026 15:05:03,16.5,0,24.42,1.01,
0,10.786,14636.67,50.8,6/23/2026 15:05:20,16.5,0,24.53,0.93,
0,10.736,14494.17,50.8,6/23/2026 15:05:33,16.5,0,24.73,1.43,
0,10.753,14395.83,50.3,6/23/2026 15:05:47,16.5,0,23.92,1.15,
0,10.855,14158.33,50.8,6/23/2026 15:06:02,16.5,0,24.54,1.23,
0,10.703,14046.67,50.8,6/23/2026 15:06:15,16.5,0,24.41,0.85,
0,10.82,13991.67,50.9,6/23/2026 15:06:28,16.5,0,24.48,0.86,
0,10.793,13857.5,51.3,6/23/2026 15:06:43,16.5,0,24.6,1.04,
0,10.764,13784.17,51.3,6/23/2026 15:06:56,16.5,0,23.85,1.48,
0,2.304,54612.5,51.3,6/23/2026 15:07:10,16.5,0,24.57,1,
0,2.503,54612.5,51.3,6/23/2026 15:07:24,16.5,0,23.7,1.32,
0,2.308,54612.5,51.2,6/23/2026 15:07:38,16.5,0,24.41,0.92,
0,1.385,5423.33,51.3,6/23/2026 15:07:53,16.5,0,24.46,0.93,
0,1.256,5377.5,51.3,6/23/2026 15:08:06,16.5,0,24.38,1.05,
0,1.516,5391.67,51.3,6/23/2026 15:08:19,16.5,0,24.4,1.21,
0,1.458,5551.67,51.4,6/23/2026 15:08:33,16.5,0,23.84,1.14,
0,1.63,5545.83,51.4,6/23/2026 15:08:47,16.5,0,23.95,0.92,
0,1.439,5555,51.8,6/23/2026 15:09:01,16.5,0,24.4,0.91,
0,1.5,5555,51.8,6/23/2026 15:09:15,16.5,0,23.82,1.08,
0,1.461,5496.67,51.8,6/23/2026 15:09:29,16.5,0,24.43,1.07,
0,1.506,5317.5,52.1,6/23/2026 15:09:42,16.5,0,24.3,1.27,
0,1.552,5561.67,52.2,6/23/2026 15:09:56,16.5,0,24.14,1.29,
0,1.593,5572.5,52.2,6/23/2026 15:10:10,16.5,0,23.9,1.42,
0,1.342,5596.67,52.7,6/23/2026 15:10:24,16.5,0,23.91,1.2,
0,1.496,5570,53,6/23/2026 15:10:38,16.5,0,24.4,1.46,
0,1.284,5587.5,53.3,6/23/2026 15:10:52,16.5,0,24.2,1.28,
0,1.09,5571.67,53.8,6/23/2026 15:11:06,16.5,0,24.55,1.24,
0,1.283,5511.67,53.8,6/23/2026 15:11:24,16.5,0,24.11,0.84,
0,1.354,5455.83,53.5,6/23/2026 15:11:37,16.5,0,24.3,1.36,
0,0.982,5032.5,53.2,6/23/2026 15:11:50,16.5,0,24.31,0.81,
0,0.982,5032.5,53.2,6/23/2026 15:11:50,16.5,0,24.31,0.81,
0,1.294,5078.33,53.2,6/23/2026 15:12:05,16.5,0,23.4,1.07,
0,1.378,4300.83,53.2,6/23/2026 15:12:19,16.5,0,24.12,0.94,
0,1.366,5386.67,52.7,6/23/2026 15:12:33,16.5,0,23.22,1.23,
0,1.279,3169.17,52.7,6/23/2026 15:12:47,16.5,0,21.79,1.18,
0,1.363,3005,52.7,6/23/2026 15:13:01,16.5,0,22.69,1.45,
0,1.357,5338.33,51.3,6/23/2026 15:13:16,16.5,0,24.1,1.01,
0,1.374,5290,50.8,6/23/2026 15:13:30,16.5,0,24.43,1.25,
0,1.091,5280,50.8,6/23/2026 15:13:30,16.5,0,24.43,1.25,
0,1.491,3805,50.8,6/23/2026 15:13:46,16.5,0,22.81,1.3,
0,1.362,3543.33,50.8,6/23/2026 15:13:59,16.5,0,22.5,1.36,
0,1.319,3816.67,49.8,6/23/2026 15:14:12,16.5,0,23.6,1,
0,1.556,3424.17,49.8,6/23/2026 15:14:26,16.5,0,24.01,1.18,
0,1.452,5352.5,49.3,6/23/2026 15:14:40,16.5,0,24.4,1.15,
0,1.149,5364.17,49.2,6/23/2026 15:14:53,16.5,0,24.71,0.92,
0,1.512,5345.83,49.2,6/23/2026 15:15:07,16.5,0,24.83,1.17,
0,1.463,5340.83,49.8,6/23/2026 15:15:20,16.5,0,24.84,1.01,
0,1.366,5311.67,50.3,6/23/2026 15:15:36,16.5,0,24.48,0.93,
0,1.266,5364.17,50.3,6/23/2026 15:15:50,16.5,0,24,1.04,
0,1.484,5496.67,50.3,6/23/2026 15:16:05,16.5,0,24.32,0.99,
0,1.591,5577.5,50.3,6/23/2026 15:16:19,16.5,0,24.14,1.45,
0,1.423,5715.83,50.8,6/23/2026 15:16:35,16.5,0,24.46,0.81,
0,1.555,5715.83,50.9,6/23/2026 15:16:49,16.5,0,24.12,0.99,
0,1.371,5289.17,50.9,6/23/2026 15:17:03,16.5,0,23.75,1.1,
0,1.33,3500,50.9,6/23/2026 15:17:17,16.5,0,21.89,0.99,
0,1.439,3504.17,50.8,6/23/2026 15:17:31,16.5,0,22.03,0.86,
0,1.491,3603.33,49.4,6/23/2026 15:17:44,16.5,0,21.73,0.81,
0,1.442,3665.83,49.2,6/23/2026 15:17:58,16.5,0,22.1,0.84,
0,1.193,3811.67,48.4,6/23/2026 15:18:11,16.5,0,22.23,0.82,
0,1.439,3890.83,48.2,6/23/2026 15:18:25,16.5,0,22,1.05,
0,1.322,3953.33,47.6,6/23/2026 15:18:39,16.5,0,22.1,0.94,
0,1.235,5680,47.2,6/23/2026 15:18:53,16.5,0,24.41,1.16,
0,1.294,6560.83,47.1,6/23/2026 15:19:07,16.5,0,24.86,1.02,
0,1.499,6660.83,47.6,6/23/2026 15:19:21,16.5,0,24.41,0.8,
0,1.229,6658.33,48.2,6/23/2026 15:19:35,16.5,0,24.44,1.18,
0,1.439,6596.67,48.5,6/23/2026 15:19:49,16.5,0,24.8,1.24,
0,1.552,5193.33,48.8,6/23/2026 15:20:03,16.5,0,24.3,1.01,
0,1.26,4095,48.9,6/23/2026 15:20:19,16.5,0,22.45,1.44,
0,1.486,4025,48.3,6/23/2026 15:20:33,16.5,0,22.89,1.32,
0,1.441,4025.83,48,6/23/2026 15:20:47,16.5,0,22.83,1.27,
0,1.488,4022.5,47.5,6/23/2026 15:21:02,16.5,0,22.26,0.91,
0,1.239,4015.83,45.7,6/23/2026 15:21:15,16.5,0,22.78,1.47,
0,1.393,4192.5,45.3,6/23/2026 15:21:29,16.5,0,22.74,1.22,
0,1.096,5770,44.9,6/23/2026 15:21:43,16.5,0,24.95,1.38,
0,1.325,6287.5,44.8,6/23/2026 15:21:59,16.5,0,24.79,0.82,
0,1.341,5812.5,45.7,6/23/2026 15:22:13,16.5,0,24.73,1.36,
0,1.494,5492.5,45.7,6/23/2026 15:22:27,16.5,0,24.3,1,
0,1.536,4580.83,45.8,6/23/2026 15:22:41,16.5,0,22.74,1.39,
0,1.451,3711.67,46.2,6/23/2026 15:22:55,16.5,0,22.43,1.18,
0,1.356,3615.83,45.8,6/23/2026 15:23:08,16.5,0,22.57,1.25,
0,1.45,3610.83,45.7,6/23/2026 15:23:22,16.5,0,22.37,1.06,
0,1.369,3576.67,45.4,6/23/2026 15:23:35,16.5,0,22.38,1.22,
0,1.441,3810,45.3,6/23/2026 15:23:49,16.5,0,22.92,1.1,
0,1.493,3546.67,44.9,6/23/2026 15:24:03,16.5,0,23.1,1.27,
0,1.379,3593.33,44.8,6/23/2026 15:24:17,16.5,0,23.02,1.3,
0,1.449,3725,44.8,6/23/2026 15:24:30,16.5,0,24.79,1.37,
0,1.245,5773.33,44.7,6/23/2026 15:24:45,16.5,0,24.79,0.91,
0,1.449,5716.67,44.8,6/23/2026 15:25:00,16.5,0,24.96,0.85,
0,1.433,5720,45.7,6/23/2026 15:25:13,16.5,0,24.66,1.01,
0,1.411,5702.5,46.2,6/23/2026 15:25:27,16.5,0,25.18,1.08,
0,1.467,5667.5,46.4,6/23/2026 15:25:42,16.5,0,25.12,1.28,
0,1.422,5646.67,47.1,6/23/2026 15:25:56,16.5,0,24.6,1.29,
0,1.274,5610.83,47.2,6/23/2026 15:26:10,16.5,0,25.07,0.99,
0,1.439,5548.33,47.6,6/23/2026 15:26:24,16.5,0,25.01,1,
0,1.542,5481.67,47.7,6/23/2026 15:26:37,16.5,0,24.65,1.48,
0,1.455,5421.67,48.2,6/23/2026 15:26:51,16.5,0,25.08,0.94,
0,1.191,5334.17,48.8,6/23/2026 15:27:05,16.5,0,24.79,1.36,
0,1.364,5315,49.2,6/23/2026 15:27:19,16.5,0,24.47,1.08,
0,0.763,5225.83,49.8,6/23/2026 15:27:32,16.5,0,24.18,1.41,
0,1.4,5185.83,49.8,6/23/2026 15:27:46,16.5,0,24.82,1.48,
0,1.575,5200.83,49.8,6/23/2026 15:27:59,16.5,0,24.33,0.87,
0,1.198,5190,50.2,6/23/2026 15:28:13,16.5,0,24.09,1.44,
0,0.706,5210.83,50.3,6/23/2026 15:28:26,16.5,0,24.14,0.86,
0,1.447,5280.83,50.3,6/23/2026 15:28:40,16.5,0,23.02,1.02,
0,1.544,4726.67,50.3,6/23/2026 15:28:55,16.5,0,24.61,1.27,
0,1.393,4955.83,50.3,6/23/2026 15:29:09,16.5,0,24.4,0.99,
0,1.449,5200,49.8,6/23/2026 15:29:22,16.5,0,24.49,1.28,
0,1.44,5889.17,49.8,6/23/2026 15:29:36,16.5,0,25,1.28,
0,1.391,5893.33,49.8,6/23/2026 15:29:49,16.5,0,24.25,1.33,
0,1.114,5867.5,50.3,6/23/2026 15:30:03,16.5,0,24.4,1.45,
0,1.166,5786.67,50.3,6/23/2026 15:30:16,16.5,0,24.76,0.87,
0,1.441,5670,50.3,6/23/2026 15:30:30,16.5,0,24.32,1.4,
0,1.428,5547.5,50.3,6/23/2026 15:30:44,16.5,0,24.68,1.43,
0,1.385,4569.17,49.8,6/23/2026 15:31:11,16.5,0,24.25,1.48,
0,1.328,5386.67,49.2,6/23/2026 15:31:25,16.5,0,24.11,1.2,
0,1.282,5420,49.6,6/23/2026 15:31:41,16.5,0,23.75,1.46,
0,1.47,3249.17,50.1,6/23/2026 15:31:57,16.5,0,22.56,1.34,
0,1.411,3970,49.8,6/23/2026 15:32:13,16.5,0,23.22,1.15,
0,1.44,3847.5,49.8,6/23/2026 15:32:26,16.5,0,24.29,1.36,
0,1.263,5240.83,49.8,6/23/2026 15:32:40,16.5,0,24.91,1.12,
0,1.384,5120,49.8,6/23/2026 15:32:53,16.5,0,24.76,0.94,
0,1.338,2752.5,49.8,6/23/2026 15:33:07,16.5,0,21.89,1.25,
0,1.496,2613.33,49.7,6/23/2026 15:33:21,16.5,0,22.15,1.41,
0,1.152,2482.5,48.7,6/23/2026 15:33:34,16.5,0,22.43,1.18,
0,1.439,2464.17,48.2,6/23/2026 15:33:48,16.5,0,21.68,1.18,
0,1.473,2472.5,47.1,6/23/2026 15:34:03,16.5,0,22.33,1.46,
0,1.311,2514.17,46.2,6/23/2026 15:34:16,16.5,0,22.32,1.4,
0,1.249,2816.67,46.1,6/23/2026 15:34:30,16.5,0,23.28,0.82,
0,1.438,2900.83,45.7,6/23/2026 15:34:43,16.5,0,22.55,1.26,
0,1.321,3056.67,45.7,6/23/2026 15:34:57,16.5,0,23.46,1.14,
0,1.181,3449.17,45.3,6/23/2026 15:35:12,16.5,0,23.75,1.23,
0,1.452,3750.83,45.3,6/23/2026 15:35:12,16.5,0,23.75,1.23,
0,1.325,3169.17,45.7,6/23/2026 15:35:40,16.5,0,24.73,0.81,
0,1.329,4630,45.7,6/23/2026 15:35:54,16.5,0,25.16,1.14,
0,1.316,4750,45.8,6/23/2026 15:36:08,16.5,0,24.65,1.29,
0,1.13,4756.67,47.1,6/23/2026 15:36:35,16.5,0,24.89,1.38,
0,1.46,4755,47.6,6/23/2026 15:36:50,16.5,0,24.39,1.33,
0,1.192,4766.67,48.1,6/23/2026 15:37:04,16.5,0,25.12,1.03,
0,1.446,4770,47.6,6/23/2026 15:37:18,16.5,0,24.85,0.86,
0,1.439,4764.17,47.6,6/23/2026 15:37:32,16.5,0,23.83,1.47,
0,1.357,2578.33,47.1,6/23/2026 15:37:47,16.5,0,22.5,1.13,
0,1.361,2723.33,47,6/23/2026 15:38:01,16.5,0,22.76,1.26,
0,1.505,2835.83,45.7,6/23/2026 15:38:15,16.5,0,23.39,1.31,
0,1.256,4837.5,45.7,6/23/2026 15:38:29,16.5,0,24.8,1.14,
0,1.388,4967.5,45.3,6/23/2026 15:38:49,16.5,0,24.83,1.42,
0,1.426,4970.83,45.7,6/23/2026 15:38:59,16.5,0,24.37,0.94,
0,1.392,5098.33,47.1,6/23/2026 15:39:13,16.5,0,25.03,0.9,
0,1.438,5140.83,47.6,6/23/2026 15:39:26,16.5,0,24.37,1.36,
0,1.279,5212.5,48.1,6/23/2026 15:39:40,16.5,0,24.43,1.31,
0,1.305,5259.17,48.7,6/23/2026 15:39:54,16.5,0,24.61,1.15,
0,1.434,5308.33,48.8,6/23/2026 15:40:08,16.5,0,25.01,1.13,
0,1.653,5295,49.2,6/23/2026 15:40:22,16.5,0,24.95,1.47,
0,1.357,5320.83,49.2,6/23/2026 15:40:36,16.5,0,24.86,1.46,
0,1.553,5361.67,49.3,6/23/2026 15:40:50,16.5,0,24.8,0.89,
0,1.313,5327.5,49.6,6/23/2026 15:41:03,16.5,0,24.92,0.99,
0,1.455,5226.67,49.8,6/23/2026 15:41:17,16.5,0,24.07,0.99,
0,1.293,5339.17,49.8,6/23/2026 15:41:30,16.5,0,24.25,1.24,
0,1.178,5564.17,49.8,6/23/2026 15:41:44,16.5,0,24.22,1.06,
0,1.52,5712.5,49.8,6/23/2026 15:41:58,16.5,0,24.88,1.39,
0,1.444,4391.67,49.8,6/23/2026 15:42:11,16.5,0,24.56,1.44,
0,1.339,6243.33,49.8,6/23/2026 15:42:25,16.5,0,24.6,0.92,
0,1.277,6108.33,49.8,6/23/2026 15:42:39,16.5,0,23.99,1.07,
0,1.433,6139.17,50.3,6/23/2026 15:42:53,16.5,0,24.66,1.36,
0,1.433,6139.17,50.3,6/23/2026 15:42:53,16.5,0,24.66,1.36,
0,1.463,6197.5,50.3,6/23/2026 15:43:06,16.5,0,24.2,1.07,
0,1.452,6116.67,49.8,6/23/2026 15:43:34,16.5,0,25.06,1.17,
0,1.441,6041.67,49.7,6/23/2026 15:43:48,16.5,0,24.36,1.08,
0,1.194,5951.67,49.7,6/23/2026 15:44:01,16.5,0,24.28,1.17,
0,1.387,5144.17,49.8,6/23/2026 15:44:15,16.5,0,24.6,1.08,
0,1.425,5863.33,49.8,6/23/2026 15:44:29,16.5,0,24.3,1.27,
0,1.237,5681.67,49.8,6/23/2026 15:44:44,16.5,0,24.12,1.23,
0,1.433,4488.33,49.7,6/23/2026 15:44:58,16.5,0,24.3,1.01,
0,1.25,4403.33,49.2,6/23/2026 15:45:13,16.5,0,22.45,1.34,
0,1.259,3898.33,48.7,6/23/2026 15:45:27,16.5,0,23.36,0.86,
0,1.456,3865,48.2,6/23/2026 15:45:45,16.5,0,22.83,1.29,
0,1.45,3969.17,47.7,6/23/2026 15:45:58,16.5,0,23.62,1.21,
0,1.314,4120,47.5,6/23/2026 15:46:11,16.5,0,22.62,1.04,
0,1.255,4373.33,46.2,6/23/2026 15:46:26,16.5,0,23.46,1.01,
0,1.467,4525.83,45.7,6/23/2026 15:46:40,16.5,0,23.18,1.27,
0,1.223,5136.67,45.3,6/23/2026 15:46:54,16.5,0,24.49,1.15,
0,1.275,6465.83,45.3,6/23/2026 15:47:07,16.5,0,24.83,0.98,
0,1.536,6414.17,45.3,6/23/2026 15:47:22,16.5,0,24.71,0.83,
0,1.285,5093.33,45.7,6/23/2026 15:47:39,16.5,0,24.14,0.91,
0,1.236,4551.67,46.2,6/23/2026 15:47:53,16.5,0,23.36,1.14,
0,1.508,4788.33,46.2,6/23/2026 15:48:07,16.5,0,24.09,1.09,
0,1.339,6326.67,46.2,6/23/2026 15:48:21,16.5,0,24.41,1.17,
0,1.467,4705.83,46.3,6/23/2026 15:48:34,16.5,0,23.51,1.02,
0,1.34,4753.33,47.1,6/23/2026 15:48:48,16.5,0,23.95,1.09,
0,1.299,3905,47.1,6/23/2026 15:49:02,16.5,0,22.83,1.02,
0,1.687,3789.17,47.1,6/23/2026 15:49:19,16.5,0,22.63,1.34,
0,1.486,3897.5,47,6/23/2026 15:49:33,16.5,0,22.92,0.98,
0,1.385,4465.83,46.2,6/23/2026 15:49:46,16.5,0,24.12,1.46,
0,1.176,5568.33,46.2,6/23/2026 15:50:00,16.5,0,24.88,1.25,
0,1.389,5551.67,46.1,6/23/2026 15:50:14,16.5,0,24.4,1.21,
0,1.452,5546.67,46.2,6/23/2026 15:50:27,16.5,0,24.38,1.18,
0,1.189,5715.83,46.2,6/23/2026 15:50:41,16.5,0,24.98,1.18,
0,1.343,6042.5,47.1,6/23/2026 15:50:55,16.5,0,24.44,0.92,
0,1.189,5993.33,47.1,6/23/2026 15:51:08,16.5,0,24.44,1.22,
0,1.207,5932.5,47.5,6/23/2026 15:51:21,16.5,0,24.63,0.92,
0,1.265,5901.67,47.7,6/23/2026 15:51:35,16.5,0,24.34,1.12,
0,1.38,5441.67,48.2,6/23/2026 15:51:49,16.5,0,24.72,0.91,
0,1.317,4752.5,48.4,6/23/2026 15:52:02,16.5,0,22.84,0.87,
0,1.169,4025.83,48.7,6/23/2026 15:52:03,16.5,0,22.84,0.87,
0,1.33,5118.33,48.5,6/23/2026 15:52:16,16.5,0,24.59,1.49,
0,1.287,6053.33,48.3,6/23/2026 15:52:30,16.5,0,24.36,1.08,
0,1.356,6111.67,48.7,6/23/2026 15:52:45,16.5,0,24.24,1.44,
0,1.28,6245.83,48.8,6/23/2026 15:52:59,16.5,0,24.28,1.46,
0,1.328,6382.5,49.2,6/23/2026 15:53:12,16.5,0,24.87,0.91,
0,1.393,6491.67,49.8,6/23/2026 15:53:26,16.5,0,24.79,1,
0,1.283,6559.17,50,6/23/2026 15:53:40,16.5,0,24.32,1.01,
0,1.04,6628.33,50.8,6/23/2026 15:53:54,16.5,0,24.46,1.48,
0,1.051,4325,51.2,6/23/2026 15:54:07,16.5,0,22.24,0.96,
0,1.051,4325,51.2,6/23/2026 15:54:21,16.5,0,22.23,1.35,
0,1.321,4111.67,50.7,6/23/2026 15:54:34,16.5,0,22.7,1.21,
0,1.244,4028.33,50.1,6/23/2026 15:54:48,16.5,0,22.63,1.38,
0,1.415,3934.17,49.6,6/23/2026 15:55:02,16.5,0,22.32,1.16,
0,1.399,3729.17,48.7,6/23/2026 15:55:16,16.5,0,22.82,1.09,
0,1.181,3622.5,48.2,6/23/2026 15:55:29,16.5,0,22.91,1.17,
0,1.365,3526.67,47.7,6/23/2026 15:55:44,16.5,0,22.5,1.17,
0,1.408,3466.67,47.2,6/23/2026 15:55:44,16.5,0,22.5,1.17,
0,1.4,3397.5,47,6/23/2026 15:55:58,16.5,0,22.91,1.26,
0,1.303,3332.5,46.2,6/23/2026 15:56:12,16.5,0,22.59,0.98,
0,1.523,3515.83,45.7,6/23/2026 15:56:25,16.5,0,22.99,1.18,
0,1.48,3573.33,45.7,6/23/2026 15:56:39,16.5,0,23.35,1.26,
0,1.49,4180.83,45.3,6/23/2026 15:56:53,16.5,0,24.4,1.39,
0,1.345,5373.33,45.7,6/23/2026 15:57:07,16.5,0,24.72,1.29,
0,1.459,4881.67,45.7,6/23/2026 15:57:21,16.5,0,24.68,0.96,
0,1.342,5055,47.1,6/23/2026 15:57:34,16.5,0,24.36,1.27,
0,1.219,5430,47.6,6/23/2026 15:57:48,16.5,0,24.42,0.86,
0,1.444,5566.67,47.6,6/23/2026 15:58:02,16.5,0,23.79,1.43,
0,1.547,5680,48.7,6/23/2026 15:58:30,16.5,0,24.6,0.88,
0,1.154,5535,48.7,6/23/2026 15:58:43,16.5,0,24.93,1.34,
0,1.452,5745.83,49.2,6/23/2026 15:58:57,16.5,0,24.91,0.85,
0,1.514,5997.5,49.4,6/23/2026 15:59:11,16.5,0,24.23,1,
0,0.659,5578.33,50,6/23/2026 15:59:25,16.5,0,24.2,1.46,
0,1.286,6409.17,50.2,6/23/2026 15:59:39,16.5,0,24.79,1.1,
0,1.535,6128.33,50,6/23/2026 15:59:55,16.5,0,24.14,1.49,
0,1.353,6248.33,50.3,6/23/2026 16:00:10,16.5,0,24.49,1.36,
0,1.338,6252.5,50.3,6/23/2026 16:00:25,16.5,0,24.02,1.23,
0,1.709,6191.67,50.3,6/23/2026 16:00:40,16.5,0,24.99,1.13,
0,1.524,6453.33,50.3,6/23/2026 16:00:54,16.5,0,24.7,1.41,
0,1.396,6336.67,50.3,6/23/2026 16:00:55,16.5,0,24.7,1.41,
0,1.429,5751.67,50.3,6/23/2026 16:01:08,16.5,0,23.71,0.98,
0,1.509,5745.83,50.3,6/23/2026 16:01:22,16.5,0,24.5,0.96,
0,1.527,6197.5,50.2,6/23/2026 16:01:36,16.5,0,24.53,0.97,
0,1.211,6183.33,49.8,6/23/2026 16:01:51,16.5,0,23.69,1.01,
0,1.435,5953.33,49.8,6/23/2026 16:02:04,16.5,0,23.88,1.34,
0,1.435,5953.33,49.8,6/23/2026 16:02:04,16.5,0,23.88,1.34,
0,1.551,5613.33,49.8,6/23/2026 16:02:19,16.5,0,24.3,1.33,
0,1.494,5542.5,49.8,6/23/2026 16:02:36,16.5,0,24.04,1.09,
0,1.352,5435,49.8,6/23/2026 16:02:50,16.5,0,23.61,0.83,
0,1.57,4935.83,49.8,6/23/2026 16:03:04,16.5,0,23.21,1.35,
0,1.472,5009.17,49.8,6/23/2026 16:03:04,16.5,0,23.21,1.35,
0,1.267,4662.5,49.5,6/23/2026 16:03:18,16.5,0,23.51,1.02,
0,1.475,5014.17,49.2,6/23/2026 16:03:32,16.5,0,23.9,1.38,
0,1.478,5034.17,48.6,6/23/2026 16:03:46,16.5,0,23.91,0.96,
0,1.282,4387.5,48.2,6/23/2026 16:04:00,16.5,0,22.73,1.07,
0,1.313,4264.17,48.2,6/23/2026 16:04:14,16.5,0,23.13,1.42,
0,1.425,4067.5,47.5,6/23/2026 16:04:27,16.5,0,23.16,0.94,
0,1.561,3990,47.1,6/23/2026 16:04:41,16.5,0,22.8,1.15,
0,1.505,3928.33,46.2,6/23/2026 16:04:55,16.5,0,23.03,0.86,
0,1.438,3870,46.2,6/23/2026 16:05:09,16.5,0,23.02,0.88,
0,1.428,3812.5,45.9,6/23/2026 16:05:24,16.5,0,22.83,1.38,
0,1.399,3768.33,45.7,6/23/2026 16:05:37,16.5,0,23.18,1,
0,1.443,3990.83,45.7,6/23/2026 16:05:51,16.5,0,24.01,0.86,
0,1.42,3884.17,45.3,6/23/2026 16:06:05,16.5,0,23.33,0.95,
0,1.558,3987.5,45.3,6/23/2026 16:06:19,16.5,0,23.91,0.87,
0,1.581,3675.83,45.3,6/23/2026 16:06:33,16.5,0,23.44,0.82,
0,1.385,3633.33,45.3,6/23/2026 16:06:47,16.5,0,23.91,1,
0,1.325,3657.5,45.3,6/23/2026 16:07:00,16.5,0,23.69,0.94,
0,1.462,3708.33,45.3,6/23/2026 16:07:14,16.5,0,23.33,1.06,
0,1.431,3558.33,45.4,6/23/2026 16:07:14,16.5,0,23.33,1.06,
0,1.569,3663.33,45.4,6/23/2026 16:07:28,16.5,0,23.43,1.15,
0,1.313,3572.5,45.4,6/23/2026 16:07:41,16.5,0,23,0.98,
0,1.6,3361.67,45.3,6/23/2026 16:07:56,16.5,0,23.12,1.31,
0,1.386,3216.67,45.3,6/23/2026 16:08:09,16.5,0,22.98,0.81,
0,1.251,3500.83,45.3,6/23/2026 16:08:23,16.5,0,23.77,1.25,
0,1.543,3373.33,44.9,6/23/2026 16:08:37,16.5,0,22.99,1.35,
0,1.376,3449.17,44.8,6/23/2026 16:08:52,16.5,0,23.07,0.93,
0,1.245,3595.83,44.8,6/23/2026 16:09:05,16.5,0,23.46,1.07,
0,1.245,3595.83,44.8,6/23/2026 16:09:19,16.5,0,22.91,1.19,
0,1.452,3688.33,44.4,6/23/2026 16:09:32,16.5,0,22.83,1.36,
0,1.605,3845.83,44,6/23/2026 16:09:46,16.5,0,23.77,1.39,
0,1.498,4045,43.9,6/23/2026 16:09:59,16.5,0,23.42,0.82,
0,1.616,3866.67,43.9,6/23/2026 16:10:13,16.5,0,24.31,1.18,
0,1.216,5119.17,43.9,6/23/2026 16:10:27,16.5,0,24.73,0.87,
0,1.476,5661.67,43.9,6/23/2026 16:10:41,16.5,0,24.85,1.15,
0,1.434,5569.17,44.5,6/23/2026 16:10:59,16.5,0,24.69,1.41,
0,1.434,5569.17,44.5,6/23/2026 16:11:12,16.5,0,24.91,1.24,
0,1.402,5385.83,45.7,6/23/2026 16:11:26,16.5,0,24.66,1.45,
0,1.406,5051.67,46.2,6/23/2026 16:11:39,16.5,0,24.92,0.84,
0,1.203,5457.5,47.2,6/23/2026 16:11:56,16.5,0,24.98,1.31,
0,0.985,5579.17,47.7,6/23/2026 16:12:11,16.5,0,24.55,1.26,
0,1.227,5470,47.9,6/23/2026 16:12:25,16.5,0,24.38,0.86,
0,1.383,5541.67,48.2,6/23/2026 16:12:41,16.5,0,24.77,1.24,
0,1.265,5074.17,48.7,6/23/2026 16:12:56,16.5,0,23.91,1.07,
0,1.327,5166.67,48.7,6/23/2026 16:13:09,16.5,0,24.75,0.88,
0,1.39,4925.83,48.8,6/23/2026 16:13:31,16.5,0,24.36,1.34,
0,1.355,4784.17,48.8,6/23/2026 16:13:40,16.5,0,24.28,0.83,
0,1.207,5040,48.7,6/23/2026 16:13:53,16.5,0,24.17,1.31,
0,1.403,4794.17,48.7,6/23/2026 16:14:07,16.5,0,24.12,0.95,
0,1.264,4619.17,48.3,6/23/2026 16:14:21,16.5,0,23.34,1.31,
0,1.349,4755,48.2,6/23/2026 16:14:34,16.5,0,23.99,1.46,
0,1.268,4812.5,48.1,6/23/2026 16:14:47,16.5,0,23.99,1.22,
0,1.397,4644.17,48.1,6/23/2026 16:15:01,16.5,0,24.17,0.95,
0,1.398,5285,48.1,6/23/2026 16:15:15,16.5,0,24.12,1.25,
0,1.103,5156.67,48,6/23/2026 16:15:29,16.5,0,23.91,1.2,
0,1.253,4863.33,48,6/23/2026 16:15:43,16.5,0,24.21,1.22,
0,1.402,5087.5,47.6,6/23/2026 16:16:01,16.5,0,24.17,1.15,
0,1.459,5502.5,47.6,6/23/2026 16:16:14,16.5,0,24.09,0.97,
0,1.357,5250,47.6,6/23/2026 16:16:29,16.5,0,23.81,0.94,
0,1.447,5985.83,47.7,6/23/2026 16:16:42,16.5,0,23.94,1.02,
0,1.291,5049.17,48.2,6/23/2026 16:16:56,16.5,0,23.83,1.04,
0,1.379,5460.83,48.2,6/23/2026 16:17:10,16.5,0,24.49,0.9,
0,1.456,5335,48.2,6/23/2026 16:17:24,16.5,0,24.41,1.48,
0,1.353,4790,48.2,6/23/2026 16:17:39,16.5,0,24.07,1.36,
0,1.205,5218.33,48.3,6/23/2026 16:17:52,16.5,0,23.65,1.24,
0,1.313,4500,48.6,6/23/2026 16:18:07,16.5,0,23.77,1.12,
0,1.514,4562.5,48.2,6/23/2026 16:18:21,16.5,0,24.33,0.97,
0,1.338,5087.5,47.7,6/23/2026 16:18:35,16.5,0,24.12,1.27,
0,1.484,4852.5,47.7,6/23/2026 16:18:49,16.5,0,24.38,1.37,
0,1.443,5069.17,47.7,6/23/2026 16:19:03,16.5,0,24.15,1.32,
0,1.157,4350,47.6,6/23/2026 16:19:17,16.5,0,23.79,0.9,
0,1.34,4659.17,47.7,6/23/2026 16:19:32,16.5,0,24.04,1.14,
0,1.147,4487.5,47.7,6/23/2026 16:19:46,16.5,0,23.74,1.24,
0,1.302,4585.83,47.6,6/23/2026 16:20:00,16.5,0,23.82,1.44,
0,1.465,4300.83,47.6,6/23/2026 16:20:13,16.5,0,23.46,1.47,
0,1.289,4624.17,47.6,6/23/2026 16:20:27,16.5,0,24.05,0.82,
0,1.241,4304.17,47.6,6/23/2026 16:20:41,16.5,0,23.37,1.47,
0,1.376,4079.17,47.6,6/23/2026 16:20:54,16.5,0,23.08,1.4,
0,1.37,4237.5,47.6,6/23/2026 16:21:08,16.5,0,23.9,1.1,
0,1.229,4087.5,47.6,6/23/2026 16:21:23,16.5,0,23.51,1.03,
0,1.31,4350.83,47.1,6/23/2026 16:21:39,16.5,0,24.26,0.87,
0,1.394,4532.5,47.1,6/23/2026 16:21:54,16.5,0,23.75,1.19,
0,1.098,4450.83,47.1,6/23/2026 16:22:08,16.5,0,23.73,1.2,
0,1.4,4762.5,47.2,6/23/2026 16:22:22,16.5,0,24.3,1.14,
0,1.541,5037.5,47.4,6/23/2026 16:22:36,16.5,0,24.53,0.81,
0,1.541,5037.5,47.4,6/23/2026 16:22:36,16.5,0,24.53,0.81,
0,1.389,5295.83,47.5,6/23/2026 16:22:50,16.5,0,24.8,1.29,
0,1.336,4795,47.2,6/23/2026 16:23:04,16.5,0,24.93,1.47,
0,1.422,4047.5,47.2,6/23/2026 16:23:18,16.5,0,23.75,1.13,
0,1.334,3253.33,47.4,6/23/2026 16:23:32,16.5,0,22.99,1.11,
0,1.392,3468.33,47.1,6/23/2026 16:23:47,16.5,0,23.5,0.99,
0,1.613,3340.83,46.3,6/23/2026 16:24:01,16.5,0,23.14,1.28,
0,1.613,3340.83,46.3,6/23/2026 16:24:15,16.5,0,23.18,1.41,
0,1.386,2994.17,46.2,6/23/2026 16:24:29,16.5,0,23.42,1.33,
0,1.388,2938.33,46.2,6/23/2026 16:24:42,16.5,0,22.82,1.25,
0,1.133,3274.17,45.7,6/23/2026 16:24:57,16.5,0,23.72,1.28,
0,1.401,3170.83,45.3,6/23/2026 16:25:11,16.5,0,23.02,0.87,
0,1.359,3005,45.3,6/23/2026 16:25:25,16.5,0,23.03,0.9,
0,1.114,3214.17,44.8,6/23/2026 16:25:39,16.5,0,24.07,1.08,
0,1.517,3798.33,44.8,6/23/2026 16:25:53,16.5,0,23.81,1.26,
0,1.396,3461.67,44.8,6/23/2026 16:26:07,16.5,0,24.1,0.96,
0,1.49,3449.17,44.8,6/23/2026 16:26:21,16.5,0,23.69,0.94,
0,1.301,3460.83,44.8,6/23/2026 16:26:35,16.5,0,23.91,1.13,
0,1.438,3497.5,44.8,6/23/2026 16:26:49,16.5,0,23.23,1.49,
0,1.437,3255.83,44.8,6/23/2026 16:26:49,16.5,0,23.23,1.49,
0,1.34,3276.67,44.7,6/23/2026 16:27:03,16.5,0,23.38,0.93,
0,1.429,3627.5,44.4,6/23/2026 16:27:16,16.5,0,23.5,1.18,
0,1.354,3334.17,44.4,6/23/2026 16:27:30,16.5,0,23.69,1.07,
0,1.478,3193.33,44.4,6/23/2026 16:27:44,16.5,0,24.23,1.26,
0,1.146,3744.17,44.7,6/23/2026 16:27:58,16.5,0,24.26,1.02,
0,1.262,3783.33,44.8,6/23/2026 16:28:13,16.5,0,24.46,0.92,
0,1.368,4099.17,44.8,6/23/2026 16:28:26,16.5,0,24.76,1.09,
0,1.148,3767.5,45.2,6/23/2026 16:28:42,16.5,0,23.9,1.05,
0,1.336,2878.33,45.4,6/23/2026 16:28:56,16.5,0,23.81,1.48,
0,1.336,2878.33,45.4,6/23/2026 16:28:56,16.5,0,23.81,1.48,
0,1.399,2755.83,45.6,6/23/2026 16:29:10,16.5,0,23.8,1.19,
0,1.585,3055,45.3,6/23/2026 16:29:23,16.5,0,24.03,1.07,
0,1.221,2868.33,44.8,6/23/2026 16:29:41,16.5,0,23.87,1.3,
0,1.236,3003.33,44.9,6/23/2026 16:29:54,16.5,0,24.01,0.9,
0,1.444,2214.17,44.8,6/23/2026 16:30:08,16.5,0,22.47,1.27,
0,1.436,2118.33,44.8,6/23/2026 16:30:22,16.5,0,21.86,1.01,
0,1.124,2100,44.8,6/23/2026 16:30:36,16.5,0,23.05,0.97,
0,1.378,2465.83,44.7,6/23/2026 16:30:36,16.5,0,23.05,0.97,
0,1.596,2758.33,44.4,6/23/2026 16:30:51,16.5,0,23.94,1.03,
0,1.517,3261.67,44.4,6/23/2026 16:31:04,16.5,0,23.71,0.88,
0,1.285,3406.67,44,6/23/2026 16:31:19,16.5,0,23.42,1.31,
0,1.21,3906.67,44,6/23/2026 16:31:34,16.5,0,24.78,0.98,
0,1.412,3965.83,44,6/23/2026 16:31:48,16.5,0,24.07,1.35,
0,1.302,4263.33,44.4,6/23/2026 16:32:01,16.5,0,24.4,1.45,
0,1.128,4253.33,44.4,6/23/2026 16:32:15,16.5,0,24.3,1.49,
0,1.273,4053.33,44.4,6/23/2026 16:32:29,16.5,0,24.2,1.46,
0,1.437,4082.5,45.3,6/23/2026 16:32:42,16.5,0,24.02,1.02,
0,1.329,4079.17,45.3,6/23/2026 16:32:56,16.5,0,24.33,0.97,
0,1.313,3720.83,45.3,6/23/2026 16:32:56,16.5,0,24.33,0.97,
0,1.411,3764.17,45.6,6/23/2026 16:33:11,16.5,0,24.2,1.44,
0,1.373,3718.33,45.7,6/23/2026 16:33:25,16.5,0,23.91,0.92,
0,1.431,4258.33,45.7,6/23/2026 16:33:39,16.5,0,23.99,1.37,
0,1.448,4236.67,45.7,6/23/2026 16:33:53,16.5,0,24.12,1.07,
0,1.398,2360,46.2,6/23/2026 16:34:07,16.5,0,21.94,1.13,
0,1.278,2373.33,45.7,6/23/2026 16:34:23,16.5,0,22.06,0.99,
0,1.292,2410,45.3,6/23/2026 16:34:37,16.5,0,22,1.02,
0,1.237,2429.17,45.3,6/23/2026 16:34:51,16.5,0,22.5,1.24,
0,1.359,2465,44.9,6/23/2026 16:35:05,16.5,0,22.24,1.11,
0,1.396,2552.5,44.5,6/23/2026 16:35:19,16.5,0,22.48,1.16,
0,1.356,2592.5,44.4,6/23/2026 16:35:32,16.5,0,22.28,1.33,
0,1.376,3088.33,43.9,6/23/2026 16:35:47,16.5,0,23.65,0.99,
0,1.267,3502.5,43.9,6/23/2026 16:36:01,16.5,0,24.21,0.85,
0,1.372,3871.67,43.9,6/23/2026 16:36:14,16.5,0,24.31,1.34,
0,1.386,3480.83,44,6/23/2026 16:36:28,16.5,0,24.33,1.19,
0,1.222,3932.5,44.4,6/23/2026 16:36:41,16.5,0,24.6,1.1,
0,1.539,4222.5,44.4,6/23/2026 16:36:55,16.5,0,25,0.95,
0,1.435,4226.67,44.8,6/23/2026 16:37:08,16.5,0,24.12,1.43,
0,1.256,4159.17,45.3,6/23/2026 16:37:22,16.5,0,23.95,1.21,
0,1.226,4024.17,45.3,6/23/2026 16:37:37,16.5,0,24.17,1.41,
0,1.226,4024.17,45.3,6/23/2026 16:37:37,16.5,0,24.17,1.41,
0,1.36,3975.83,45.7,6/23/2026 16:37:50,16.5,0,24.59,1.49,
0,1.331,3962.5,45.7,6/23/2026 16:38:04,16.5,0,24.76,1.45,
0,1.292,3955.83,46.2,6/23/2026 16:38:18,16.5,0,24.07,1.47,
0,1.096,3934.17,46.2,6/23/2026 16:38:32,16.5,0,23.96,1.35,
0,1.467,3915.83,46.5,6/23/2026 16:38:45,16.5,0,24.66,1.27,
0,1.382,3861.67,47.1,6/23/2026 16:38:59,16.5,0,24.12,0.85,
0,1.228,3856.67,47.1,6/23/2026 16:39:14,16.5,0,24.63,0.96,
0,1.375,3872.5,47.1,6/23/2026 16:39:28,16.5,0,24.69,1.17,
0,1.405,3788.33,47.1,6/23/2026 16:39:42,16.5,0,24.34,0.99,
0,1.317,3820.83,47.1,6/23/2026 16:39:55,16.5,0,23.45,1.39,
0,1.392,3789.17,46.2,6/23/2026 16:40:09,16.5,0,23.83,0.89,
0,1.392,3789.17,46.2,6/23/2026 16:40:23,16.5,0,24.4,1.25,
0,1.164,3730,46.2,6/23/2026 16:40:38,16.5,0,24.48,1.09,
0,1.297,3743.33,46.2,6/23/2026 16:40:52,16.5,0,24.32,1.1,
0,1.298,3840,46.2,6/23/2026 16:41:06,16.5,0,24.5,1.25,
0,1.328,3900.83,47.1,6/23/2026 16:41:19,16.5,0,23.91,0.99,
0,1.348,3921.67,47.1,6/23/2026 16:41:33,16.5,0,24.52,1.28,
0,1.284,3943.33,46.3,6/23/2026 16:41:46,16.5,0,24.1,1.47,
0,1.345,3960,46.2,6/23/2026 16:42:00,16.5,0,24.68,0.9,
0,1.35,3951.67,46.2,6/23/2026 16:42:15,16.5,0,24.53,1.38,
0,1.426,3934.17,47.1,6/23/2026 16:42:29,16.5,0,24.61,1.34,
0,1.081,3935,47.1,6/23/2026 16:42:43,16.5,0,24.27,1.09,
0,1.296,3922.5,47.1,6/23/2026 16:42:57,16.5,0,24.53,1.4,
0,1.453,3902.5,47.2,6/23/2026 16:43:11,16.5,0,24.6,1.26,
0,1.105,3884.17,47.6,6/23/2026 16:43:25,16.5,0,24.04,0.97,
0,1.415,3854.17,47.6,6/23/2026 16:43:41,16.5,0,23.93,1.23,
0,1.426,3815.83,47.6,6/23/2026 16:43:54,16.5,0,24.54,0.88,
0,1.067,3748.33,47.6,6/23/2026 16:44:08,16.5,0,23.99,1.33,
0,1.067,3748.33,47.6,6/23/2026 16:44:22,16.5,0,23.77,1.04,
0,1.264,3724.17,47.1,6/23/2026 16:44:35,16.5,0,24.03,1.2,
0,1.217,3695,47.2,6/23/2026 16:44:49,16.5,0,24.53,1.14,
0,1.3,3680.83,47.5,6/23/2026 16:45:03,16.5,0,24.39,1.13,
0,1.464,3660,47.5,6/23/2026 16:45:18,16.5,0,23.71,0.94,
0,1.393,3649.17,47.5,6/23/2026 16:45:18,16.5,0,23.71,0.94,
0,1.041,3637.5,47.5,6/23/2026 16:45:32,16.5,0,23.82,1.2,
0,1.423,3636.67,47.5,6/23/2026 16:45:46,16.5,0,23.72,1.13,
0,1.367,3634.17,47.5,6/23/2026 16:46:00,16.5,0,23.71,0.85,
0,1.089,3647.5,47.6,6/23/2026 16:46:13,16.5,0,24.34,1.1,
0,1.293,3645,47.6,6/23/2026 16:46:27,16.5,0,24,0.99,
0,1.487,3642.5,47.7,6/23/2026 16:46:28,16.5,0,24,0.99,
0,0.393,3647.5,47.7,6/23/2026 16:46:42,16.5,0,23.66,1.08,
0,0.478,3656.67,47.9,6/23/2026 16:46:55,16.5,0,24.28,0.84,
0,0.356,3680,48.1,6/23/2026 16:47:09,16.5,0,23.6,1.11,
0,1.128,3682.5,47.9,6/23/2026 16:47:22,16.5,0,24.32,0.88,
0,1.314,3677.5,47.6,6/23/2026 16:47:36,16.5,0,24.18,0.87,
0,1.218,3688.33,47.6,6/23/2026 16:47:50,16.5,0,23.69,1.32,
0,1.155,3708.33,47.6,6/23/2026 16:48:03,16.5,0,24.48,1.37,
0,1.378,3736.67,47.7,6/23/2026 16:48:17,16.5,0,24.3,0.94,
0,1.367,3775.83,48.1,6/23/2026 16:48:31,16.5,0,23.73,1.36,
0,1.129,3786.67,48.2,6/23/2026 16:48:44,16.5,0,23.74,1.43,
0,1.322,3769.17,47.7,6/23/2026 16:48:58,16.5,0,23.98,0.92,
0,1.45,3773.33,47.7,6/23/2026 16:49:11,16.5,0,24.2,0.8,
0,1.242,3790,47.9,6/23/2026 16:49:25,16.5,0,23.99,0.89,
0,1.262,3821.67,47.6,6/23/2026 16:49:38,16.5,0,24.21,1.42,
0,1.447,3825,47.6,6/23/2026 16:49:54,16.5,0,24.32,1.3,
0,1.359,3815,47.7,6/23/2026 16:50:08,16.5,0,24.48,0.89,
0,1.206,3814.17,47.9,6/23/2026 16:50:23,16.5,0,24.17,1.08,
0,1.107,3814.17,48.2,6/23/2026 16:50:38,16.5,0,23.88,0.89,
0,1.348,3825,48.2,6/23/2026 16:50:52,16.5,0,23.85,0.92,
0,1.389,3821.67,48.2,6/23/2026 16:51:05,16.5,0,23.91,1.19,
0,1.469,3803.33,48.2,6/23/2026 16:51:19,16.5,0,24.42,0.88,
0,1.182,3824.17,48.2,6/23/2026 16:51:32,16.5,0,23.77,0.97,
0,1.394,3830,47.7,6/23/2026 16:51:47,16.5,0,23.75,1.48,
0,1.422,3830.83,47.5,6/23/2026 16:52:00,16.5,0,23.69,1.39,
0,1.288,3857.5,47.2,6/23/2026 16:52:14,16.5,0,24.32,1.14,
0,1.264,3855,47.2,6/23/2026 16:52:27,16.5,0,24.33,1.21,
0,1.396,3845,47.6,6/23/2026 16:52:41,16.5,0,23.72,0.89,
0,1.475,3824.17,47.6,6/23/2026 16:52:53,16.5,0,23.83,1.16,
0,1.256,3815,47.6,6/23/2026 16:53:07,16.5,0,23.75,1.08,
0,1.383,3763.33,47.6,6/23/2026 16:53:20,16.5,0,23.66,1.22,
0,1.417,3733.33,47.2,6/23/2026 16:53:34,16.5,0,24.07,1.4,
0,1.212,3723.33,47.1,6/23/2026 16:53:47,16.5,0,24.19,1.43,
0,1.458,3748.33,47.1,6/23/2026 16:54:00,16.5,0,24.38,0.97,
0,1.492,3763.33,47.1,6/23/2026 16:54:16,16.5,0,23.91,1,
0,1.125,3801.67,47.5,6/23/2026 16:54:30,16.5,0,23.99,0.89,
0,1.412,3816.67,47.6,6/23/2026 16:54:44,16.5,0,24.35,1.05,
0,1.501,3830.83,47.6,6/23/2026 16:54:57,16.5,0,24.3,1.28,
0,1.343,3835.83,47.6,6/23/2026 16:54:57,16.5,0,24.3,1.28,
0,1.04,3830,47.6,6/23/2026 16:55:11,16.5,0,23.83,1.33,
0,1.426,3817.5,47.6,6/23/2026 16:55:25,16.5,0,24.18,1.07,
0,1.54,3769.17,47.6,6/23/2026 16:55:38,16.5,0,23.81,1.43,
0,1.54,3769.17,47.6,6/23/2026 16:55:38,16.5,0,23.81,1.43,
0,1.184,3744.17,47.6,6/23/2026 16:55:52,16.5,0,23.74,1.49,
0,1.265,3718.33,47.6,6/23/2026 16:56:05,16.5,0,24.2,0.88,
0,1.576,3707.5,47.6,6/23/2026 16:56:18,16.5,0,23.91,1,
0,1.326,3681.67,47.5,6/23/2026 16:56:19,16.5,0,23.91,1,
0,1.551,3680,47.1,6/23/2026 16:56:32,16.5,0,24.18,0.93,
0,1.238,3659.17,47.1,6/23/2026 16:56:45,16.5,0,23.97,1.39,
0,1.493,3650,47,6/23/2026 16:56:59,16.5,0,23.67,0.92,
0,1.348,3634.17,47,6/23/2026 16:57:13,16.5,0,24.13,0.87,
0,1.389,3616.67,47.1,6/23/2026 16:57:26,16.5,0,23.72,0.99,
0,1.477,3570,47.1,6/23/2026 16:57:40,16.5,0,23.6,1.25,
0,1.477,3570,47.1,6/23/2026 16:57:53,16.5,0,23.51,1.34,
0,1.432,3502.5,47.2,6/23/2026 16:58:07,16.5,0,23.94,1.21,
0,1.361,3447.5,47.1,6/23/2026 16:58:19,16.5,0,23.48,1.14,
0,1.396,3450,46.2,6/23/2026 16:58:34,16.5,0,23.51,1.41,
0,1.462,3446.67,46.2,6/23/2026 16:58:47,16.5,0,24.21,1.41,
0,1.243,3475,46.2,6/23/2026 16:59:00,16.5,0,23.42,1.24,
0,1.343,3467.5,46.2,6/23/2026 16:59:13,16.5,0,24.3,1.18,
0,1.386,3463.33,46.2,6/23/2026 16:59:27,16.5,0,23.5,1.1,
0,1.169,3428.33,46.2,6/23/2026 16:59:41,16.5,0,24.2,0.95,
0,1.093,3414.17,46.2,6/23/2026 16:59:55,16.5,0,24.11,0.81,
0,1.535,3396.67,46.5,6/23/2026 17:00:08,16.5,0,23.88,1.15,
0,1.415,3396.67,47.1,6/23/2026 17:00:22,16.5,0,23.16,1.42,
0,1.206,3389.17,47.1,6/23/2026 17:00:36,16.5,0,23.77,1.42,
0,1.417,3416.67,47.1,6/23/2026 17:00:50,16.5,0,23.83,1.21,
0,1.521,3430.83,47.1,6/23/2026 17:01:04,16.5,0,23.81,0.97,
0,1.144,3433.33,47.2,6/23/2026 17:01:18,16.5,0,23.97,0.99,
0,1.278,3446.67,47.5,6/23/2026 17:01:32,16.5,0,23.6,1.21,
0,1.347,3444.17,47.5,6/23/2026 17:01:46,16.5,0,23.51,0.83,
0,1.2,3427.5,47.1,6/23/2026 17:01:59,16.5,0,24.2,1.26,
0,1.367,3404.17,47.1,6/23/2026 17:02:15,16.5,0,24.3,0.92,
0,1.265,3409.17,47.1,6/23/2026 17:02:30,16.5,0,23.87,1.08,
0,1.24,3415,47,6/23/2026 17:02:44,16.5,0,23.61,1.43,
0,1.334,3405,46.2,6/23/2026 17:02:58,16.5,0,23.28,1.4,
0,1.332,3375,45.7,6/23/2026 17:03:11,16.5,0,23.91,1.22,
0,1.026,3360,45.3,6/23/2026 17:03:25,16.5,0,23.91,1.18,
0,1.371,3370.83,45.2,6/23/2026 17:03:39,16.5,0,24.01,0.92,
0,1.302,3368.33,44.9,6/23/2026 17:03:54,16.5,0,23.83,1.01,
0,1.603,3358.33,44.9,6/23/2026 17:04:08,16.5,0,23.47,1.45,
0,1.256,3338.33,45.3,6/23/2026 17:04:21,16.5,0,23.45,0.99,
0,1.526,3365.83,45.3,6/23/2026 17:04:35,16.5,0,23.65,1.27,
0,1.342,3379.17,45.7,6/23/2026 17:04:48,16.5,0,24.11,1.28,
0,1.412,3375,45.7,6/23/2026 17:05:01,16.5,0,24.01,1.25,
0,1.175,3381.67,46.2,6/23/2026 17:05:15,16.5,0,24.26,1.31,
0,1.288,3366.67,46.2,6/23/2026 17:05:29,16.5,0,23.75,0.8,
0,1.539,3365,46.2,6/23/2026 17:05:42,16.5,0,23.81,1.29,
0,1.288,3360,46.2,6/23/2026 17:05:58,16.5,0,23.61,1.43,
0,1.354,3342.5,47.1,6/23/2026 17:06:12,16.5,0,23.78,1.06,
0,1.399,3340,47.1,6/23/2026 17:06:26,16.5,0,23.82,1.42,
0,1.378,3337.5,47.1,6/23/2026 17:06:39,16.5,0,24.28,1.22,
0,1.333,3335,47.1,6/23/2026 17:06:53,16.5,0,24.16,1.21,
0,1.439,3330,47.2,6/23/2026 17:07:06,16.5,0,23.82,1.43,
0,1.391,3314.17,47.2,6/23/2026 17:07:22,16.5,0,24.13,1.48,
0,1.422,3309.17,47.2,6/23/2026 17:07:36,16.5,0,23.81,0.83,
0,1.42,3291.67,47.2,6/23/2026 17:07:49,16.5,0,24.12,0.81,
0,1.192,3243.33,47.2,6/23/2026 17:07:49,16.5,0,24.12,0.81,
0,1.433,3267.5,47.1,6/23/2026 17:08:03,16.5,0,24.01,1.29,
0,1.401,3254.17,47.1,6/23/2026 17:08:16,16.5,0,23.8,1.12,
0,1.495,3256.67,47.1,6/23/2026 17:08:29,16.5,0,23.72,1.04,
0,1.46,3278.33,47.1,6/23/2026 17:08:30,16.5,0,23.72,1.04,
0,1.122,3292.5,47.1,6/23/2026 17:08:44,16.5,0,23.42,1.37,
0,1.304,3292.5,47.1,6/23/2026 17:08:58,16.5,0,24.23,1.48,
0,1.27,3281.67,46.2,6/23/2026 17:09:11,16.5,0,23.44,0.83,
0,1.305,3252.5,46.2,6/23/2026 17:09:24,16.5,0,23.28,1.05,
0,1.247,3230,45.7,6/23/2026 17:09:37,16.5,0,23.48,0.98,
0,1.354,3200.83,45.3,6/23/2026 17:09:51,16.5,0,24.21,1.09,
0,1.488,3193.33,44.9,6/23/2026 17:10:04,16.5,0,23.72,0.94,
0,1.452,3206.67,44.8,6/23/2026 17:10:18,16.5,0,24.25,0.92,
0,1.459,3210,44.4,6/23/2026 17:10:31,16.5,0,23.61,1.13,
0,1.471,3196.67,44.4,6/23/2026 17:10:46,16.5,0,23.92,0.98,
0,1.37,3191.67,44.4,6/23/2026 17:11:00,16.5,0,23.81,0.96,
0,1.364,3195,44.4,6/23/2026 17:11:15,16.5,0,23.49,0.94,
0,1.404,3190.83,44.4,6/23/2026 17:11:29,16.5,0,23.6,1.49,
0,1.355,3215.83,44.4,6/23/2026 17:11:43,16.5,0,23.83,1.24,
0,1.186,3223.33,44.8,6/23/2026 17:12:10,16.5,0,24.02,1.16,
0,1.336,3225,44.8,6/23/2026 17:12:24,16.5,0,24.02,0.81,
0,1.429,3219.17,45.2,6/23/2026 17:12:38,16.5,0,23.69,0.9,
0,1.432,3201.67,45.3,6/23/2026 17:12:52,16.5,0,23.51,1.05,
0,1.214,3204.17,45.3,6/23/2026 17:13:05,16.5,0,23.86,1.11,
0,1.439,3218.33,44.9,6/23/2026 17:13:19,16.5,0,24.22,1.03,
0,1.447,3204.17,44.8,6/23/2026 17:13:33,16.5,0,23.26,1.05,
0,1.299,3203.33,44.8,6/23/2026 17:13:47,16.5,0,24.03,1.24,
0,1.493,3218.33,45.2,6/23/2026 17:14:01,16.5,0,24.33,1,
0,1.321,3219.17,45.3,6/23/2026 17:14:15,16.5,0,23.36,1.28,
0,1.371,3212.5,45.3,6/23/2026 17:14:29,16.5,0,23.68,1.12,
0,1.33,3198.33,45.3,6/23/2026 17:14:44,16.5,0,23.35,1.07,
0,1.51,3195.83,45.3,6/23/2026 17:14:57,16.5,0,23.36,1.06,
0,1.171,3203.33,45.3,6/23/2026 17:15:11,16.5,0,23.33,1.19,
0,1.351,3195,45.3,6/23/2026 17:15:25,16.5,0,24.15,1.42,
0,1.318,3185.83,45.3,6/23/2026 17:15:39,16.5,0,23.94,1.15,
0,1.117,3183.33,44.9,6/23/2026 17:15:53,16.5,0,23.47,1.39,
0,1.217,3189.17,44.9,6/23/2026 17:16:06,16.5,0,23.96,1.02,
0,1.34,3186.67,45.3,6/23/2026 17:16:20,16.5,0,23.68,1.37,
0,1.364,3191.67,45.3,6/23/2026 17:16:34,16.5,0,24.09,1.1,
0,1.342,3189.17,45.3,6/23/2026 17:16:47,16.5,0,23.39,1.01,
0,1.442,3194.17,45.3,6/23/2026 17:17:00,16.5,0,23.26,0.97,
0,1.428,3192.5,45.3,6/23/2026 17:17:14,16.5,0,23.31,1.2,
0,1.419,3193.33,45.3,6/23/2026 17:17:29,16.5,0,24.12,1.22,
0,1.185,3179.17,45.3,6/23/2026 17:17:42,16.5,0,23.51,1.31,
0,1.349,3169.17,45.3,6/23/2026 17:17:56,16.5,0,23.91,1.24,
0,1.458,3165,45.3,6/23/2026 17:18:09,16.5,0,23.51,1.37,
0,1.11,3161.67,45.3,6/23/2026 17:18:23,16.5,0,23.25,1.38,
0,1.492,3161.67,45.3,6/23/2026 17:18:37,16.5,0,23.34,0.97,
0,1.427,3150.83,45.3,6/23/2026 17:18:51,16.5,0,23.22,1.48,
0,1.427,3150.83,45.3,6/23/2026 17:19:05,16.5,0,23.98,0.89,
0,1.318,3103.33,45.3,6/23/2026 17:19:19,16.5,0,23.78,1.41,
0,1.496,3086.67,45.3,6/23/2026 17:19:33,16.5,0,23.29,1.33,
0,1.437,3091.67,45.3,6/23/2026 17:19:46,16.5,0,23.98,1.35,
0,1.42,3115.83,45.7,6/23/2026 17:20:00,16.5,0,23.95,1.46,
0,1.357,3123.33,45.7,6/23/2026 17:20:00,16.5,0,23.95,1.46,
0,1.329,3130.83,45.3,6/23/2026 17:20:14,16.5,0,23.28,1.1,
0,1.534,3125,44.8,6/23/2026 17:20:31,16.5,0,24.04,0.99,
0,1.09,3125,44.8,6/23/2026 17:20:44,16.5,0,23.83,1.21,
0,1.546,3114.17,44.8,6/23/2026 17:20:59,16.5,0,23.85,1.11,
0,1.352,3097.5,44.7,6/23/2026 17:21:13,16.5,0,23.94,1.1,
0,1.202,3109.17,44.4,6/23/2026 17:21:28,16.5,0,23.95,1.08,
0,1.364,3096.67,44.4,6/23/2026 17:21:42,16.5,0,23.61,0.96,
0,1.418,3095.83,44.4,6/23/2026 17:21:56,16.5,0,23.96,1.04,
0,1.429,3084.17,44.4,6/23/2026 17:22:11,16.5,0,23.46,1.11,
0,1.364,3076.67,44.4,6/23/2026 17:22:11,16.5,0,23.46,1.11,
0,1.545,3080,44.4,6/23/2026 17:22:24,16.5,0,23.82,1.18,
0,1.498,3080,44.4,6/23/2026 17:22:38,16.5,0,23.71,1.04,
0,1.163,3050,44.4,6/23/2026 17:22:52,16.5,0,23.85,1.4,
0,1.523,3051.67,44.4,6/23/2026 17:23:05,16.5,0,23.85,1.41,
0,1.453,3050.83,44.4,6/23/2026 17:23:19,16.5,0,23.51,1.31,
0,1.198,3045.83,44.4,6/23/2026 17:23:32,16.5,0,23.19,0.88,
0,1.366,3070,44.4,6/23/2026 17:23:46,16.5,0,23.89,1.31,
0,1.319,3094.17,44.4,6/23/2026 17:24:00,16.5,0,23.22,0.96,
0,1.284,3092.5,44.4,6/23/2026 17:24:13,16.5,0,23.23,1.08,
0,1.317,3096.67,44.4,6/23/2026 17:24:27,16.5,0,23.91,1.15,
0,1.323,3091.67,44.4,6/23/2026 17:24:40,16.5,0,23.99,1.01,
0,1.293,3092.5,44.3,6/23/2026 17:24:40,16.5,0,23.99,1.01,
0,1.242,3075,44,6/23/2026 17:24:53,16.5,0,23.48,1.01,
0,1.189,3035.83,43.9,6/23/2026 17:25:06,16.5,0,23.42,0.87,
0,1.464,3011.67,43.9,6/23/2026 17:25:19,16.5,0,23.91,1.35,
0,1.109,3030,43.5,6/23/2026 17:25:33,16.5,0,23.91,1.15,
0,1.431,3030.83,43.4,6/23/2026 17:25:46,16.5,0,23.67,1.32,
0,1.579,3016.67,43.4,6/23/2026 17:26:00,16.5,0,23.24,1.47,
0,1.274,3014.17,43.5,6/23/2026 17:26:13,16.5,0,23.2,1.33,
0,1.349,3010.83,43.5,6/23/2026 17:26:27,16.5,0,23.31,1.09,
0,1.58,2990.83,43.9,6/23/2026 17:26:44,16.5,0,23.48,0.92,
0,1.616,2980.83,43.9,6/23/2026 17:26:57,16.5,0,23.28,1.41,
0,1.397,2970.83,44.4,6/23/2026 17:27:14,16.5,0,23.12,1.48,
0,1.475,2951.67,44.4,6/23/2026 17:27:31,16.5,0,23.84,1.12,
0,1.196,2953.33,44.4,6/23/2026 17:27:45,16.5,0,23.14,1.37,
0,1.54,2948.33,44,6/23/2026 17:27:59,16.5,0,23.09,1.36,
0,1.333,2931.67,43.9,6/23/2026 17:28:16,16.5,0,23.81,1.03,
0,1.459,2948.33,43.9,6/23/2026 17:28:32,16.5,0,23.02,0.88,
0,1.441,2959.17,43.9,6/23/2026 17:28:47,16.5,0,23.13,0.93,
0,1.081,2965,43.9,6/23/2026 17:29:01,16.5,0,23.16,0.98,
0,1.38,2963.33,43.9,6/23/2026 17:29:16,16.5,0,23.66,1.26,
0,1.377,2975,43.9,6/23/2026 17:29:30,16.5,0,23.81,1.06,
0,1.239,2984.17,43.9,6/23/2026 17:29:44,16.5,0,23.12,1.13,
0,1.485,2993.33,43.9,6/23/2026 17:29:58,16.5,0,23.18,1.44,
0,1.466,2988.33,43.9,6/23/2026 17:30:11,16.5,0,23.77,0.93,
0,1.354,2977.5,43.5,6/23/2026 17:30:25,16.5,0,23.23,1.48,
0,1.311,2970.83,43.5,6/23/2026 17:30:39,16.5,0,23.08,0.8,
0,1.324,2956.67,43.5,6/23/2026 17:30:52,16.5,0,23.16,0.84,
0,1.182,2965,43.5,6/23/2026 17:31:06,16.5,0,23.68,0.83,
0,1.474,2959.17,43.5,6/23/2026 17:31:19,16.5,0,23.51,1.03,
0,1.376,2943.33,43.9,6/23/2026 17:31:35,16.5,0,23.78,0.89,
0,1.277,2926.67,43.9,6/23/2026 17:31:49,16.5,0,23.46,1.16,
0,1.323,2919.17,43.6,6/23/2026 17:32:02,16.5,0,23.05,1.05,
0,1.42,2910.83,43.5,6/23/2026 17:32:17,16.5,0,23.72,1.19,
0,1.45,2904.17,43.5,6/23/2026 17:32:33,16.5,0,22.87,1.18,
0,1.305,2905,43.6,6/23/2026 17:32:47,16.5,0,23.26,1.38,
0,1.468,2900,43.9,6/23/2026 17:33:04,16.5,0,23.31,1.09,
0,1.23,2892.5,43.9,6/23/2026 17:33:21,16.5,0,23.18,0.86,
0,1.357,2890,43.9,6/23/2026 17:33:36,16.5,0,23.14,1.12,
0,1.387,2866.67,43.8,6/23/2026 17:33:53,16.5,0,23.04,1.32,
0,1.144,2845,43.5,6/23/2026 17:34:09,16.5,0,23.5,0.88,
0,1.411,2830.83,43.5,6/23/2026 17:34:25,16.5,0,23.79,1,
0,1.185,2815.83,43.8,6/23/2026 17:34:41,16.5,0,23.02,1.38,
0,1.125,2800,43.9,6/23/2026 17:34:59,16.5,0,23.68,0.94,
0,1.274,2792.5,43.9,6/23/2026 17:35:14,16.5,0,23.16,1.33,
0,1.316,2790,43.9,6/23/2026 17:35:31,16.5,0,23.23,1.11,
0,1.423,2793.33,43.8,6/23/2026 17:35:48,16.5,0,23.19,1.37,
0,1.443,2775.83,43.5,6/23/2026 17:36:04,16.5,0,22.87,1.15,
0,1.232,2798.33,43.5,6/23/2026 17:36:21,16.5,0,23.41,1.25,
0,1.441,2780,43.6,6/23/2026 17:36:37,16.5,0,23.15,1.46,
0,1.468,2753.33,43.5,6/23/2026 17:36:53,16.5,0,23.32,1.1,
0,1.247,2773.33,43.5,6/23/2026 17:37:10,16.5,0,23.2,1.37,
0,1.436,2736.67,43.5,6/23/2026 17:37:23,16.5,0,22.99,0.84,
0,1.278,2722.5,43.5,6/23/2026 17:37:40,16.5,0,23.12,0.93,
0,1.145,2723.33,43.4,6/23/2026 17:37:56,16.5,0,23.08,1.1,
0,1.361,2725,43,6/23/2026 17:38:12,16.5,0,23.22,1.42,
0,1.509,2751.67,43,6/23/2026 17:38:29,16.5,0,22.99,1.36,
0,1.405,2730,43,6/23/2026 17:38:42,16.5,0,23.23,0.81,
0,1.382,2710.83,43,6/23/2026 17:38:59,16.5,0,23.42,0.96,
0,1.528,2724.17,43.1,6/23/2026 17:39:15,16.5,0,23.16,1.12,
0,1.292,2725.83,43.1,6/23/2026 17:39:28,16.5,0,22.85,1.1,
0,1.512,2752.5,43,6/23/2026 17:39:45,16.5,0,23.02,1.17,
0,1.36,2738.33,43,6/23/2026 17:39:58,16.5,0,23.01,0.83,
0,1.47,2762.5,43,6/23/2026 17:40:15,16.5,0,23.4,1.11,
0,1.473,2780,43,6/23/2026 17:40:29,16.5,0,23.5,1.31,
0,1.599,2784.17,43,6/23/2026 17:40:42,16.5,0,22.93,1.42,
0,1.131,2781.67,43,6/23/2026 17:40:55,16.5,0,23.6,1.2,
0,1.426,2767.5,43,6/23/2026 17:41:09,16.5,0,23.12,1.01,
0,1.458,2747.5,43,6/23/2026 17:41:26,16.5,0,23.41,0.8,
0,1.479,2743.33,43,6/23/2026 17:41:39,16.5,0,23.02,1.35,
0,1.125,2746.67,43,6/23/2026 17:41:56,16.5,0,22.9,0.83,
0,1.393,2746.67,43,6/23/2026 17:42:13,16.5,0,22.86,1.04,
0,1.257,2745,43,6/23/2026 17:42:26,16.5,0,22.77,1.39,
0,1.193,2740,43,6/23/2026 17:42:39,16.5,0,22.71,1.04,
0,1.438,2746.67,43.4,6/23/2026 17:42:56,16.5,0,23.36,0.95,
0,1.185,2746.67,43.4,6/23/2026 17:43:09,16.5,0,22.81,0.83,
0,1.272,2757.5,43,6/23/2026 17:43:25,16.5,0,22.91,1.28,
0,1.352,2752.5,43,6/23/2026 17:43:39,16.5,0,22.85,1.08,
0,1.407,2755.83,43,6/23/2026 17:43:52,16.5,0,23.14,1.27,
0,1.199,2723.33,43,6/23/2026 17:44:06,16.5,0,23.1,1.17,
0,0.547,2700.83,43,6/23/2026 17:44:23,16.5,0,22.43,1.32,
0,1.409,2703.33,43,6/23/2026 17:44:36,16.5,0,22.12,1.44,
0,1.138,2705,43.1,6/23/2026 17:44:51,16.5,0,22.34,1.3,
0,1.394,2693.33,43.1,6/23/2026 17:45:06,16.5,0,21.5,1.46,
0,1.33,2696.67,43.1,6/23/2026 17:45:21,16.5,0,21.35,1.2,
0,1.196,2697.5,43.2,6/23/2026 17:45:38,16.5,0,21.28,1.29,
0,1.258,2689.17,43.5,6/23/2026 17:45:54,16.5,0,21.03,0.87,
0,1.054,2679.17,43.5,6/23/2026 17:46:11,16.5,0,20.76,1.39,
0,0.709,2634.17,43,6/23/2026 17:46:26,16.5,0,20.67,1.03,
0,1.582,2592.5,42.9,6/23/2026 17:46:44,16.5,0,20.61,1.19,
0,1.373,2580,42.5,6/23/2026 17:47:00,16.5,0,20.55,1.3,
0,1.394,2553.33,42.5,6/23/2026 17:47:14,16.5,0,20.61,1.01,
0,1.603,2530.83,42,6/23/2026 17:47:28,16.5,0,20.55,1.17,
0,1.577,2510,42,6/23/2026 17:47:41,16.5,0,20.45,1.3,
0,1.484,2435.83,41.6,6/23/2026 17:47:55,16.5,0,20.27,1.32,
0,1.545,2344.17,41.5,6/23/2026 17:48:08,16.5,0,20.47,1.06,
0,1.524,2290,41.1,6/23/2026 17:48:22,16.5,0,20.47,0.91,
0,1.366,2327.5,40.6,6/23/2026 17:48:36,16.5,0,20.48,1.06,
0,1.629,2340.83,40.6,6/23/2026 17:48:50,16.5,0,20.36,1.27,
0,1.581,2432.5,40.6,6/23/2026 17:49:03,16.5,0,20.02,1.19,
0,1.472,2432.5,40.2,6/23/2026 17:49:17,16.5,0,20,0.93,
0,1.535,2405.83,40.1,6/23/2026 17:49:32,16.5,0,19.93,1.26,
0,1.607,2398.33,39.6,6/23/2026 17:49:45,16.5,0,20.51,1.24,
0,1.361,2405,39.5,6/23/2026 17:49:58,16.5,0,20.2,0.99,
0,1.567,2411.67,39.5,6/23/2026 17:50:12,16.5,0,20.44,0.85,
0,1.542,2404.17,39.1,6/23/2026 17:50:25,16.5,0,19.98,1.02,
0,1.239,2400,39,6/23/2026 17:50:38,16.5,0,20.36,1.34,
0,1.613,2393.33,38.5,6/23/2026 17:50:52,16.5,0,20.08,1.11,
0,1.293,2398.33,39,6/23/2026 17:50:52,16.5,0,20.08,1.11,
0,1.526,2394.17,38.5,6/23/2026 17:51:06,16.5,0,20.46,0.93,
0,1.608,2387.5,38.5,6/23/2026 17:51:19,16.5,0,19.9,1.45,
0,1.574,2383.33,38,6/23/2026 17:51:33,16.5,0,20.26,1.43,
0,1.632,2382.5,38,6/23/2026 17:51:46,16.5,0,20.87,1.02,
0,1.459,2364.17,38,6/23/2026 17:51:59,16.5,0,20.36,0.99,
0,1.442,2365.83,38,6/23/2026 17:52:13,16.5,0,20.14,1.1,
0,1.578,2367.5,38,6/23/2026 17:52:27,16.5,0,20.51,0.94,
0,1.86,2360.83,37.5,6/23/2026 17:52:44,16.5,0,20.47,1.25,
0,1.86,2360.83,37.5,6/23/2026 17:52:44,16.5,0,20.47,1.25,
0,1.431,2343.33,37.5,6/23/2026 17:52:57,16.5,0,20.28,0.89,
0,1.721,2319.17,37.5,6/23/2026 17:53:11,16.5,0,19.98,1.02,
0,1.717,2294.17,37.5,6/23/2026 17:53:24,16.5,0,20.02,1.27,
0,1.57,2265,37.5,6/23/2026 17:53:38,16.5,0,20,1.3,
0,1.849,2260,37.5,6/23/2026 17:53:52,16.5,0,20.87,1.09,
0,1.881,2256.67,37.5,6/23/2026 17:53:52,16.5,0,20.87,1.09,
0,1.783,2272.5,37.4,6/23/2026 17:54:06,16.5,0,19.42,1.39,
0,1.598,2265.83,37.4,6/23/2026 17:54:20,16.5,0,19.84,1.07,
0,1.825,2242.5,37.5,6/23/2026 17:54:33,16.5,0,20.19,0.94,
0,1.559,2249.17,37.4,6/23/2026 17:54:46,16.5,0,20.68,1.04,
0,1.708,2260,37.4,6/23/2026 17:55:00,16.5,0,20.12,0.99,
0,1.73,2214.17,37.4,6/23/2026 17:55:14,16.5,0,20.19,1.13,
0,1.774,2195,37.4,6/23/2026 17:55:28,16.5,0,20.17,1.17,
0,1.726,2187.5,37.4,6/23/2026 17:55:42,16.5,0,19.68,0.86,
0,1.567,2190.83,37.4,6/23/2026 17:55:55,16.5,0,20.08,1.23,
0,1.723,2179.17,37.4,6/23/2026 17:56:08,16.5,0,20.3,1.24,
0,1.697,2161.67,37.4,6/23/2026 17:56:22,16.5,0,20.48,0.87,
0,1.675,2143.33,36.9,6/23/2026 17:56:36,16.5,0,19.59,1.49,
0,1.6,2125,36.9,6/23/2026 17:56:50,16.5,0,19.66,1.05,
0,1.669,2112.5,36.9,6/23/2026 17:57:04,16.5,0,19.88,1.27,
0,1.638,2114.17,36.9,6/23/2026 17:57:18,16.5,0,19.52,0.85,
0,1.597,2111.67,36.9,6/23/2026 17:57:31,16.5,0,19.73,1.22,
0,1.71,2090.83,36.4,6/23/2026 17:57:58,16.5,0,19.8,1.39,
0,1.562,2074.17,36.3,6/23/2026 17:58:11,16.5,0,19.79,1.37,
0,1.67,2056.67,36.3,6/23/2026 17:58:24,16.5,0,20.08,1.08,
0,1.781,2043.33,36.3,6/23/2026 17:58:38,16.5,0,19.44,1.04,
0,1.706,2029.17,35.7,6/23/2026 17:58:52,16.5,0,19.79,1.31,
0,1.672,2031.67,35.7,6/23/2026 17:59:06,16.5,0,19.53,1.26,
0,1.682,2016.67,35.7,6/23/2026 17:59:20,16.5,0,19.68,1.25,
0,1.823,1998.33,36.3,6/23/2026 17:59:33,16.5,0,20.51,1.34,
0,1.572,1991.67,36.3,6/23/2026 17:59:46,16.5,0,20.2,1.24,
0,1.734,1989.17,36.3,6/23/2026 18:00:00,16.5,0,19.57,0.91,
0,1.653,1980.83,36,6/23/2026 18:00:13,16.5,0,19.43,0.87,
0,1.768,1970,36.3,6/23/2026 18:00:13,16.5,0,19.43,0.87,
0,1.57,1966.67,35.9,6/23/2026 18:00:26,16.5,0,19.32,0.85,
0,1.424,1960,35.6,6/23/2026 18:00:40,16.5,0,19.31,0.88,
0,1.763,1955.83,35.6,6/23/2026 18:00:54,16.5,0,19.28,0.89,
0,1.818,1938.33,35.6,6/23/2026 18:01:08,16.5,0,20.32,1.22,
0,1.508,1920.83,35.6,6/23/2026 18:01:21,16.5,0,19.8,1.33,
0,1.649,1898.33,35.6,6/23/2026 18:01:35,16.5,0,19.51,1.1,
0,1.696,1885.83,35.6,6/23/2026 18:01:49,16.5,0,19.66,1.02,
0,1.778,1861.67,35.6,6/23/2026 18:02:02,16.5,0,18.96,0.87,
0,1.572,1820,35.6,6/23/2026 18:02:16,16.5,0,19.55,1.35,
0,1.768,1805.83,35.6,6/23/2026 18:02:29,16.5,0,19.58,0.83,
0,1.649,1795,35.6,6/23/2026 18:02:43,16.5,0,19.11,1.46,
0,1.544,1773.33,35.6,6/23/2026 18:02:56,16.5,0,19.17,1.06,
0,1.386,1757.5,35.6,6/23/2026 18:03:09,16.5,0,19.39,0.86,
0,1.824,1734.17,35.6,6/23/2026 18:03:23,16.5,0,19.19,1.36,
0,1.682,1724.17,35.6,6/23/2026 18:03:37,16.5,0,19.58,1.32,
0,1.521,1721.67,35.6,6/23/2026 18:03:51,16.5,0,19.26,1.3,
0,1.664,1710,35.6,6/23/2026 18:04:04,16.5,0,19.06,1.19,
0,1.627,1702.5,35.6,6/23/2026 18:04:18,16.5,0,18.99,1.32,
0,1.702,1695,35.6,6/23/2026 18:04:32,16.5,0,19.37,1.43,
0,1.712,1666.67,35.6,6/23/2026 18:04:46,16.5,0,18.83,1.03,
0,1.663,1658.33,35.6,6/23/2026 18:05:00,16.5,0,19.23,1.12,
0,1.622,1633.33,35.6,6/23/2026 18:05:13,16.5,0,19.21,0.91,
0,1.622,1633.33,35.6,6/23/2026 18:05:13,16.5,0,19.21,0.91,
0,1.622,1633.33,35.6,6/23/2026 18:05:27,16.5,0,18.89,1.03,
0,1.759,1610.83,35.6,6/23/2026 18:05:41,16.5,0,18.69,0.9,
0,1.766,1592.5,35.2,6/23/2026 18:05:55,16.5,0,19.98,1.29,
0,1.76,1580,35.2,6/23/2026 18:06:09,16.5,0,19.28,0.82,
0,1.611,1565,35.2,6/23/2026 18:06:23,16.5,0,18.83,1.28,
0,1.719,1544.17,35.2,6/23/2026 18:06:37,16.5,0,18.71,1.04,
0,1.668,1532.5,35.2,6/23/2026 18:06:51,16.5,0,18.6,0.88,
0,1.44,1507.5,35.2,6/23/2026 18:07:05,16.5,0,18.64,1.46,
0,1.684,1495.83,35.2,6/23/2026 18:07:18,16.5,0,19.09,1.32,
0,1.642,1485,35.2,6/23/2026 18:07:32,16.5,0,18.48,0.95,
0,1.673,1460.83,34.7,6/23/2026 18:07:46,16.5,0,18.78,1.05,
0,1.351,1449.17,34.7,6/23/2026 18:08:02,16.5,0,18.9,1.01,
0,1.708,1420,34.7,6/23/2026 18:08:15,16.5,0,18.63,0.92,
0,1.761,1404.17,34.7,6/23/2026 18:08:29,16.5,0,18.2,1.47,
0,1.665,1387.5,34.7,6/23/2026 18:08:43,16.5,0,19.39,1.47,
0,1.74,1362.5,34.7,6/23/2026 18:08:56,16.5,0,18.5,1.31,
0,1.713,1347.5,34.7,6/23/2026 18:09:10,16.5,0,18.21,1.2,
0,1.761,1332.5,34.7,6/23/2026 18:09:24,16.5,0,18.31,1.46,
0,1.678,1314.17,34.7,6/23/2026 18:09:24,16.5,0,18.31,1.46,
0,1.594,1295.83,34.7,6/23/2026 18:09:37,16.5,0,18.11,1.36,
0,1.662,1280.83,34.7,6/23/2026 18:09:51,16.5,0,17.81,0.93,
0,1.757,1262.5,34.7,6/23/2026 18:10:04,16.5,0,18.54,1.36,
0,1.758,1249.17,34.7,6/23/2026 18:10:18,16.5,0,18.01,1.34,
0,1.532,1232.5,34.7,6/23/2026 18:10:32,16.5,0,18.83,0.92,
0,1.713,1205.83,34.7,6/23/2026 18:10:46,16.5,0,19.19,1.23,
0,1.814,1194.17,34.7,6/23/2026 18:10:59,16.5,0,17.88,1.21,
0,1.748,1173.33,34.7,6/23/2026 18:11:14,16.5,0,17.9,0.83,
0,1.702,1162.5,34.7,6/23/2026 18:11:28,16.5,0,17.76,0.93,
0,1.74,1147.5,34.7,6/23/2026 18:11:42,16.5,0,17.48,0.81,
0,1.598,1117.5,34.7,6/23/2026 18:11:56,16.5,0,17.73,1.31,
0,1.791,1100,34.7,6/23/2026 18:12:09,16.5,0,17.98,0.94,
0,1.741,1077.5,34.7,6/23/2026 18:12:26,16.5,0,17.74,1.11,
0,1.565,1063.33,34.7,6/23/2026 18:12:39,16.5,0,17.02,1.3,
0,1.889,1049.17,34.7,6/23/2026 18:12:53,16.5,0,17.95,1.16,
0,1.756,1020,34.7,6/23/2026 18:13:06,16.5,0,17.36,0.89,
0,1.574,1008.33,34.7,6/23/2026 18:13:20,16.5,0,17.98,1.12,
0,1.594,984.17,34.7,6/23/2026 18:13:34,16.5,0,16.81,0.9,
0,1.786,974.17,34.7,6/23/2026 18:13:48,16.5,0,16.95,1.16,
0,1.786,974.17,34.7,6/23/2026 18:14:01,16.5,0,16.97,0.83,
0,1.699,947.5,34.7,6/23/2026 18:14:15,16.5,0,17.22,1.4,
0,1.59,933.33,34.7,6/23/2026 18:14:29,16.5,0,17.16,1.34,
0,1.53,922.5,34.7,6/23/2026 18:14:43,16.5,0,17.19,1.16,
0,1.726,898.33,34.7,6/23/2026 18:14:56,16.5,0,16.54,1.12,
0,1.772,885,34.7,6/23/2026 18:15:10,16.5,0,17.08,1.38,
0,1.402,871.67,34.7,6/23/2026 18:15:23,16.5,0,16.7,1.42,
0,1.582,859.17,34.7,6/23/2026 18:15:36,16.5,0,16.48,1.17,
0,1.694,832.5,34.7,6/23/2026 18:15:50,16.5,0,16.51,1.13,
0,1.67,810.83,34.7,6/23/2026 18:16:04,16.5,0,17.03,1.37,
0,1.487,822.5,34.7,6/23/2026 18:16:04,16.5,0,17.03,1.37,
0,1.548,799.17,34.7,6/23/2026 18:16:18,16.5,0,15.99,1.13,
0,1.563,788.33,34.7,6/23/2026 18:16:31,16.5,0,15.73,0.85,
0,1.617,770.83,34.7,6/23/2026 18:16:45,16.5,0,15.83,0.88,
0,1.635,764.17,34.7,6/23/2026 18:16:58,16.49,0,16.22,1.48,
0,1.421,760,34.7,6/23/2026 18:17:12,16.486,0,15.73,1.13,
0,1.681,755,34.7,6/23/2026 18:17:26,16.484,0,15.54,1.38,
0,1.627,747.5,34.7,6/23/2026 18:17:39,16.439,0,15.25,0.89,
0,1.566,740,34.7,6/23/2026 18:17:53,16.411,0,14.7,1.1,
0,1.653,725,34.5,6/23/2026 18:18:07,15.896,0,15.16,1,
0,1.546,718.33,34.2,6/23/2026 18:18:21,15.76,0,15.76,0.88,
0,1.72,704.17,34.2,6/23/2026 18:18:35,4.524,0,4.98,0.91,
0,1.72,704.17,34.2,6/23/2026 18:18:48,4.524,0,4.75,1.33,
0,1.72,704.17,34.2,6/23/2026 18:19:02,4.524,0,5.01,1.21,
0,1.819,682.5,34.2,6/23/2026 18:19:17,4.545,0,4.77,0.89,
0,1.717,677.5,34.2,6/23/2026 18:19:31,4.543,0,4.64,1.22,
0,1.665,668.33,34.2,6/23/2026 18:19:44,4.52,0,4.74,1.37,
0,1.665,668.33,34.2,6/23/2026 18:19:45,4.52,0,4.74,1.37,
0,1.875,664.17,34.2,6/23/2026 18:19:58,4.502,0,5.07,1.21,
0,1.751,661.67,34.2,6/23/2026 18:20:12,4.498,0,4.64,0.99,
0,1.631,659.17,34.1,6/23/2026 18:20:26,4.482,0,5.01,1,
0,1.592,658.33,33.8,6/23/2026 18:20:39,4.472,0,5.04,0.83,
0,1.67,657.5,33.8,6/23/2026 18:20:53,4.476,0,5,1.28,
0,1.788,655.83,33.8,6/23/2026 18:21:06,4.46,0,4.73,0.94,
0,1.857,655,33.8,6/23/2026 18:21:20,4.465,0,4.8,1.2,
0,1.726,654.17,33.8,6/23/2026 18:21:33,4.461,0,4.75,0.91,
0,1.769,647.5,33.8,6/23/2026 18:21:47,4.473,0,4.64,0.93,
0,1.756,644.17,33.8,6/23/2026 18:22:00,4.46,0,4.98,1.39,
0,1.832,640,33.8,6/23/2026 18:22:14,4.466,0,5.03,1.16,
0,1.949,636.67,33.8,6/23/2026 18:22:14,4.464,0,5.03,1.16,
0,1.597,632.5,33.8,6/23/2026 18:22:28,4.456,0,4.78,1.49,
0,1.78,630,33.8,6/23/2026 18:22:42,4.451,0,4.79,1.43,
0,1.705,622.5,33.8,6/23/2026 18:22:55,4.437,0,4.95,1.04,
0,1.723,619.17,33.8,6/23/2026 18:23:10,4.424,0,4.86,0.85,
0,1.539,615.83,33.8,6/23/2026 18:23:23,4.41,0,4.55,1.29,
0,1.713,611.67,33.8,6/23/2026 18:23:37,4.399,0,4.94,1.41,
0,1.697,607.5,33.3,6/23/2026 18:23:50,4.394,0,4.63,1.29,
0,1.45,604.17,33.3,6/23/2026 18:24:04,4.387,0,4.49,1.28,
0,1.667,590,33.3,6/23/2026 18:24:32,4.357,0,4.96,1.11,
0,1.69,584.17,33.4,6/23/2026 18:24:46,4.337,0,4.94,1.31,
0,1.669,581.67,33.8,6/23/2026 18:24:59,4.336,0,4.63,1.33,
0,1.707,580,33.8,6/23/2026 18:25:13,4.319,0,4.93,1.35,
0,1.762,575,33.5,6/23/2026 18:25:27,4.306,0,4.85,0.87,
0,1.759,570.83,33.3,6/23/2026 18:25:41,4.301,0,4.57,0.98,
0,1.448,562.5,33.3,6/23/2026 18:25:55,4.279,0,4.53,1.3,
0,1.759,558.33,33.3,6/23/2026 18:26:09,4.266,0,4.59,1.26,
0,1.726,554.17,33.3,6/23/2026 18:26:24,4.256,0,4.82,0.81,
0,1.542,548.33,33.3,6/23/2026 18:26:38,4.241,0,4.55,1.27,
0,1.476,545,33.3,6/23/2026 18:26:52,4.233,0,4.49,1.35,
0,1.746,539.17,33.3,6/23/2026 18:27:06,4.207,0,4.35,1.19,
0,1.829,535.83,33.3,6/23/2026 18:27:20,4.196,0,4.32,0.92,
0,1.538,533.33,33.3,6/23/2026 18:27:34,4.178,0,4.32,1.42,
0,1.765,526.67,33.3,6/23/2026 18:27:47,4.137,0,4.35,1.05,
0,1.638,524.17,33.3,6/23/2026 18:28:01,4.13,0,4.31,0.98,
0,1.834,520,33.3,6/23/2026 18:28:15,4.107,0,4.26,1.47,
0,1.848,517.5,33.3,6/23/2026 18:28:29,4.088,0,4.24,0.92,
0,1.706,514.17,33.3,6/23/2026 18:28:43,4.084,0,4.33,1.41,
0,1.7,507.5,33.3,6/23/2026 18:28:57,4.067,0,4.59,1.12,
0,1.64,503.33,33.3,6/23/2026 18:29:10,4.048,0,4.28,1.13,
0,1.723,499.17,33.3,6/23/2026 18:29:24,4.057,0,4.18,1.37,
0,1.463,491.67,33.3,6/23/2026 18:29:38,4.044,0,4.57,1.17,
0,1.732,487.5,33.3,6/23/2026 18:29:52,4.037,0,4.61,0.99,
0,1.663,480.83,33.3,6/23/2026 18:30:06,4.036,0,4.42,1.2,
0,1.598,477.5,33.3,6/23/2026 18:30:20,4.027,0,4.22,0.92,
0,1.593,474.17,33.3,6/23/2026 18:30:34,4.031,0,4.63,1.05,
0,1.629,467.5,33.3,6/23/2026 18:30:49,4.013,0,4.26,1.01,
0,1.846,461.67,33.1,6/23/2026 18:31:10,4.007,0,4.25,1.01,
0,1.806,460,32.8,6/23/2026 18:31:19,4.001,0,4.35,0.97,
0,1.632,457.5,32.8,6/23/2026 18:31:32,3.993,0,4.55,0.8,
0,1.461,455.83,32.8,6/23/2026 18:31:47,3.994,0,4.55,1.15,
0,1.689,451.67,32.8,6/23/2026 18:32:01,3.984,0,4.33,1.47,
0,1.556,449.17,32.8,6/23/2026 18:32:15,3.974,0,4.55,1.37,
0,1.683,449.17,32.8,6/23/2026 18:32:32,3.97,0,4.22,0.93,
0,1.599,447.5,32.8,6/23/2026 18:32:47,3.96,0,4.16,1.32,
0,1.436,440,32.9,6/23/2026 18:33:07,3.938,0,4.15,1.05,
0,1.405,435.83,33,6/23/2026 18:33:18,3.929,0,4.54,1.22,
0,1.725,431.67,32.8,6/23/2026 18:33:32,3.919,0,4.52,1.19,
0,1.784,425.83,33.1,6/23/2026 18:33:46,3.913,0,4.19,1.36,
0,1.737,423.33,33.3,6/23/2026 18:34:00,3.899,0,4.1,1.14,
0,1.766,420.83,33.3,6/23/2026 18:34:14,3.889,0,4.44,0.85,
0,1.756,418.33,33.3,6/23/2026 18:34:28,3.877,0,4.12,1.11,
0,1.535,414.17,33.3,6/23/2026 18:34:43,3.852,0,4.41,1.2,
0,1.567,410.83,33.3,6/23/2026 18:34:56,3.848,0,4.37,1.1,
0,1.664,408.33,33.3,6/23/2026 18:35:10,3.836,0,4.23,0.86,
0,1.426,400.83,33.3,6/23/2026 18:35:24,3.819,0,4.16,1.31,
0,1.573,393.33,32.8,6/23/2026 18:35:38,3.795,0,4.39,1.01,
0,1.533,385.83,32.8,6/23/2026 18:35:57,3.763,0,3.96,1.3,
0,1.402,381.67,32.8,6/23/2026 18:36:08,3.749,0,4.01,0.99,
0,1.254,379.17,32.8,6/23/2026 18:36:22,3.737,0,4.09,1.25,
0,1.605,375,32.8,6/23/2026 18:36:36,3.716,0,4.05,1.16,
0,1.537,373.33,32.8,6/23/2026 18:36:50,3.705,0,3.99,1.12,
0,1.583,372.5,32.8,6/23/2026 18:37:03,3.696,0,4.08,0.91,
0,1.433,367.5,32.8,6/23/2026 18:37:17,3.668,0,4.25,1.03,
0,1.453,364.17,32.8,6/23/2026 18:37:31,3.658,0,3.94,1.27,
0,1.627,361.67,32.8,6/23/2026 18:37:45,3.642,0,3.85,0.81,
0,1.497,355.83,32.8,6/23/2026 18:38:14,3.603,0,4.12,0.93,
0,1.622,353.33,32.8,6/23/2026 18:38:27,3.57,0,4.06,1.26,
0,1.471,350,32.8,6/23/2026 18:38:41,3.562,0,4.06,1.23,
0,1.706,346.67,32.8,6/23/2026 18:38:55,3.548,0,3.77,1.27,
0,1.597,340,32.8,6/23/2026 18:39:09,3.498,0,3.76,1.05,
0,1.46,336.67,32.8,6/23/2026 18:39:23,3.481,0,4.15,1.47,
0,1.66,330.83,32.8,6/23/2026 18:39:36,3.443,0,4.1,1.16,
0,1.526,329.17,32.8,6/23/2026 18:39:50,3.43,0,3.74,1.4,
0,1.678,326.67,32.8,6/23/2026 18:40:03,3.422,0,3.96,1.47,
0,1.641,322.5,32.8,6/23/2026 18:40:17,3.412,0,3.94,1.12,
0,1.618,320,32.8,6/23/2026 18:40:31,3.395,0,3.89,1.19,
0,1.451,317.5,32.8,6/23/2026 18:40:45,3.374,0,3.62,1.29,
0,1.498,312.5,32.8,6/23/2026 18:40:58,3.357,0,3.57,0.8,
0,1.651,310,32.8,6/23/2026 18:41:12,3.344,0,3.86,1.06,
0,1.586,307.5,32.8,6/23/2026 18:41:26,3.339,0,3.59,1.15,
0,1.451,302.5,32.3,6/23/2026 18:41:41,3.317,0,3.74,1.41,
0,1.356,300,32.3,6/23/2026 18:41:55,3.303,0,3.9,1.4,
0,1.624,297.5,32.3,6/23/2026 18:41:56,3.288,0,3.9,1.4,
0,1.488,295,32.3,6/23/2026 18:42:09,3.285,0,3.95,1.44,
0,1.557,292.5,32.3,6/23/2026 18:42:23,3.271,0,3.93,1.12,
0,1.547,287.5,32.3,6/23/2026 18:42:37,3.253,0,3.86,1.19,
0,1.629,285,32.3,6/23/2026 18:42:51,3.244,0,3.5,0.82,
0,1.644,282.5,32.3,6/23/2026 18:43:05,3.232,0,3.82,1.12,
0,1.406,280,32.3,6/23/2026 18:43:06,3.221,0,3.82,1.12,
0,1.52,277.5,32.3,6/23/2026 18:43:19,3.215,0,3.72,1.15,
0,1.458,275,32.3,6/23/2026 18:43:33,3.209,0,3.76,1.37,
0,1.487,272.5,32.3,6/23/2026 18:43:47,3.195,0,3.84,1.26,
0,1.664,267.5,32.3,6/23/2026 18:44:00,3.18,0,3.64,1.36,
0,1.542,265,32.3,6/23/2026 18:44:15,3.172,0,3.72,1.37,
0,1.394,260.83,32.3,6/23/2026 18:44:29,3.163,0,3.55,1.44,
0,1.641,258.33,32.3,6/23/2026 18:44:42,3.156,0,3.76,1.45,
0,1.686,255.83,32.3,6/23/2026 18:44:56,3.151,0,3.7,1.24,
0,1.494,253.33,32.3,6/23/2026 18:44:56,3.147,0,3.7,1.24,
0,1.291,251.67,32.3,6/23/2026 18:45:10,3.121,0,3.45,0.83,
0,1.636,249.17,32.3,6/23/2026 18:45:24,3.125,0,3.58,1.31,
0,1.66,245,32.3,6/23/2026 18:45:37,3.125,0,3.68,1.22,
0,1.475,243.33,32.3,6/23/2026 18:45:51,3.113,0,3.56,0.82,
0,1.538,240.83,32.3,6/23/2026 18:46:05,3.102,0,3.45,1.25,
0,1.638,235.83,32.3,6/23/2026 18:46:18,3.094,0,3.56,0.81,
0,1.658,233.33,32.3,6/23/2026 18:46:32,3.077,0,3.73,1.29,
0,1.508,230.83,32.3,6/23/2026 18:46:46,3.072,0,3.55,1.25,
0,1.576,226.67,32.2,6/23/2026 18:46:59,3.057,0,3.67,1.01,
0,1.451,224.17,31.8,6/23/2026 18:47:13,3.036,0,3.56,0.81,
0,1.55,219.17,31.8,6/23/2026 18:47:28,3.02,0,3.3,0.83,
0,1.55,219.17,31.8,6/23/2026 18:47:44,3.02,0,3.28,1.22,
0,1.432,213.33,31.8,6/23/2026 18:47:59,2.978,0,3.27,1.35,
0,1.651,210.83,31.8,6/23/2026 18:48:12,2.966,0,3.56,0.97,
0,1.56,209.17,31.8,6/23/2026 18:48:26,2.956,0,3.17,0.88,
0,1.544,205,31.8,6/23/2026 18:48:40,2.921,0,3.54,0.91,
0,1.386,202.5,31.8,6/23/2026 18:48:53,2.903,0,3.56,0.97,
0,1.567,198.33,31.8,6/23/2026 18:49:07,2.882,0,3.55,0.94,
0,1.645,195.83,31.8,6/23/2026 18:49:21,2.874,0,3.36,1.19,
0,1.518,194.17,31.8,6/23/2026 18:49:34,2.849,0,3.56,1.06,
0,1.644,190,31.8,6/23/2026 18:49:48,2.848,0,3.48,1.19,
0,1.566,187.5,31.8,6/23/2026 18:50:02,2.839,0,3.16,1.19,
0,1.604,185.83,31.8,6/23/2026 18:50:17,2.828,0,3.47,1.23,
0,1.552,180.83,31.8,6/23/2026 18:50:30,2.808,0,3.34,1.24,
0,1.618,179.17,31.8,6/23/2026 18:50:44,2.791,0,3.05,0.88,
0,1.646,175,31.8,6/23/2026 18:50:59,2.762,0,3.43,1.17,
0,1.429,172.5,31.8,6/23/2026 18:51:14,2.749,0,3.23,0.91,
0,1.424,170.83,31.8,6/23/2026 18:51:27,2.748,0,3.4,0.89,
0,1.569,168.33,31.8,6/23/2026 18:51:27,2.745,0,3.4,0.89,
0,1.728,166.67,31.8,6/23/2026 18:51:40,2.728,0,3.07,0.97,
0,1.543,164.17,31.8,6/23/2026 18:51:54,2.713,0,3.4,0.93,
0,1.403,160,31.8,6/23/2026 18:52:08,2.692,0,3.36,1,
0,1.605,159.17,31.8,6/23/2026 18:52:21,2.671,0,3.08,0.93,
0,1.578,156.67,31.8,6/23/2026 18:52:34,2.662,0,3.31,1.23,
0,1.391,153.33,31.8,6/23/2026 18:52:48,2.659,0,3.37,0.84,
0,1.663,150.83,31.8,6/23/2026 18:53:02,2.654,0,2.97,0.95,
0,1.561,149.17,31.8,6/23/2026 18:53:15,2.658,0,3.01,1.01,
0,1.31,145,31.8,6/23/2026 18:53:29,2.637,0,2.97,1.22,
0,1.499,143.33,31.8,6/23/2026 18:53:42,2.632,0,3.37,1.08,
0,1.525,140.83,31.8,6/23/2026 18:53:56,2.637,0,2.97,0.91,
0,1.462,137.5,31.8,6/23/2026 18:54:10,2.635,0,2.99,1.29,
0,1.371,135.83,31.8,6/23/2026 18:54:23,2.631,0,3.33,1.06,
0,1.511,131.67,31.3,6/23/2026 18:54:37,2.636,0,3.07,0.8,
0,1.584,130,31.3,6/23/2026 18:54:53,2.63,0,3.08,1.47,
0,1.443,125.83,31.3,6/23/2026 18:55:07,2.622,0,3.06,1.08,
0,1.568,124.17,31.3,6/23/2026 18:55:21,2.625,0,3.1,0.9,
0,1.482,122.5,31.3,6/23/2026 18:55:35,2.61,0,3.1,1.42,
0,1.474,118.33,31.3,6/23/2026 18:55:49,2.617,0,3.31,1.49,
0,1.507,116.67,31.3,6/23/2026 18:56:03,2.619,0,3.28,1.08,
0,1.302,113.33,31.3,6/23/2026 18:56:17,2.599,0,3,0.9,
0,1.333,111.67,31.3,6/23/2026 18:56:30,2.599,0,3.23,0.88,
0,1.333,111.67,31.3,6/23/2026 18:56:44,2.599,0,3.23,0.97,
0,1.688,106.67,31.3,6/23/2026 18:56:57,2.598,0,2.89,0.95,
0,1.31,105,31.3,6/23/2026 18:57:11,2.587,0,3.33,1.01,
0,1.543,103.33,31.3,6/23/2026 18:57:24,2.6,0,3.16,1.23,
0,1.632,100.83,31.3,6/23/2026 18:57:39,2.594,0,3.29,1.43,
0,1.284,98.33,31.3,6/23/2026 18:57:52,2.588,0,2.88,1.1,
0,1.653,97.5,31.3,6/23/2026 18:58:06,2.592,0,3,1.16,
0,1.621,94.17,31.3,6/23/2026 18:58:19,2.59,0,3.36,0.89,
0,1.491,92.5,31.3,6/23/2026 18:58:33,2.583,0,3.06,1.07,
0,1.294,90.83,31.3,6/23/2026 18:58:46,2.587,0,3,1.28,
0,1.529,87.5,31.3,6/23/2026 18:58:59,2.584,0,3.14,0.83,
0,1.512,86.67,31.3,6/23/2026 18:59:13,2.577,0,3.3,1.49,
0,1.252,85,31.3,6/23/2026 18:59:26,2.566,0,2.88,1.13,
0,1.661,81.67,31.3,6/23/2026 18:59:40,2.568,0,2.84,1.14,
0,1.488,80,31.3,6/23/2026 18:59:54,2.566,0,3.25,1.04,
0,1.459,77.5,31.3,6/23/2026 19:00:08,2.557,0,2.98,1.17,
0,1.435,75.83,31.3,6/23/2026 19:00:22,2.558,0,3.11,1.01,
0,1.548,75,31.3,6/23/2026 19:00:36,2.557,0,2.92,1.41,
0,1.665,72.5,31.3,6/23/2026 19:00:49,2.548,0,3.24,0.87,
0,1.565,69.17,31.3,6/23/2026 19:01:16,2.546,0,3.28,1.48,
0,1.611,66.67,31.3,6/23/2026 19:01:30,2.534,0,3.27,1.39,
0,1.594,64.17,31.3,6/23/2026 19:01:51,2.532,0,2.82,0.84,
0,1.56,63.33,31.3,6/23/2026 19:02:01,2.51,0,3.17,1.38,
0,1.634,61.67,31.3,6/23/2026 19:02:14,2.508,0,3.08,1.1,
0,1.628,60,31.3,6/23/2026 19:02:29,2.507,0,2.84,1.05,
0,1.54,58.33,31.3,6/23/2026 19:02:43,2.502,0,2.99,1.32,
0,1.574,57.5,31.3,6/23/2026 19:02:57,2.494,0,3.12,1.19,
0,1.543,55,31.3,6/23/2026 19:03:11,2.502,0,3.09,1.28,
0,1.587,53.33,31.3,6/23/2026 19:03:29,2.497,0,3.21,0.91,
0,1.492,52.5,31.1,6/23/2026 19:03:42,2.488,0,3.17,1.09,
0,1.45,51.67,30.8,6/23/2026 19:03:56,2.483,0,3.17,0.98,
0,1.672,49.17,30.8,6/23/2026 19:04:10,2.49,0,3.04,0.92,
0,1.534,48.33,30.8,6/23/2026 19:04:24,2.482,0,2.94,0.92,
0,1.518,47.5,30.8,6/23/2026 19:04:38,2.472,0,3.02,1.17,
0,1.595,45.83,30.8,6/23/2026 19:04:38,2.472,0,3.02,1.17,
0,1.612,45,30.8,6/23/2026 19:04:52,2.47,0,3.14,1.45,
0,1.613,44.17,30.8,6/23/2026 19:05:06,2.471,0,2.94,1.01,
0,1.543,42.5,30.9,6/23/2026 19:05:20,2.471,0,2.87,1.07,
0,1.518,41.67,30.8,6/23/2026 19:05:33,2.472,0,3.17,0.96,
0,1.512,40.83,30.8,6/23/2026 19:05:47,2.462,0,3.11,1.3,
0,1.545,38.33,30.8,6/23/2026 19:06:00,2.471,0,2.86,1.36,
0,1.551,37.5,30.8,6/23/2026 19:06:14,2.46,0,3.17,1.13,
0,1.457,35.83,30.8,6/23/2026 19:06:28,2.46,0,2.78,1.28,
0,1.492,35,30.8,6/23/2026 19:06:41,2.455,0,2.91,1.44,
0,1.617,34.17,30.8,6/23/2026 19:06:55,2.45,0,2.98,1.2,
0,1.522,31.67,30.8,6/23/2026 19:07:22,2.445,0,2.85,1.15,
0,1.459,30.83,30.8,6/23/2026 19:07:36,2.444,0,2.99,0.94,
0,1.464,29.17,30.8,6/23/2026 19:07:49,2.44,0,2.96,1.06,
0,1.453,28.33,30.8,6/23/2026 19:08:02,2.439,0,3.18,1.23,
0,1.567,27.5,30.8,6/23/2026 19:08:16,2.438,0,2.74,1.05,
0,1.613,25.83,30.8,6/23/2026 19:08:29,2.429,0,2.91,1.14,
0,1.411,25,30.8,6/23/2026 19:08:43,2.433,0,2.75,1.2,
0,1.645,24.17,30.8,6/23/2026 19:08:56,2.423,0,3.17,1.01,
0,1.583,22.5,30.8,6/23/2026 19:09:10,2.406,0,2.71,0.89,
0,1.47,21.67,30.8,6/23/2026 19:09:24,2.413,0,2.97,1.45,
0,1.694,20.83,30.8,6/23/2026 19:09:37,2.409,0,2.78,1.43,
0,1.508,20,30.8,6/23/2026 19:09:51,2.405,0,3.13,1.27,
0,1.38,19.17,30.8,6/23/2026 19:10:04,2.41,0,2.94,1.17,
0,1.636,18.33,30.8,6/23/2026 19:10:18,2.407,0,3.16,1.39,
0,1.575,17.5,30.8,6/23/2026 19:10:32,2.402,0,2.94,1.44,
0,1.562,16.67,30.8,6/23/2026 19:10:45,2.404,0,2.78,0.96,
0,1.33,15.83,30.8,6/23/2026 19:10:59,2.398,0,3.08,1.14,
0,1.517,15.83,30.8,6/23/2026 19:11:12,2.395,0,2.82,1.35,
0,1.429,15,30.8,6/23/2026 19:11:27,2.397,0,2.93,1.04,
0,1.431,14.17,30.8,6/23/2026 19:11:41,2.393,0,2.72,0.92,
0,1.463,13.33,30.8,6/23/2026 19:11:54,2.396,0,2.78,0.91,
0,1.568,13.33,30.8,6/23/2026 19:12:08,2.393,0,2.78,0.8,
0,1.566,12.5,30.8,6/23/2026 19:12:08,2.389,0,2.78,0.8,
0,1.539,12.5,30.8,6/23/2026 19:12:22,2.392,0,3.05,1.15,
0,1.455,11.67,30.8,6/23/2026 19:12:36,2.378,0,3.04,1.29,
0,1.601,11.67,30.8,6/23/2026 19:12:50,2.372,0,2.78,1.47,
0,1.611,10.83,30.8,6/23/2026 19:13:03,2.381,0,2.96,0.85,
0,0.526,2115.83,32.8,7/21/2026 13:10:34,4.108,0,21.38,1.14,
0,0.065,2495,32.8,7/21/2026 13:10:40,16.5,0,20.67,1.09,
0,0.009,2741.67,32.8,7/21/2026 13:10:46,16.5,0,21.11,1.33,
0,0.561,2090,32.8,7/21/2026 13:10:50,16.5,0,21,1.24,
0,0.375,1895.83,32.8,7/21/2026 13:10:55,16.5,0,21.06,1.03,
0,0.508,1966.67,32.8,7/21/2026 13:10:59,16.5,0,21.22,1.1,
0,0.63,2226.67,32.8,7/21/2026 13:11:03,16.5,0,21.08,1.27,
0,0.4,862.5,32.8,7/21/2026 13:11:08,16.5,0,21.46,0.9,
0,0.554,844.17,32.8,7/21/2026 13:11:14,16.5,0,21.17,1.15,
0,0.631,899.17,32.8,7/21/2026 13:11:20,16.5,0,21.07,0.94,
0,0.468,799.17,32.8,7/21/2026 13:11:25,16.5,0,21.16,0.95,
0,0.588,600.83,32.8,7/21/2026 13:11:29,16.5,0,21.13,0.97,
0,0.495,828.33,32.8,7/21/2026 13:11:37,16.5,0,21.02,1.18,
0,0.403,838.33,32.8,7/21/2026 13:11:43,16.5,0,21.33,1.41,
0,0.446,798.33,32.8,7/21/2026 13:11:48,16.5,0,21.1,0.92,
0,0.543,853.33,32.8,7/21/2026 13:11:53,16.5,0,21.06,0.82,
0,0.492,852.5,32.8,7/21/2026 13:12:00,16.5,0,21.06,1.01,
0,0.475,684.17,32.8,7/21/2026 13:12:07,16.5,0,21.06,1.28,
0,0.38,897.5,32.8,7/21/2026 13:12:12,16.5,0,21.05,1.33,
0,0.173,841.67,32.8,7/21/2026 13:12:16,16.5,0,20.84,1.05,
0,0.329,935.83,32.8,7/21/2026 13:12:21,16.5,0,20.78,0.8,
0,0.474,804.17,32.8,7/21/2026 13:12:22,16.5,0,20.78,0.8,
0,0.582,884.17,32.8,7/21/2026 13:12:26,16.5,0,20.81,1.12,
0,0.535,980.83,32.8,7/21/2026 13:12:31,16.5,0,20.8,1.17,
0,0.535,980.83,32.8,7/21/2026 13:12:31,16.5,0,20.8,1.17,
0,0.429,615.83,32.8,7/21/2026 13:12:36,16.5,0,20.86,1.27,
0,0.418,657.5,32.8,7/21/2026 13:12:40,16.5,0,20.86,1.12,
0,0.558,613.33,32.8,7/21/2026 13:12:45,16.5,0,20.9,1.09,
0,0.485,634.17,32.8,7/21/2026 13:12:50,16.5,0,21.08,1.43,
0,0.59,619.17,32.8,7/21/2026 13:12:54,16.5,0,20.87,1.36,
0,0.49,620,32.8,7/21/2026 13:12:58,16.5,0,20.94,1.49,
0,0.537,731.67,32.8,7/21/2026 13:13:03,16.5,0,20.98,1.1,
0,0.543,792.5,32.8,7/21/2026 13:13:08,16.5,0,20.83,1.13,
0,0.456,799.17,32.8,7/21/2026 13:13:13,16.5,0,20.96,0.83,
0,0.35,1808.33,32.8,7/21/2026 13:13:19,16.5,0,20.89,0.92,
0,0.558,3974.17,32.8,7/21/2026 13:13:24,16.5,0,20.9,0.92,
0,0.557,2830,32.8,7/21/2026 13:13:28,16.5,0,4.74,0.98,
0,0.439,1421.67,32.8,7/21/2026 13:13:32,16.5,0,21.53,1.22,
0,1.086,6819.17,33.3,7/21/2026 13:13:48,16.5,0,23.2,1.26,
0,0.876,6644.17,33.3,7/21/2026 13:13:52,16.5,0,23.01,1.26,
0,1.015,7833.33,33.3,7/21/2026 13:13:57,16.5,0,22.96,1,
0,0.901,7779.17,33.3,7/21/2026 13:14:02,16.5,0,22.57,1.4,
0,1.016,7751.67,33.3,7/21/2026 13:14:06,16.5,0,22.92,1.28,
0,0.995,7700.83,33.3,7/21/2026 13:14:12,16.5,0,22.92,1.23,
0,0.897,7680.83,33.3,7/21/2026 13:14:17,16.5,0,22.86,1.47,
0,1.058,7614.17,33.8,7/21/2026 13:14:24,16.5,0,22.93,1.38,
0,0.869,7588.33,33.8,7/21/2026 13:14:29,16.5,0,23.01,0.93,
0,0.871,7546.67,33.8,7/21/2026 13:14:34,16.5,0,22.88,1.11,
0,0.956,7535.83,33.8,7/21/2026 13:14:39,16.5,0,22.91,1.24,
0,0.995,7526.67,33.8,7/21/2026 13:14:44,16.5,0,22.8,1.43,
0,0.941,7520.83,33.8,7/21/2026 13:14:48,16.5,0,23.02,1.36,
0,1.017,7515.83,33.8,7/21/2026 13:14:52,16.5,0,22.8,1.18,
0,0.836,7509.17,33.8,7/21/2026 13:14:57,16.5,0,23,0.86,
0,0.938,7502.5,34.2,7/21/2026 13:14:57,16.5,0,23,0.86,
0,0.897,7499.17,34.2,7/21/2026 13:15:02,16.5,0,22.89,1.16,
0,0.934,7495.83,34.2,7/21/2026 13:15:07,16.5,0,22.87,1.47,
0,0.955,7493.33,34.2,7/21/2026 13:15:07,16.5,0,22.87,1.47,
0,0.868,7490,34.2,7/21/2026 13:15:12,16.5,0,22.75,1.15,
0,0.978,7484.17,34.2,7/21/2026 13:15:16,16.5,0,22.9,1.01,
0,0.851,7480,34.2,7/21/2026 13:15:22,16.5,0,23.02,0.87,
0,1,7482.5,34.2,7/21/2026 13:15:27,16.5,0,22.83,1.36,
0,0.908,7505,34.2,7/21/2026 13:15:33,16.5,0,22.7,0.94,
0,1.129,7514.17,34.2,7/21/2026 13:15:37,16.5,0,22.91,1.2,
0,0.958,7534.17,34.7,7/21/2026 13:15:42,16.5,0,22.92,1.03,
0,0.887,7549.17,34.7,7/21/2026 13:15:46,16.5,0,22.94,0.87,
0,0.838,7565,34.7,7/21/2026 13:15:51,16.5,0,22.99,1.39,
0,0.94,7597.5,34.7,7/21/2026 13:15:55,16.5,0,22.96,1.23,
0,1.016,7631.67,34.7,7/21/2026 13:16:00,16.5,0,22.93,1.21,
0,1.016,7631.67,34.7,7/21/2026 13:16:00,16.5,0,22.93,1.21,
0,0.876,7660,34.7,7/21/2026 13:16:06,16.5,0,22.94,1.3,
0,0.849,7704.17,34.7,7/21/2026 13:16:10,16.5,0,22.9,1.02,
0,0.913,7728.33,34.7,7/21/2026 13:16:15,16.5,0,23.02,0.96,
0,0.984,7785,34.7,7/21/2026 13:16:20,16.5,0,23.18,0.82,
0,1.052,7840.83,34.7,7/21/2026 13:16:26,16.5,0,22.96,1.41,
0,1.052,7840.83,34.7,7/21/2026 13:16:26,16.5,0,22.96,1.41,
0,1.042,7876.67,34.7,7/21/2026 13:16:30,16.5,0,23.06,1.32,
0,1.02,7910,34.7,7/21/2026 13:16:35,16.5,0,22.98,1.46,
0,1.069,8107.5,34.7,7/21/2026 13:16:39,16.5,0,23.01,0.95,
0,1.009,8139.17,34.7,7/21/2026 13:16:43,16.5,0,23.09,1.01,
0,1.074,8180.83,34.7,7/21/2026 13:16:48,16.5,0,22.91,0.89,
0,0.997,8208.33,34.7,7/21/2026 13:16:53,16.5,0,23.1,0.84,
0,0.977,8259.17,34.7,7/21/2026 13:16:57,16.5,0,23.14,1.22,
0,1.046,8290.83,34.7,7/21/2026 13:17:02,16.5,0,23.13,1.16,
0,1.038,8332.5,34.7,7/21/2026 13:17:07,16.5,0,23.16,1.03,
0,0.986,8359.17,34.7,7/21/2026 13:17:12,16.5,0,23.11,1.17,
0,1.07,8376.67,34.7,7/21/2026 13:17:13,16.5,0,23.11,1.17,
0,1.012,8405,34.7,7/21/2026 13:17:17,16.5,0,23.14,0.86,
0,1.058,8445.83,34.7,7/21/2026 13:17:24,16.5,0,23.19,1.32,
0,1.006,8495,34.7,7/21/2026 13:17:29,16.5,0,23.14,1.12,
0,1.006,8495,34.7,7/21/2026 13:17:29,16.5,0,23.14,1.12,
0,1.006,8495,34.7,7/21/2026 13:17:34,16.5,0,23.06,0.95,
0,1.041,8538.33,34.7,7/21/2026 13:17:34,16.5,0,23.06,0.95,
0,0.984,8587.5,34.7,7/21/2026 13:17:38,16.5,0,23.19,0.81,
0,1.079,8668.33,34.7,7/21/2026 13:17:43,16.5,0,23.31,0.91,
0,1.079,8668.33,34.7,7/21/2026 13:17:43,16.5,0,23.31,0.91,
0,1.049,8709.17,34.7,7/21/2026 13:17:47,16.5,0,23.22,1.36,
0,1.012,8752.5,34.7,7/21/2026 13:17:52,16.5,0,23.22,0.86,
0,0.972,8864.17,34.7,7/21/2026 13:17:57,16.5,0,23.22,1.09,
0,1.041,8940,34.7,7/21/2026 13:18:01,16.5,0,23.22,1,
0,1.097,9076.67,34.7,7/21/2026 13:18:06,16.5,0,23.12,1.05,
0,1.065,9230.83,34.7,7/21/2026 13:18:11,16.5,0,23.24,1.41,
0,0.931,9334.17,34.7,7/21/2026 13:18:16,16.5,0,22.89,0.89,
0,1.09,9430.83,34.7,7/21/2026 13:18:20,16.5,0,23.33,1.12,
0,1.044,9757.5,35.2,7/21/2026 13:18:25,16.5,0,23.35,0.85,
0,1.044,9757.5,35.2,7/21/2026 13:18:30,16.5,0,23.64,1.49,
0,0.923,10305.83,35.2,7/21/2026 13:18:40,16.5,0,23.64,1.31,
0,0.923,10305.83,35.2,7/21/2026 13:18:42,16.5,0,23.51,0.81,
0,0.976,10635.83,35.2,7/21/2026 13:18:47,16.5,0,23.51,0.93,
0,0.917,10964.17,35.2,7/21/2026 13:18:53,16.5,0,23.6,0.88,
0,1.054,11206.67,35.2,7/21/2026 13:18:57,16.5,0,23.63,1.44,
0,0.983,11749.17,35.2,7/21/2026 13:19:02,16.5,0,23.71,1.04,
0,1.045,12506.67,35.2,7/21/2026 13:19:07,16.5,0,23.74,1.1,
0,1.035,13211.67,35.2,7/21/2026 13:19:12,16.5,0,23.91,1.49,
0,1.065,13751.67,35.2,7/21/2026 13:19:16,16.5,0,23.83,1.23,
0,0.917,13679.17,35.6,7/21/2026 13:19:22,16.5,0,23.93,1.24,
0,1.057,13751.67,35.6,7/21/2026 13:19:27,16.5,0,23.98,0.92,
0,0.996,13395,35.6,7/21/2026 13:19:32,16.5,0,23.92,1.34,
0,1,13145.83,35.6,7/21/2026 13:19:37,16.5,0,23.81,0.89,
0,1.104,13137.5,35.6,7/21/2026 13:19:41,16.5,0,23.93,0.91,
0,0.976,13140,35.6,7/21/2026 13:19:46,16.5,0,23.82,1.31,
0,1.029,13141.67,35.6,7/21/2026 13:19:46,16.5,0,23.82,1.31,
0,0.885,13145.83,35.6,7/21/2026 13:19:51,16.5,0,23.8,0.95,
0,0.898,13172.5,35.6,7/21/2026 13:19:56,16.5,0,23.74,1.02,
0,0.976,13235,35.6,7/21/2026 13:20:01,16.5,0,23.81,1.3,
0,0.976,13235,35.6,7/21/2026 13:20:06,16.5,0,23.24,0.9,
0,0.983,13326.67,36.3,7/21/2026 13:20:10,16.5,0,23.51,1.33,
0,0.761,13422.5,36.3,7/21/2026 13:20:10,16.5,0,23.51,1.33,
0,0.958,13487.5,36.3,7/21/2026 13:20:15,16.5,0,23.81,1.4,
0,0.986,13607.5,36.3,7/21/2026 13:20:20,16.5,0,23.85,1.29,
0,0.961,13665,36.3,7/21/2026 13:20:24,16.5,0,23.65,0.97,
0,0.972,13775.83,36.3,7/21/2026 13:20:29,16.5,0,23.85,1.36,
0,1.011,13839.17,36.3,7/21/2026 13:20:33,16.5,0,23.85,1.41,
0,1.008,13917.5,36.3,7/21/2026 13:20:37,16.5,0,23.8,1.1,
0,1.02,13970.83,36.3,7/21/2026 13:20:42,16.5,0,23.74,1.38,
0,0.931,13990,36.3,7/21/2026 13:20:47,16.5,0,23.78,1.02,
0,0.955,14029.17,36.3,7/21/2026 13:20:52,16.5,0,23.78,1.05,
0,0.919,14038.33,36.3,7/21/2026 13:20:57,16.5,0,23.79,1.22,
0,1.106,14030,36.3,7/21/2026 13:21:01,16.5,0,23.77,1.28,
0,0.963,13995,36.3,7/21/2026 13:21:06,16.5,0,23.68,0.92,
0,0.896,13975.83,36.3,7/21/2026 13:21:10,16.5,0,23.21,0.83,
0,0.949,13902.5,36.3,7/21/2026 13:21:15,16.5,0,23.77,0.84,
0,0.905,13860.83,36.3,7/21/2026 13:21:19,16.5,0,23.51,1.29,
0,1.012,13757.5,36.3,7/21/2026 13:21:24,16.5,0,23.64,1.12,
0,1.006,13695,36.3,7/21/2026 13:21:28,16.5,0,23.77,1.08,
0,0.977,13580.83,36.3,7/21/2026 13:21:33,16.5,0,23.77,1.45,
0,0.927,13519.17,36.3,7/21/2026 13:21:38,16.5,0,23.87,0.85,
0,1.026,13405.83,36.3,7/21/2026 13:21:42,16.5,0,23.63,1.41,
0,0.976,13300,36.3,7/21/2026 13:21:46,16.5,0,23.61,0.99,
0,1.066,13249.17,36.3,7/21/2026 13:21:51,16.5,0,23.72,1.23,
0,0.98,13203.33,36.3,7/21/2026 13:21:51,16.5,0,23.72,1.23,
0,0.905,13150,36.3,7/21/2026 13:21:56,16.5,0,23.68,1.43,
0,0.787,13059.17,36.3,7/21/2026 13:22:00,16.5,0,23.64,1.31,
0,1.009,12962.5,36.3,7/21/2026 13:22:05,16.5,0,23.46,1.25,
0,1.004,12925.83,36.3,7/21/2026 13:22:09,16.5,0,23.79,1.47,
0,0.907,12841.67,36.3,7/21/2026 13:22:14,16.5,0,23.51,1.08,
0,0.997,12746.67,36.3,7/21/2026 13:22:20,16.5,0,23.51,0.95,
0,0.939,12793.33,36.3,7/21/2026 13:22:19,16.5,0,23.51,0.95,
0,0.944,12699.17,36.3,7/21/2026 13:22:25,16.5,0,23.5,0.88,
0,0.958,12600,35.6,7/21/2026 13:22:30,16.5,0,23.48,1.29,
0,0.89,12547.5,35.6,7/21/2026 13:22:35,16.5,0,23.48,0.88,
0,0.975,12453.33,35.6,7/21/2026 13:22:39,16.5,0,23.42,1.34,
0,0.924,12365,35.6,7/21/2026 13:22:44,16.5,0,22.96,1.06,
0,0.904,12308.33,35.6,7/21/2026 13:22:48,16.5,0,23.22,1.34,
0,0.922,12260.83,35.6,7/21/2026 13:22:53,16.5,0,23.21,0.98,
0,0.93,12154.17,35.6,7/21/2026 13:22:58,16.5,0,23.43,1.49,
0,1.085,12040.83,35.6,7/21/2026 13:23:03,16.5,0,23.39,1.37,
0,0.97,11967.5,35.6,7/21/2026 13:23:07,16.5,0,23.35,1.16,
0,1.01,11822.5,35.6,7/21/2026 13:23:13,16.5,0,23.48,1.28,
0,0.973,11739.17,35.6,7/21/2026 13:23:21,16.5,0,23.21,0.81,
0,0.969,11670.83,35.6,7/21/2026 13:23:21,16.5,0,23.21,0.81,
0,0.9,11520.83,35.6,7/21/2026 13:23:25,16.5,0,23.32,1.41,
0,1.046,11377.5,35.6,7/21/2026 13:23:30,16.5,0,23.29,0.9,
0,0.993,11309.17,35.6,7/21/2026 13:23:35,16.5,0,23.44,1.36,
0,0.988,11175,35.6,7/21/2026 13:23:40,16.5,0,23.23,1.44,
0,1.014,11072.5,35.6,7/21/2026 13:23:45,16.5,0,23.29,0.96,
0,0.969,11022.5,35.6,7/21/2026 13:23:50,16.5,0,23.26,1.03,
0,0.94,10965.83,35.6,7/21/2026 13:23:50,16.5,0,23.26,1.03,
0,0.892,10910.83,36.3,7/21/2026 13:23:55,16.5,0,23.35,0.96,
0,1.194,10853.33,36.3,7/21/2026 13:23:59,16.5,0,23.25,1.06,
0,0.969,10766.67,36.3,7/21/2026 13:24:04,16.5,0,23.24,1.16,
0,1.024,10699.17,36.3,7/21/2026 13:24:09,16.5,0,23.25,1.15,
0,1.051,10668.33,36.3,7/21/2026 13:24:13,16.5,0,23.23,1.08,
0,1.05,10644.17,36.3,7/21/2026 13:24:13,16.5,0,23.23,1.08,
0,0.944,10614.17,36.3,7/21/2026 13:24:17,16.5,0,23.23,1.2,
0,0.971,10566.67,35.6,7/21/2026 13:24:22,16.5,0,23.23,1.37,
0,1.025,10549.17,35.6,7/21/2026 13:24:26,16.5,0,23.35,0.85,
0,1.039,10532.5,35.6,7/21/2026 13:24:31,16.5,0,23.25,1.3,
0,1.037,10503.33,35.6,7/21/2026 13:24:35,16.5,0,23.1,1.4,
0,0.969,10494.17,35.6,7/21/2026 13:24:40,16.5,0,23.29,1.12,
0,0.863,10469.17,35.6,7/21/2026 13:24:44,16.5,0,23.42,1.37,
0,1.021,10445.83,35.8,7/21/2026 13:24:49,16.5,0,23.25,0.89,
0,0.869,10434.17,36,7/21/2026 13:24:54,16.5,0,23.25,1,
0,0.907,10408.33,36.3,7/21/2026 13:24:58,16.5,0,23.33,0.99,
0,0.753,10399.17,36.3,7/21/2026 13:25:03,16.5,0,23.32,1.41,
0,0.959,10350,36.3,7/21/2026 13:25:07,16.5,0,23.24,1.17,
0,0.987,10327.5,36.3,7/21/2026 13:25:12,16.5,0,23.26,1.27,
0,0.971,10294.17,36.3,7/21/2026 13:25:13,16.5,0,23.26,1.27,
0,1.044,10259.17,36.3,7/21/2026 13:25:17,16.5,0,23.39,1.46,
0,0.83,10184.17,36.3,7/21/2026 13:25:22,16.5,0,23.16,1.21,
0,0.83,10184.17,36.3,7/21/2026 13:25:26,16.5,0,23.26,1.15,
0,0.885,10072.5,36.3,7/21/2026 13:25:31,16.5,0,23.23,0.82,
0,0.996,10019.17,36.3,7/21/2026 13:25:31,16.5,0,23.23,0.82,
0,0.879,9964.17,36.3,7/21/2026 13:25:35,16.5,0,23.41,1.17,
0,0.896,9904.17,36.3,7/21/2026 13:25:40,16.5,0,23.22,1.06,
0,0.962,9794.17,36.3,7/21/2026 13:25:45,16.5,0,23.34,1.48,
0,1.037,9707.5,36.3,7/21/2026 13:25:50,16.5,0,23.23,0.81,
0,1.132,9657.5,36.3,7/21/2026 13:25:54,16.5,0,23.23,1.35,
0,0.959,9560.83,36.3,7/21/2026 13:25:59,16.5,0,23.22,0.91,
0,1.071,9523.33,36.3,7/21/2026 13:26:04,16.5,0,23.21,0.8,
0,0.994,9399.17,36.3,7/21/2026 13:26:10,16.5,0,23.14,1.13,
0,0.916,9359.17,36.3,7/21/2026 13:26:14,16.5,0,23.14,1.4,
0,0.932,9275.83,36.4,7/21/2026 13:26:19,16.5,0,23.28,1.21,
0,1.058,9235.83,36.9,7/21/2026 13:26:23,16.5,0,23.16,1.01,
0,1.038,9201.67,36.9,7/21/2026 13:26:28,16.5,0,23.24,0.91,
0,0.904,9130,36.9,7/21/2026 13:26:32,16.5,0,23.17,1.38,
0,0.857,9094.17,36.9,7/21/2026 13:26:36,16.5,0,23.15,0.82,
0,0.972,9047.5,36.9,7/21/2026 13:26:41,16.5,0,23.2,1.08,
0,0.941,9028.33,36.9,7/21/2026 13:26:45,16.5,0,23.29,1.21,
0,0.946,9012.5,36.9,7/21/2026 13:26:50,16.5,0,23.21,1.06,
0,1.02,8990,36.8,7/21/2026 13:26:54,16.5,0,23.31,0.83,
0,0.964,8971.67,36.4,7/21/2026 13:26:59,16.5,0,23.22,0.97,
0,0.993,8943.33,36.3,7/21/2026 13:27:04,16.5,0,23.18,1.45,
0,0.97,8919.17,36.3,7/21/2026 13:27:09,16.5,0,23.22,0.9,
0,0.997,8910.83,36.3,7/21/2026 13:27:13,16.5,0,23.21,1.46,
0,1.022,8903.33,36.3,7/21/2026 13:27:17,16.5,0,23.22,0.96,
0,1.108,8891.67,36.3,7/21/2026 13:27:21,16.5,0,23.22,1.26,
0,1.053,8887.5,36.3,7/21/2026 13:27:26,16.5,0,23.22,0.88,
0,0.992,8872.5,36.3,7/21/2026 13:27:30,16.5,0,23.21,0.88,
0,1.095,8868.33,36.3,7/21/2026 13:27:35,16.5,0,23.38,1.08,
0,0.826,8868.33,36.3,7/21/2026 13:27:39,16.5,0,23.32,0.81,
0,1.167,8865.83,36.3,7/21/2026 13:27:45,16.5,0,23.37,1.11,
0,1.066,8865.83,36.3,7/21/2026 13:27:45,16.5,0,23.37,1.11,
0,0.957,8868.33,36.3,7/21/2026 13:27:50,16.5,0,23.4,1.37,
0,0.964,8875,36.3,7/21/2026 13:27:54,16.5,0,23.15,1.12,
0,1.046,8898.33,36.3,7/21/2026 13:27:59,16.5,0,23.25,0.82,
0,1.013,8910.83,36.3,7/21/2026 13:28:03,16.5,0,23.33,1.06,
0,1.037,8920.83,36.3,7/21/2026 13:28:08,16.5,0,23.28,1.07,
0,1.054,8962.5,36.3,7/21/2026 13:28:12,16.5,0,23.32,0.96,
0,1.02,8987.5,36.4,7/21/2026 13:28:16,16.5,0,23.34,1.44,
0,1.075,9037.5,36.4,7/21/2026 13:28:21,16.5,0,23.21,0.84,
0,1.075,9037.5,36.4,7/21/2026 13:28:21,16.5,0,23.21,0.84,
0,1.032,9063.33,36.4,7/21/2026 13:28:25,16.5,0,23.4,1.23,
0,0.991,9113.33,36.9,7/21/2026 13:28:30,16.5,0,23.15,1.48,
0,1.021,9137.5,36.9,7/21/2026 13:28:35,16.5,0,23.41,1.38,
0,0.975,9191.67,36.9,7/21/2026 13:28:39,16.5,0,23.43,1.03,
0,1.103,9165,36.9,7/21/2026 13:28:39,16.5,0,23.43,1.03,
0,0.986,9233.33,36.9,7/21/2026 13:28:45,16.5,0,23.42,1.18,
0,0.94,9295,36.9,7/21/2026 13:28:52,16.5,0,23.42,1.12,
0,1.034,9357.5,36.9,7/21/2026 13:28:57,16.5,0,23.45,0.96,
0,1.034,9357.5,36.9,7/21/2026 13:29:02,16.5,0,23.44,1.19,
0,0.976,9446.67,36.9,7/21/2026 13:29:06,16.5,0,23.44,1.3,
0,1.091,9472.5,36.9,7/21/2026 13:29:11,16.5,0,23.61,1.14,
0,1.11,9525.83,36.9,7/21/2026 13:29:15,16.5,0,23.6,1.31,
0,1.11,9525.83,36.9,7/21/2026 13:29:16,16.5,0,23.6,1.31,
0,1.001,9553.33,36.9,7/21/2026 13:29:21,16.5,0,23.16,1.46,
0,0.969,9597.5,36.9,7/21/2026 13:29:25,16.5,0,23.51,1.11,
0,1.048,9639.17,36.9,7/21/2026 13:29:30,16.5,0,23.36,1.23,
0,1.016,9610.83,36.9,7/21/2026 13:29:30,16.5,0,23.36,1.23,
0,1.034,9655.83,36.9,7/21/2026 13:29:35,16.5,0,23.62,0.94,
0,0.931,9684.17,36.9,7/21/2026 13:29:39,16.5,0,23.48,1.16,
0,1.025,9692.5,36.9,7/21/2026 13:29:44,16.5,0,23.48,0.82,
0,0.896,9706.67,36.9,7/21/2026 13:29:48,16.5,0,23.51,1.05,
0,0.882,9715,36.9,7/21/2026 13:29:54,16.5,0,23.49,0.92,
0,0.96,9721.67,36.9,7/21/2026 13:29:54,16.5,0,23.49,0.92,
0,0.962,9743.33,36.9,7/21/2026 13:29:58,16.5,0,23.24,1.45,
0,0.803,9767.5,36.9,7/21/2026 13:30:04,16.5,0,23.32,1.12,
0,0.975,9790,36.9,7/21/2026 13:30:09,16.5,0,23.65,0.95,
0,0.984,9813.33,36.9,7/21/2026 13:30:14,16.5,0,23.65,1.42,
0,0.961,9825.83,36.9,7/21/2026 13:30:18,16.5,0,23.59,1.29,
0,0.879,9855,36.9,7/21/2026 13:30:23,16.5,0,23.48,1.23,
0,0.997,9881.67,36.9,7/21/2026 13:30:28,16.5,0,23.66,1.09,
0,1.004,9980.83,36.9,7/21/2026 13:30:40,16.5,0,23.63,1.3,
0,1.004,9980.83,36.9,7/21/2026 13:30:41,16.5,0,23.44,1.43,
0,0.964,10027.5,36.9,7/21/2026 13:30:47,16.5,0,23.51,1.19,
0,0.964,10027.5,36.9,7/21/2026 13:30:52,16.5,0,23.51,0.89,
0,0.921,10169.17,36.9,7/21/2026 13:30:57,16.5,0,23.51,1.47,
0,0.878,10234.17,36.9,7/21/2026 13:31:02,16.5,0,23.77,1.11,
0,0.826,10356.67,36.9,7/21/2026 13:31:07,16.5,0,23.82,1.03,
0,0.912,10414.17,36.9,7/21/2026 13:31:11,16.5,0,23.66,1.22,
0,0.896,10574.17,36.9,7/21/2026 13:31:17,16.5,0,23.64,0.84,
0,1.066,10646.67,36.9,7/21/2026 13:31:21,16.5,0,23.69,1.38,
0,0.962,10770.83,36.9,7/21/2026 13:31:26,16.5,0,23.73,1,
0,1.068,10881.67,36.9,7/21/2026 13:31:31,16.5,0,23.7,1.3,
0,1.016,10999.17,36.9,7/21/2026 13:31:36,16.5,0,23.8,1.29,
0,1.016,10999.17,36.9,7/21/2026 13:31:36,16.5,0,23.8,1.29,
0,0.974,11063.33,36.9,7/21/2026 13:31:40,16.5,0,23.83,1.1,
0,1.071,11122.5,36.9,7/21/2026 13:31:45,16.5,0,23.73,1.08,
0,1.057,11181.67,36.9,7/21/2026 13:31:45,16.5,0,23.73,1.08,
0,1.057,11248.33,36.9,7/21/2026 13:31:49,16.5,0,23.76,0.93,
0,1.007,11309.17,36.9,7/21/2026 13:31:54,16.5,0,23.75,0.98,
0,0.933,11470.83,36.9,7/21/2026 13:31:59,16.5,0,23.51,0.83,
0,0.969,11552.5,36.9,7/21/2026 13:32:03,16.5,0,23.64,1.18,
0,0.919,11733.33,37,7/21/2026 13:32:08,16.5,0,23.75,1.25,
0,0.922,11818.33,36.9,7/21/2026 13:32:12,16.5,0,23.72,0.96,
0,0.995,12019.17,36.9,7/21/2026 13:32:17,16.5,0,23.91,0.88,
0,0.98,12130,37,7/21/2026 13:32:21,16.5,0,23.87,1.4,
0,0.965,12279.17,37.4,7/21/2026 13:32:21,16.5,0,23.87,1.4,
0,1.168,12424.17,37.4,7/21/2026 13:32:26,16.5,0,23.93,1.35,
0,1.005,12625,37.4,7/21/2026 13:32:30,16.5,0,23.99,1.37,
0,1.016,13012.5,37.4,7/21/2026 13:32:35,16.5,0,23.95,0.91,
0,0.943,13224.17,37.4,7/21/2026 13:32:39,16.5,0,24.01,1.39,
0,0.874,13545.83,37.4,7/21/2026 13:32:40,16.5,0,24.01,1.39,
0,1.043,14104.17,37.4,7/21/2026 13:32:44,16.5,0,24.22,1.24,
0,0.948,14740,37.4,7/21/2026 13:32:49,16.5,0,24.23,1.31,
0,1.03,15651.67,37.4,7/21/2026 13:32:53,16.5,0,24.36,1.49,
0,0.879,16113.33,37.4,7/21/2026 13:32:58,16.5,0,24.2,0.91,
0,1.044,16572.5,37.5,7/21/2026 13:33:02,16.5,0,24.54,0.97,
0,0.987,17293.33,38,7/21/2026 13:33:07,16.5,0,24.52,1.22,
0,0.987,18190.83,38,7/21/2026 13:33:12,16.5,0,24.6,1.14,
0,0.89,23740.83,38,7/21/2026 13:33:16,16.5,0,25,1.31,
0,1.114,26896.67,38,7/21/2026 13:33:20,16.5,0,25.24,0.8,
0,0.971,28262.5,38.5,7/21/2026 13:33:28,16.5,0,25.08,1.27,
0,0.977,24185,38.5,7/21/2026 13:33:29,16.5,0,25.08,1.27,
0,1.016,21388.33,38.5,7/21/2026 13:33:33,16.5,0,24.6,0.98,
0,0.906,19725,38.6,7/21/2026 13:33:38,16.5,0,24.31,0.83,
0,0.906,19725,38.6,7/21/2026 13:33:43,16.5,0,24.54,1.45,
0,0.98,19596.67,39,7/21/2026 13:33:48,16.5,0,24.17,1.48,
0,1.016,18305.83,39.1,7/21/2026 13:33:52,16.5,0,24.4,1.07,
0,1.058,18595,39.5,7/21/2026 13:33:57,16.5,0,24.39,0.97,
0,1.063,18926.67,39.5,7/21/2026 13:34:01,16.5,0,24.43,1.33,
0,1.05,18230.83,39.5,7/21/2026 13:34:06,16.5,0,24.34,1.2,
0,0.909,18474.17,39.5,7/21/2026 13:34:10,16.5,0,24.34,0.84,
0,1.007,18183.33,39.5,7/21/2026 13:34:15,16.5,0,24.3,1.32,
0,0.949,17602.5,39.5,7/21/2026 13:34:19,16.5,0,24.36,1.04,
0,1.069,17512.5,39.5,7/21/2026 13:34:24,16.5,0,24.29,1.43,
0,0.922,17377.5,39.5,7/21/2026 13:34:29,16.5,0,24.36,1.3,
0,1.031,17320.83,39.5,7/21/2026 13:34:34,16.5,0,24.22,0.84,
0,0.992,17291.67,39.5,7/21/2026 13:34:39,16.5,0,24.24,1.04,
0,1.009,17275,39.5,7/21/2026 13:34:44,16.5,0,24.09,1.43,
0,0.98,17360,39.5,7/21/2026 13:34:49,16.5,0,24.25,1.37,
0,0.949,17410.83,39.5,7/21/2026 13:34:49,16.5,0,24.25,1.37,
0,0.827,17481.67,39.5,7/21/2026 13:34:54,16.5,0,24.33,0.99,
0,0.952,17812.5,39.5,7/21/2026 13:35:01,16.5,0,24.21,1.19,
0,1.107,17957.5,39.5,7/21/2026 13:35:06,16.5,0,24.29,0.98,
0,0.967,18315.83,39.5,7/21/2026 13:35:13,16.5,0,24.36,0.85,
0,0.999,18755,39.6,7/21/2026 13:35:18,16.5,0,24.07,1,
0,0.934,19413.33,39.6,7/21/2026 13:35:25,16.5,0,24.32,0.85,
0,1.029,19927.5,39.6,7/21/2026 13:35:32,16.5,0,24.41,0.95,
0,1.03,20640,39.5,7/21/2026 13:35:37,16.5,0,24.47,1.41,
0,0.962,21547.5,39.5,7/21/2026 13:35:42,16.5,0,24.43,1.05,
0,0.962,21547.5,39.5,7/21/2026 13:35:42,16.5,0,24.43,1.05,
0,0.933,21648.33,39.5,7/21/2026 13:35:47,16.5,0,24.53,1.2,
0,1.034,20801.67,39.5,7/21/2026 13:35:52,16.5,0,24.55,1.38,
0,0.989,20104.17,39.5,7/21/2026 13:35:56,16.5,0,24.39,0.87,
0,1.077,19845,39.6,7/21/2026 13:36:02,16.5,0,24.4,1.25,
0,1.099,19920.83,39.6,7/21/2026 13:36:07,16.5,0,23.95,1.45,
0,1.02,20205.83,39.6,7/21/2026 13:36:11,16.5,0,24.4,1.11,
0,0.97,20126.67,39.8,7/21/2026 13:36:11,16.5,0,24.4,1.11,
0,0.972,20218.33,40.1,7/21/2026 13:36:16,16.5,0,24.4,1.4,
0,0.939,20305.83,40.1,7/21/2026 13:36:23,16.5,0,24.31,1.44,
0,1.083,20019.17,40.1,7/21/2026 13:36:34,16.5,0,24.3,1.15,
0,1.144,20313.33,39.6,7/21/2026 13:36:39,16.5,0,24.33,1.03,
0,0.945,19458.33,39.5,7/21/2026 13:36:45,16.5,0,24.29,1.24,
0,1.117,19216.67,39.5,7/21/2026 13:36:49,16.5,0,24.3,1.46,
0,0.974,19031.67,39.5,7/21/2026 13:36:55,16.5,0,24.32,1.37,
0,0.942,18925.83,39.5,7/21/2026 13:37:00,16.5,0,24.18,1.03,
0,1.034,18829.17,39.5,7/21/2026 13:37:05,16.5,0,24.3,1.18,
0,1.034,18829.17,39.5,7/21/2026 13:37:05,16.5,0,24.3,1.18,
0,0.946,18792.5,39.5,7/21/2026 13:37:10,16.5,0,24.2,1.16,
0,0.997,18760,39.5,7/21/2026 13:37:14,16.5,0,24.18,0.96,
0,1.117,18715.83,39.5,7/21/2026 13:37:19,16.5,0,24.01,1.4,
0,1.039,18644.17,39.6,7/21/2026 13:37:23,16.5,0,24.34,1.47,
0,1.161,18605.83,39.6,7/21/2026 13:37:28,16.5,0,24.16,1.48,
0,1.006,18535,40.1,7/21/2026 13:37:33,16.5,0,24.2,0.96,
0,1.026,18471.67,40,7/21/2026 13:37:38,16.5,0,24.17,1.01,
0,0.893,18435.83,40,7/21/2026 13:37:42,16.5,0,24.23,1.4,
0,1.049,18361.67,39.8,7/21/2026 13:37:47,16.5,0,23.61,1.31,
0,0.993,18260,39.6,7/21/2026 13:37:52,16.5,0,24.2,1.38,
0,1.067,18190.83,39.6,7/21/2026 13:37:57,16.5,0,24.09,0.88,
0,1.02,18058.33,39.6,7/21/2026 13:38:02,16.5,0,24.07,0.86,
0,0.998,18001.67,39.6,7/21/2026 13:38:06,16.5,0,24.09,1.39,
0,1.026,17926.67,39.6,7/21/2026 13:38:11,16.5,0,24.09,0.85,
0,1.046,17860,39.5,7/21/2026 13:38:11,16.5,0,24.09,0.85,
0,1.087,17778.33,39.5,7/21/2026 13:38:16,16.5,0,24.09,1.26,
0,1.118,17627.5,39.5,7/21/2026 13:38:21,16.5,0,24.03,1.25,
0,1.087,17564.17,39.5,7/21/2026 13:38:25,16.5,0,24.1,1.48,
0,1.035,17438.33,39.5,7/21/2026 13:38:31,16.5,0,24.17,1.44,
0,1.12,17310.83,39.5,7/21/2026 13:38:36,16.5,0,23.91,0.84,
0,0.983,17250.83,39.5,7/21/2026 13:38:41,16.5,0,24.28,0.88,
0,1.054,17112.5,39.6,7/21/2026 13:38:45,16.5,0,23.77,1.39,
0,0.951,17049.17,39.9,7/21/2026 13:38:50,16.5,0,24,1.3,
0,0.999,16997.5,40.1,7/21/2026 13:38:55,16.5,0,24.01,1.16,
0,1.122,16800,40.1,7/21/2026 13:39:01,16.5,0,23.91,0.94,
0,1.122,16800,40.1,7/21/2026 13:39:01,16.5,0,23.91,0.94,
0,1.048,16744.17,40.1,7/21/2026 13:39:07,16.5,0,23.83,1.49,
0,1.054,16600.83,40.1,7/21/2026 13:39:13,16.5,0,24.01,1.47,
0,1.064,16272.5,40.1,7/21/2026 13:39:27,16.5,0,23.95,1.29,
0,0.986,15997.5,40.1,7/21/2026 13:39:33,16.5,0,23.91,0.97,
0,0.961,15907.5,40.1,7/21/2026 13:39:37,16.5,0,23.83,0.81,
0,1.102,15738.33,40.1,7/21/2026 13:39:42,16.5,0,23.9,1.29,
0,1.09,15540.83,40.1,7/21/2026 13:39:47,16.5,0,23.88,0.89,
0,1.14,15429.17,40.1,7/21/2026 13:39:52,16.5,0,23.81,1.48,
0,0.975,15241.67,40.1,7/21/2026 13:39:56,16.5,0,23.82,1.08,
0,1.037,15075,40.1,7/21/2026 13:40:01,16.5,0,23.8,1.38,
0,1.173,14996.67,40.1,7/21/2026 13:40:06,16.5,0,23.51,1.46,
0,1.022,14828.33,40.1,7/21/2026 13:40:10,16.5,0,23.64,1.06,
0,1.032,14754.17,40.1,7/21/2026 13:40:15,16.5,0,23.74,1.28,
0,0.928,14609.17,40.1,7/21/2026 13:40:20,16.5,0,23.79,1.16,
0,1.021,14540.83,40.1,7/21/2026 13:40:24,16.5,0,23.77,1.08,
0,1.048,14368.33,40.1,7/21/2026 13:40:29,16.5,0,23.72,1.21,
0,1.048,14368.33,40.1,7/21/2026 13:40:33,16.5,0,23.7,1.01,
0,1.05,14115,40.1,7/21/2026 13:40:38,16.5,0,23.71,0.83,
0,1.022,14037.5,40.1,7/21/2026 13:40:42,16.5,0,23.66,1.16,
0,1.095,13961.67,40.1,7/21/2026 13:40:46,16.5,0,23.72,1.13,
0,1.021,13830,40.1,7/21/2026 13:40:52,16.5,0,23.69,0.99,
0,1.022,13680,40.1,7/21/2026 13:40:56,16.5,0,23.68,1.13,
0,1.022,13680,40.1,7/21/2026 13:40:56,16.5,0,23.68,1.13,
0,1.011,13623.33,39.6,7/21/2026 13:41:01,16.5,0,23.74,1.05,
0,1.006,13492.5,39.5,7/21/2026 13:41:06,16.5,0,23.62,0.98,
0,1.015,13346.67,39.5,7/21/2026 13:41:11,16.5,0,23.71,0.81,
0,1.115,13285,39.5,7/21/2026 13:41:15,16.5,0,23.51,0.83,
0,1.007,13135,39.5,7/21/2026 13:41:20,16.5,0,23.61,1.44,
0,1.077,12978.33,39.5,7/21/2026 13:41:24,16.5,0,23.51,0.84,
0,1.054,12897.5,39.5,7/21/2026 13:41:29,16.5,0,23.61,1.22,
0,1.105,12732.5,39.5,7/21/2026 13:41:34,16.5,0,23.42,0.86,
0,1.02,12638.33,39.5,7/21/2026 13:41:38,16.5,0,23.48,1.42,
0,1.037,12570,39.5,7/21/2026 13:41:38,16.5,0,23.48,1.42,
0,1.045,12497.5,39.5,7/21/2026 13:41:42,16.5,0,23.51,1.15,
0,1.072,12408.33,39.5,7/21/2026 13:41:47,16.5,0,23.45,1.31,
0,1.046,12335.83,39.5,7/21/2026 13:41:47,16.5,0,23.45,1.31,
0,0.988,12259.17,39.5,7/21/2026 13:41:52,16.5,0,23.36,1.44,
0,0.96,12142.5,39.5,7/21/2026 13:41:56,16.5,0,23.48,1.37,
0,0.968,12031.67,39.5,7/21/2026 13:42:01,16.5,0,23.51,1.42,
0,1.063,11903.33,39.5,7/21/2026 13:42:06,16.5,0,23.29,1.49,
0,1.083,11838.33,39.5,7/21/2026 13:42:11,16.5,0,23.24,0.9,
0,1.098,11718.33,39.1,7/21/2026 13:42:15,16.5,0,23.44,0.99,
0,0.951,11584.17,39,7/21/2026 13:42:20,16.5,0,23.42,1.19,
0,1.043,11456.67,39,7/21/2026 13:42:25,16.5,0,23.42,1.49,
0,1.126,11390.83,39,7/21/2026 13:42:29,16.5,0,23.41,1.24,
0,1.04,11269.17,39,7/21/2026 13:42:34,16.5,0,23.25,1.45,
0,1.043,11205,39,7/21/2026 13:42:39,16.5,0,23.22,1.49,
0,1.022,11004.17,39,7/21/2026 13:42:44,16.5,0,23.37,0.81,
0,1.009,10839.17,39,7/21/2026 13:42:49,16.5,0,23.24,0.82,
0,1.051,10766.67,39,7/21/2026 13:42:53,16.5,0,23.34,0.98,
0,1.034,10602.5,39,7/21/2026 13:42:58,16.5,0,23.44,0.86,
0,1.094,10537.5,39,7/21/2026 13:43:03,16.5,0,23.29,1.25,
0,1.019,10453.33,39,7/21/2026 13:43:03,16.5,0,23.29,1.25,
0,1.098,10380,38.9,7/21/2026 13:43:08,16.5,0,23.31,1.02,
0,0.982,10325.83,38.6,7/21/2026 13:43:12,16.5,0,23.28,1.43,
0,1.066,10218.33,38.5,7/21/2026 13:43:17,16.5,0,23.26,1.49,
0,1.098,10120.83,38.6,7/21/2026 13:43:22,16.5,0,23.22,1.26,
0,1.032,10029.17,38.5,7/21/2026 13:43:26,16.5,0,23.3,1.06,
0,1.102,9940,38.5,7/21/2026 13:43:31,16.5,0,23.25,1.07,
0,1.119,9889.17,38.5,7/21/2026 13:43:35,16.5,0,23.21,0.81,
0,1.025,9808.33,38.5,7/21/2026 13:43:40,16.5,0,23.26,0.91,
0,1.094,9697.5,38.5,7/21/2026 13:43:45,16.5,0,23.1,1.06,
0,1.075,9649.17,38.5,7/21/2026 13:43:49,16.5,0,23.21,1.03,
0,0.989,9540.83,38.5,7/21/2026 13:43:54,16.5,0,23.18,0.94,
0,1.087,9485,38.5,7/21/2026 13:43:58,16.5,0,23.2,0.98,
0,0.962,9435.83,38.5,7/21/2026 13:44:03,16.5,0,23.29,1.13,
0,0.912,9284.17,38.5,7/21/2026 13:44:07,16.5,0,23.15,1.38,
0,0.977,9240,38.5,7/21/2026 13:44:12,16.5,0,23.22,1.07,
0,0.963,9158.33,38.5,7/21/2026 13:44:16,16.5,0,23.1,1.22,
0,0.979,9090.83,38.5,7/21/2026 13:44:21,16.5,0,23.12,1.32,
0,0.979,9090.83,38.5,7/21/2026 13:44:21,16.5,0,23.12,1.32,
0,1.064,9034.17,38.4,7/21/2026 13:44:26,16.5,0,23.18,1.37,
0,0.989,8982.5,38,7/21/2026 13:44:31,16.5,0,23.12,0.82,
0,1.009,8921.67,38,7/21/2026 13:44:36,16.5,0,22.97,0.98,
0,0.982,8848.33,38,7/21/2026 13:44:44,16.5,0,23.12,1.25,
0,1.03,8871.67,38,7/21/2026 13:44:44,16.5,0,23.12,1.25,
0,0.945,8825.83,38,7/21/2026 13:44:49,16.5,0,23.19,1.35,
0,1.012,8773.33,38,7/21/2026 13:44:54,16.5,0,23.11,1.29,
0,0.939,8751.67,38,7/21/2026 13:44:59,16.5,0,23.23,1.02,
0,1.06,8727.5,38,7/21/2026 13:44:59,16.5,0,23.23,1.02,
0,0.969,8697.5,38,7/21/2026 13:45:04,16.5,0,23.04,1.19,
0,0.939,8647.5,38,7/21/2026 13:45:10,16.5,0,23.04,0.91,
0,1.024,8591.67,38,7/21/2026 13:45:14,16.5,0,23.1,1.48,
0,0.944,8534.17,38,7/21/2026 13:45:19,16.5,0,23.09,0.92,
0,0.865,8567.5,38,7/21/2026 13:45:18,16.5,0,23.09,0.92,
0,1.072,8480.83,38,7/21/2026 13:45:24,16.5,0,23.12,1.16,
0,1.072,8480.83,38,7/21/2026 13:45:29,16.5,0,23.19,1.35,
0,0.982,8428.33,38,7/21/2026 13:45:29,16.5,0,23.19,1.35,
0,0.953,8407.5,38,7/21/2026 13:45:34,16.5,0,22.92,0.91,
0,1.025,8385,38,7/21/2026 13:45:39,16.5,0,23.15,0.8,
0,0.966,8331.67,38,7/21/2026 13:45:44,16.5,0,23.15,1.02,
0,0.888,8299.17,38,7/21/2026 13:45:48,16.5,0,23.06,1.21,
0,0.991,8275.83,38,7/21/2026 13:45:53,16.5,0,23.09,0.97,
0,1.151,8266.67,38,7/21/2026 13:45:58,16.5,0,22.96,0.86,
0,1.029,8251.67,38,7/21/2026 13:45:58,16.5,0,22.96,0.86,
0,1.083,8230,38,7/21/2026 13:46:03,16.5,0,22.89,1.25,
0,1.034,8211.67,38,7/21/2026 13:46:08,16.5,0,23.2,1.23,
0,0.948,8187.5,38,7/21/2026 13:46:12,16.5,0,22.96,1.15,
0,0.948,8187.5,38,7/21/2026 13:46:17,16.5,0,22.85,1.42,
0,0.969,8160.83,38,7/21/2026 13:46:22,16.5,0,23.02,1.31,
0,0.943,8143.33,38,7/21/2026 13:46:26,16.5,0,23.05,1.16,
0,0.974,8111.67,38,7/21/2026 13:46:31,16.5,0,23.02,0.88,
0,1.044,8103.33,38,7/21/2026 13:46:35,16.5,0,23.1,0.9,
0,0.996,8090,38,7/21/2026 13:46:39,16.5,0,23.07,0.85,
0,1.052,8080,38,7/21/2026 13:46:39,16.5,0,23.07,0.85,
0,1.14,8067.5,38,7/21/2026 13:46:43,16.5,0,23.02,1.3,
0,1.042,8060,38,7/21/2026 13:46:47,16.5,0,23.05,1.36,
0,0.959,8050.83,38,7/21/2026 13:46:51,16.5,0,23.06,0.97,
0,0.967,8047.5,38,7/21/2026 13:46:56,16.5,0,23.07,0.91,
0,1.03,8041.67,38,7/21/2026 13:47:00,16.5,0,23.11,1.04,
0,0.957,8035.83,38,7/21/2026 13:47:04,16.5,0,22.96,0.84,
0,0.93,8032.5,38,7/21/2026 13:47:08,16.5,0,23.1,1.04,
0,0.856,8027.5,38,7/21/2026 13:47:12,16.5,0,23.18,1.18,
0,0.969,8028.33,38,7/21/2026 13:47:13,16.5,0,23.18,1.18,
0,0.993,8040,38,7/21/2026 13:47:17,16.5,0,23.15,1.11,
0,0.983,8051.67,38,7/21/2026 13:47:21,16.5,0,23.23,1.39,
0,0.983,8051.67,38,7/21/2026 13:47:22,16.5,0,23.23,1.39,
0,0.957,8052.5,38,7/21/2026 13:47:25,16.5,0,23.13,1,
0,1.02,8053.33,38,7/21/2026 13:47:29,16.5,0,23.13,1.45,
0,0.9,8057.5,38,7/21/2026 13:47:34,16.5,0,23.01,1.37,
0,0.853,8058.33,37.5,7/21/2026 13:47:34,16.5,0,23.01,1.37,
0,0.898,8055,37.4,7/21/2026 13:47:38,16.5,0,22.98,1.39,
0,0.979,8055,37.4,7/21/2026 13:47:42,16.5,0,23.12,1.22,
0,1.001,8063.33,37.4,7/21/2026 13:47:49,16.5,0,23.29,1.18,
0,1.001,8063.33,37.4,7/21/2026 13:47:50,16.5,0,23.29,1.18,
0,1.004,8067.5,37.4,7/21/2026 13:47:54,16.5,0,23.12,0.96,
0,1.004,8067.5,37.4,7/21/2026 13:47:59,16.5,0,23.22,0.84,
0,1.039,8075.83,37.4,7/21/2026 13:48:03,16.5,0,23.17,0.95,
0,1.039,8075.83,37.4,7/21/2026 13:48:08,16.5,0,23.23,1.33,
0,1.012,8065,37.4,7/21/2026 13:48:13,16.5,0,23.17,1.17,
0,1.017,8063.33,37.4,7/21/2026 13:48:17,16.5,0,23.18,1.23,
0,0.945,8061.67,37.4,7/21/2026 13:48:22,16.5,0,23.23,1.36,
0,1.008,8065,37.4,7/21/2026 13:48:28,16.5,0,23.33,0.89,
0,0.954,8068.33,37.4,7/21/2026 13:48:33,16.5,0,23.21,1.19,
0,1.058,8074.17,37.4,7/21/2026 13:48:37,16.5,0,23.15,0.83,
0,0.986,8092.5,37.4,7/21/2026 13:48:41,16.5,0,23.22,1.06,
0,1.07,8103.33,37.4,7/21/2026 13:48:46,16.5,0,23.22,0.98,
0,1.11,8110.83,37.4,7/21/2026 13:48:50,16.5,0,23.25,0.89,
0,1.019,8114.17,37.4,7/21/2026 13:48:54,16.5,0,23.21,0.96,
0,0.913,8110,37.4,7/21/2026 13:49:02,16.5,0,23.14,1.27,
0,0.978,8109.17,37.4,7/21/2026 13:49:06,16.5,0,23.18,1.1,
0,1.067,8100,37.4,7/21/2026 13:49:10,16.5,0,23.23,1.41,
0,0.975,8092.5,37.4,7/21/2026 13:49:15,16.5,0,23.22,1.37,
0,1.067,8077.5,37.4,7/21/2026 13:49:19,16.5,0,23.26,1.11,
0,1.193,8072.5,37.4,7/21/2026 13:49:23,16.5,0,23.03,1,
0,1.018,8068.33,37.4,7/21/2026 13:49:28,16.5,0,23.21,1.01,
0,1.06,8064.17,37.4,7/21/2026 13:49:32,16.5,0,23.26,1.04,
0,1.087,8048.33,37.4,7/21/2026 13:49:36,16.5,0,23.41,1.39,
0,1.025,8031.67,37.4,7/21/2026 13:49:40,16.5,0,23.28,1.04,
0,1.058,8014.17,37.4,7/21/2026 13:49:45,16.5,0,23.02,1.3,
0,1.05,7978.33,37.4,7/21/2026 13:49:49,16.5,0,23.31,0.85,
0,1.075,7958.33,37.4,7/21/2026 13:49:53,16.5,0,23.25,0.85,
0,1.112,7924.17,37.4,7/21/2026 13:49:58,16.5,0,23.17,0.86,
0,1.065,7902.5,37.4,7/21/2026 13:50:03,16.5,0,23.36,1.49,
0,0.977,7890.83,37.4,7/21/2026 13:50:07,16.5,0,23.26,1.03,
0,1.024,7865,37.4,7/21/2026 13:50:11,16.5,0,23.39,1.29,
0,1.067,7851.67,37.4,7/21/2026 13:50:15,16.5,0,23.25,1.05,
0,1.126,7841.67,37.4,7/21/2026 13:50:15,16.5,0,23.25,1.05,
0,1.041,7830,37.4,7/21/2026 13:50:19,16.5,0,23.24,0.97,
0,1.002,7815.83,37.4,7/21/2026 13:50:23,16.5,0,23.21,1.15,
0,1.016,7786.67,37.4,7/21/2026 13:50:28,16.5,0,23.23,0.85,
0,1.178,7756.67,37.4,7/21/2026 13:50:34,16.5,0,23.33,1.22,
0,0.964,7745,37.4,7/21/2026 13:50:39,16.5,0,23.23,0.99,
0,1.031,7734.17,37.4,7/21/2026 13:50:44,16.5,0,23.22,1.48,
0,1.056,7731.67,37.4,7/21/2026 13:50:48,16.5,0,23.23,1.21,
0,1.011,7720,37.4,7/21/2026 13:50:52,16.5,0,23.22,1.16,
0,1.044,7717.5,37.4,7/21/2026 13:50:57,16.5,0,23.22,1.04,
0,1.095,7715.83,37.4,7/21/2026 13:51:02,16.5,0,23.2,1.41,
0,1.033,7710,37.4,7/21/2026 13:51:06,16.5,0,23.21,0.97,
0,0.971,7702.5,37.4,7/21/2026 13:51:10,16.5,0,23.34,1.22,
0,0.999,7686.67,37.4,7/21/2026 13:51:15,16.5,0,23.24,1.13,
0,1.136,7680,37.4,7/21/2026 13:51:19,16.5,0,23.36,0.92,
0,0.958,7663.33,37.4,7/21/2026 13:51:24,16.5,0,23.21,1.48,
0,0.958,7663.33,37.4,7/21/2026 13:51:30,16.5,0,23.07,1.48,
0,1.003,7630.83,37.4,7/21/2026 13:51:34,16.5,0,23.02,1.13,
0,1.073,7613.33,37.4,7/21/2026 13:51:39,16.5,0,22.83,1.21,
0,1.12,7584.17,37.4,7/21/2026 13:51:44,16.5,0,23.19,0.93,
0,1.045,7568.33,37.4,7/21/2026 13:51:49,16.5,0,23.13,1.11,
0,1.116,7543.33,37.4,7/21/2026 13:51:54,16.5,0,23.19,1.22,
0,1.052,7515.83,37.4,7/21/2026 13:51:58,16.5,0,23.11,1.4,
0,1.034,7505.83,37.4,7/21/2026 13:52:03,16.5,0,23.18,1.15,
0,0.993,7490.83,37.4,7/21/2026 13:52:03,16.5,0,23.18,1.15,
0,1.062,7478.33,37.4,7/21/2026 13:52:09,16.5,0,23.05,1,
0,1.085,7464.17,37.4,7/21/2026 13:52:09,16.5,0,23.05,1,
0,1.062,7442.5,37.4,7/21/2026 13:52:14,16.5,0,23.33,1.43,
0,1.031,7387.5,37.4,7/21/2026 13:52:20,16.5,0,23.13,1.3,
0,1.101,7320.83,37.4,7/21/2026 13:52:24,16.5,0,23.23,1.49,
0,1.111,7293.33,37.4,7/21/2026 13:52:29,16.5,0,23.14,0.92,
0,1.095,7260.83,37.4,7/21/2026 13:52:30,16.5,0,23.14,0.92,
0,1.03,7230.83,37.4,7/21/2026 13:52:34,16.5,0,23.14,1.39,
0,1.076,7202.5,37.4,7/21/2026 13:52:38,16.5,0,23.1,1.43,
0,0.954,7182.5,37.4,7/21/2026 13:52:42,16.5,0,23.08,1.47,
0,1.037,7145.83,37.4,7/21/2026 13:52:42,16.5,0,23.08,1.47,
0,1.128,7112.5,37.4,7/21/2026 13:52:46,16.5,0,23.12,1.08,
0,1.191,7091.67,37.4,7/21/2026 13:52:51,16.5,0,23.21,1.1,
0,1.073,7042.5,37.4,7/21/2026 13:52:55,16.5,0,22.94,1.48,
0,1.062,7034.17,37.4,7/21/2026 13:53:00,16.5,0,22.93,1.31,
0,1.126,7022.5,37.4,7/21/2026 13:53:04,16.5,0,23.22,1.02,
0,1.089,7011.67,37.4,7/21/2026 13:53:08,16.5,0,23.09,1.1,
0,1.161,7000.83,37.4,7/21/2026 13:53:13,16.5,0,23.06,1.01,
0,1.026,7001.67,37.4,7/21/2026 13:53:17,16.5,0,23.19,0.88,
0,1.091,7005,37.4,7/21/2026 13:53:22,16.5,0,23.07,1.14,
0,1.036,7035.83,37.4,7/21/2026 13:53:26,16.5,0,23.2,1.45,
0,1.053,7046.67,37.4,7/21/2026 13:53:31,16.5,0,23.02,1.3,
0,1.096,7094.17,37.1,7/21/2026 13:53:35,16.5,0,23.1,1.3,
0,1.132,7115,36.9,7/21/2026 13:53:39,16.5,0,23.12,0.94,
0,1.105,7162.5,36.9,7/21/2026 13:53:44,16.5,0,23.12,0.86,
0,1.015,7184.17,36.9,7/21/2026 13:53:49,16.5,0,23.09,1.34,
0,0.986,7219.17,36.9,7/21/2026 13:53:54,16.5,0,23.12,1.08,
0,0.956,7234.17,36.9,7/21/2026 13:53:58,16.5,0,23.08,1.06,
0,1.074,7252.5,36.9,7/21/2026 13:53:58,16.5,0,23.08,1.06,
0,1.108,7265.83,36.9,7/21/2026 13:54:03,16.5,0,23.04,1.32,
0,1.1,7283.33,36.9,7/21/2026 13:54:07,16.5,0,23.11,0.97,
0,1.142,7301.67,36.9,7/21/2026 13:54:12,16.5,0,23.09,0.95,
0,1.107,7323.33,36.9,7/21/2026 13:54:16,16.5,0,23.12,0.94,
0,1.157,7343.33,36.9,7/21/2026 13:54:20,16.5,0,23.12,1.46,
0,1.122,7358.33,36.9,7/21/2026 13:54:24,16.5,0,23.1,0.91,
0,1.08,7376.67,36.9,7/21/2026 13:54:29,16.5,0,23.19,1.22,
0,1.08,7376.67,36.9,7/21/2026 13:54:33,16.5,0,23.17,1.34,
0,1.007,7425.83,36.9,7/21/2026 13:54:38,16.5,0,23.09,0.95,
0,1.042,7441.67,36.9,7/21/2026 13:54:42,16.5,0,23.13,1.24,
0,0.942,7454.17,36.9,7/21/2026 13:54:47,16.5,0,23.12,1.03,
0,1.009,7441.67,36.9,7/21/2026 13:54:47,16.5,0,23.12,1.03,
0,1.017,7427.5,36.9,7/21/2026 13:54:51,16.5,0,22.96,1.42,
0,0.978,7430,36.9,7/21/2026 13:54:56,16.5,0,23.05,1.14,
0,1.024,7449.17,36.9,7/21/2026 13:55:00,16.5,0,23.09,1.17,
0,1.033,7459.17,36.9,7/21/2026 13:55:05,16.5,0,23.13,1.14,
0,1.189,7466.67,36.9,7/21/2026 13:55:06,16.5,0,23.13,1.14,
0,1.054,7468.33,36.9,7/21/2026 13:55:11,16.5,0,23.07,1.27,
0,0.927,7512.5,36.9,7/21/2026 13:55:18,16.5,0,23.15,1.23,
0,1.062,7532.5,36.9,7/21/2026 13:55:23,16.5,0,23.1,1.12,
0,1.076,7560,36.9,7/21/2026 13:55:27,16.5,0,23.06,1.47,
0,1.074,7613.33,36.9,7/21/2026 13:55:32,16.5,0,23.13,0.85,
0,1.122,7641.67,36.9,7/21/2026 13:55:37,16.5,0,23.28,1.3,
0,1.043,7695.83,36.9,7/21/2026 13:55:41,16.5,0,23.22,1.44,
0,1.047,7739.17,36.9,7/21/2026 13:55:46,16.5,0,23.17,1.1,
0,1.115,7720.83,36.9,7/21/2026 13:55:46,16.5,0,23.17,1.1,
0,1.025,7752.5,36.9,7/21/2026 13:55:51,16.5,0,23.2,1.03,
0,1.014,7785.83,36.9,7/21/2026 13:55:56,16.5,0,23.19,1.49,
0,0.981,7799.17,36.9,7/21/2026 13:56:00,16.5,0,23.21,0.83,
0,0.981,7799.17,36.9,7/21/2026 13:56:00,16.5,0,23.21,0.83,
0,0.968,7808.33,36.9,7/21/2026 13:56:05,16.5,0,23.13,1.45,
0,1.052,7819.17,36.9,7/21/2026 13:56:11,16.5,0,23.02,0.89,
0,0.967,7824.17,36.9,7/21/2026 13:56:11,16.5,0,23.02,0.89,
0,1.093,7822.5,36.9,7/21/2026 13:56:15,16.5,0,22.76,1.26,
0,1.013,7803.33,36.9,7/21/2026 13:56:21,16.5,0,23.15,1.09,
0,0.996,7790,36.9,7/21/2026 13:56:25,16.5,0,23.02,1.24,
0,1.083,7777.5,36.9,7/21/2026 13:56:25,16.5,0,23.02,1.24,
0,0.954,7765,36.9,7/21/2026 13:56:29,16.5,0,23.15,1.06,
0,1.07,7767.5,36.9,7/21/2026 13:56:34,16.5,0,23.22,1.39,
0,1.019,7772.5,36.9,7/21/2026 13:56:39,16.5,0,23.15,1.13,
0,0.948,7800.83,36.9,7/21/2026 13:56:44,16.5,0,23.12,1.06,
0,0.918,7839.17,36.9,7/21/2026 13:56:49,16.5,0,23.19,1.17,
0,1.066,7878.33,36.9,7/21/2026 13:56:54,16.5,0,23.21,0.95,
0,0.962,7959.17,36.9,7/21/2026 13:57:00,16.5,0,23.28,1.37,
0,1.054,8057.5,36.3,7/21/2026 13:57:04,16.5,0,23.22,1.12,
0,1.062,8100,36.3,7/21/2026 13:57:09,16.5,0,23.26,0.84,
0,1.048,8180,36.3,7/21/2026 13:57:13,16.5,0,23.24,0.96,
0,0.91,8237.5,36.3,7/21/2026 13:57:18,16.5,0,23.22,1.12,
0,0.997,8244.17,36.3,7/21/2026 13:57:23,16.5,0,23.42,1.03,
0,0.979,8236.67,36.3,7/21/2026 13:57:28,16.5,0,23.14,0.81,
0,1.045,8225,36.3,7/21/2026 13:57:32,16.5,0,23.29,1.24,
0,1.007,8207.5,36.3,7/21/2026 13:57:38,16.5,0,23.32,1.27,
0,1.065,8180,36.3,7/21/2026 13:57:42,16.5,0,23.34,1.35,
0,1.027,8160,36.3,7/21/2026 13:57:48,16.5,0,23.09,1.4,
0,0.964,8155,36.3,7/21/2026 13:57:53,16.5,0,23.22,1.38,
0,0.982,8176.67,36.3,7/21/2026 13:57:57,16.5,0,23.29,1.45,
0,1.07,8218.33,36.3,7/21/2026 13:58:02,16.5,0,23.42,1.05,
0,1.156,8275.83,36.3,7/21/2026 13:58:10,16.5,0,23.07,1.03,
0,1.055,8292.5,36.3,7/21/2026 13:58:15,16.5,0,23.28,1.31,
0,1.073,8355.83,35.7,7/21/2026 13:58:21,16.5,0,23.31,1.11,
0,1.179,8380.83,35.6,7/21/2026 13:58:25,16.5,0,23.38,1.38,
0,1.071,8422.5,35.6,7/21/2026 13:58:30,16.5,0,23.5,1.22,
0,1.057,8439.17,35.6,7/21/2026 13:58:34,16.5,0,23.39,1.29,
0,0.979,8464.17,35.6,7/21/2026 13:58:40,16.5,0,23.37,1.1,
0,0.988,8456.67,35.6,7/21/2026 13:58:45,16.5,0,23.42,0.93,
0,0.965,8443.33,35.6,7/21/2026 13:58:49,16.5,0,23.22,1.03,
0,1.062,8432.5,35.6,7/21/2026 13:58:54,16.5,0,23.4,0.96,
0,1.053,8415.83,35.6,7/21/2026 13:58:58,16.5,0,23.38,1.43,
0,0.962,8417.5,35.6,7/21/2026 13:59:03,16.5,0,23.38,0.87,
0,1.02,8414.17,35.6,7/21/2026 13:59:07,16.5,0,23.31,1.45,
0,1.144,8405.83,35.6,7/21/2026 13:59:12,16.5,0,23.25,1.03,
0,0.986,8400,35.6,7/21/2026 13:59:17,16.5,0,23.16,1.29,
0,1.043,8390,35.6,7/21/2026 13:59:21,16.5,0,23.39,0.8,
0,1.11,8397.5,35.6,7/21/2026 13:59:26,16.5,0,23.37,1.4,
0,1.083,8420.83,35.6,7/21/2026 13:59:31,16.5,0,23.22,1.25,
0,0.996,8435.83,35.6,7/21/2026 13:59:36,16.5,0,23.26,1.09,
0,1.102,8522.5,36.3,7/21/2026 13:59:40,16.5,0,23.49,1.43,
0,1.154,8586.67,36.3,7/21/2026 13:59:46,16.5,0,23.4,1.32,
0,1.056,8625,36.3,7/21/2026 13:59:50,16.5,0,23.36,1.07,
0,1.037,8640,36.3,7/21/2026 13:59:55,16.5,0,23.42,0.82,
0,0.994,8666.67,36.3,7/21/2026 14:00:00,16.5,0,23.26,0.8,
0,1.108,8690.83,36.3,7/21/2026 14:00:05,16.5,0,23.42,1.27,
0,1.073,8730,36.3,7/21/2026 14:00:11,16.5,0,23.42,1.14,
0,1.006,8752.5,36.3,7/21/2026 14:00:15,16.5,0,23.44,1.46,
0,1.12,8755,36.3,7/21/2026 14:00:20,16.5,0,23.41,1.16,
0,1.108,8752.5,36.3,7/21/2026 14:00:24,16.5,0,23.51,1.27,
0,1.023,8737.5,36.3,7/21/2026 14:00:29,16.5,0,23.42,1.36,
0,1.152,8725.83,36.3,7/21/2026 14:00:34,16.5,0,23.22,1.02,
0,1.123,8711.67,36.3,7/21/2026 14:00:39,16.5,0,23.35,1.23,
0,1.016,8717.5,36.3,7/21/2026 14:00:43,16.5,0,23.34,1.24,
0,1.166,8725.83,36.3,7/21/2026 14:00:48,16.5,0,23.39,1.07,
0,1.215,8730.83,36.3,7/21/2026 14:00:53,16.5,0,23.31,1.41,
0,1.221,8738.33,36.3,7/21/2026 14:00:58,16.5,0,23.42,1.32,
0,1.11,8747.5,36.3,7/21/2026 14:01:02,16.5,0,23.39,1.43,
0,1.134,8753.33,36.3,7/21/2026 14:01:02,16.5,0,23.39,1.43,
0,1.196,8762.5,36.3,7/21/2026 14:01:07,16.5,0,23.36,0.99,
0,1.164,8786.67,36.3,7/21/2026 14:01:11,16.5,0,23.13,1.39,
0,1.086,8809.17,36.3,7/21/2026 14:01:16,16.5,0,23.4,1.32,
0,1.027,8985.83,36.3,7/21/2026 14:01:21,16.5,0,23.51,0.89,
0,1.113,9086.67,36.3,7/21/2026 14:01:26,16.5,0,23.48,1.08,
0,1.217,9379.17,36.3,7/21/2026 14:01:30,16.5,0,23.51,1.11,
0,1.217,9379.17,36.3,7/21/2026 14:01:35,16.5,0,23.63,1.47,
0,1.109,9585,36.3,7/21/2026 14:01:39,16.5,0,23.67,0.98,
0,1.057,10126.67,36.3,7/21/2026 14:01:44,16.5,0,23.68,1.32,
0,1.18,11246.67,36.3,7/21/2026 14:01:49,16.5,0,23.88,1.02,
0,1.18,11246.67,36.3,7/21/2026 14:01:49,16.5,0,23.88,1.02,
0,1.255,12058.33,36.3,7/21/2026 14:01:54,16.5,0,24.01,1.41,
0,1.132,12504.17,36.3,7/21/2026 14:01:59,16.5,0,24.1,1.19,
0,1.07,13324.17,36.3,7/21/2026 14:02:04,16.5,0,24.17,1.31,
0,1.064,14157.5,36.3,7/21/2026 14:02:09,16.5,0,24.61,1.06,
0,1.081,22552.5,36.3,7/21/2026 14:02:16,16.5,0,24.96,1.41,
0,2.371,34127.5,36.9,7/21/2026 14:02:21,16.5,0,25.83,1.26,
0,2.371,34127.5,36.9,7/21/2026 14:02:21,16.5,0,25.83,1.26,
0,1.908,32180.83,36.9,7/21/2026 14:02:26,16.5,0,25.56,0.93,
0,1.084,25705.83,36.9,7/21/2026 14:02:30,16.5,0,25.51,1.21,
0,1.288,25688.33,37.4,7/21/2026 14:02:35,16.5,0,25.19,1.44,
0,1.08,25575,37.4,7/21/2026 14:02:40,16.5,0,25.46,1.38,
0,1.774,32053.33,38,7/21/2026 14:02:45,16.5,0,25.67,1.19,
0,1.09,26080.83,38.5,7/21/2026 14:02:49,16.5,0,25.27,1.13,
0,1.145,18540.83,38.5,7/21/2026 14:02:54,16.5,0,24.54,1.21,
0,1.186,15866.67,38.5,7/21/2026 14:02:54,16.5,0,24.54,1.21,
0,1.132,15300.83,38.5,7/21/2026 14:02:58,16.5,0,24.09,1.38,
0,1.133,14705,38.5,7/21/2026 14:03:04,16.5,0,24.12,0.82,
0,1.127,14658.33,38.5,7/21/2026 14:03:08,16.5,0,23.97,0.96,
0,1.116,15636.67,38.5,7/21/2026 14:03:13,16.5,0,24.21,1.11,
0,1.094,18533.33,38.5,7/21/2026 14:03:18,16.5,0,25.33,0.84,
0,1.157,28835,38.5,7/21/2026 14:03:22,16.5,0,25.38,0.87,
0,1.177,26634.17,38.5,7/21/2026 14:03:27,16.5,0,25.09,1.29,
0,1.176,21159.17,38.6,7/21/2026 14:03:32,16.5,0,24.5,1.38,
0,1.108,14336.67,38.7,7/21/2026 14:03:37,16.5,0,24.04,1.43,
0,1.075,13407.5,38.6,7/21/2026 14:03:42,16.5,0,23.88,1.01,
0,1.053,13703.33,38.5,7/21/2026 14:03:46,16.5,0,24.03,1.02,
0,1.091,16984.17,38.5,7/21/2026 14:03:50,16.5,0,24.49,0.83,
0,1.108,17539.17,38.5,7/21/2026 14:03:55,16.5,0,24.2,1.05,
0,1.07,12037.5,38.5,7/21/2026 14:04:01,16.5,0,23.76,1.07,
0,1.067,11672.5,38.5,7/21/2026 14:04:05,16.5,0,23.4,0.84,
0,1.068,11055,38.6,7/21/2026 14:04:09,16.5,0,23.61,0.95,
0,1.049,10745.83,38.5,7/21/2026 14:04:14,16.5,0,23.61,1.33,
0,1.166,10379.17,38.5,7/21/2026 14:04:19,16.5,0,23.51,1.29,
0,1.174,10252.5,38.5,7/21/2026 14:04:24,16.5,0,23.36,1.1,
0,1.055,10173.33,38.5,7/21/2026 14:04:28,16.5,0,23.51,1.1,
0,1.099,10147.5,38.5,7/21/2026 14:04:33,16.5,0,23.39,0.91,
0,1.149,10154.17,38.5,7/21/2026 14:04:38,16.5,0,23.38,1.05,
0,1.145,10186.67,38.5,7/21/2026 14:04:42,16.5,0,23.34,0.86,
0,1.161,10224.17,38.5,7/21/2026 14:04:47,16.5,0,23.38,0.83,
0,1.174,10289.17,38.5,7/21/2026 14:04:52,16.5,0,23.46,0.82,
0,1.148,10355,38,7/21/2026 14:04:57,16.5,0,23.33,0.88,
0,1.148,10355,38,7/21/2026 14:04:57,16.5,0,23.33,0.88,
0,1.101,10403.33,38,7/21/2026 14:05:02,16.5,0,23.44,1.12,
0,1.119,10470.83,38,7/21/2026 14:05:07,16.5,0,23.42,1.21,
0,1.066,10510.83,38,7/21/2026 14:05:11,16.5,0,23.44,0.83,
0,1.168,10575.83,38,7/21/2026 14:05:16,16.5,0,23.51,1.42,
0,1.041,10735.83,38,7/21/2026 14:05:21,16.5,0,23.62,1,
0,1.049,10967.5,38,7/21/2026 14:05:26,16.5,0,23.44,0.98,
0,0.98,11269.17,38,7/21/2026 14:05:31,16.5,0,23.51,0.98,
0,1.11,11446.67,38,7/21/2026 14:05:36,16.5,0,23.69,1.29,
0,0.96,11920.83,38,7/21/2026 14:05:41,16.5,0,23.66,1.4,
0,1.149,12293.33,38,7/21/2026 14:05:46,16.5,0,23.81,1.46,
0,1.149,12293.33,38,7/21/2026 14:05:51,16.5,0,24.01,0.95,
0,1.03,14465.83,38,7/21/2026 14:05:56,16.5,0,24.3,0.83,
0,1.034,15512.5,38,7/21/2026 14:06:01,16.5,0,24.2,0.87,
0,1.187,16943.33,38,7/21/2026 14:06:06,16.5,0,24.32,0.9,
0,1.145,17967.5,38,7/21/2026 14:06:11,16.5,0,24.54,1.43,
0,1.131,19160.83,38,7/21/2026 14:06:15,16.5,0,24.9,1.34,
0,0.917,22970.83,38,7/21/2026 14:06:15,16.5,0,24.9,1.34,
0,1.075,25754.17,38.5,7/21/2026 14:06:20,16.5,0,25.19,0.85,
0,1.179,28215,38.5,7/21/2026 14:06:25,16.5,0,25.13,1.33,
0,1.257,32446.67,38.5,7/21/2026 14:06:29,16.5,0,25.49,0.97,
0,1.257,32446.67,38.5,7/21/2026 14:06:29,16.5,0,25.49,0.97,
0,1.586,34680.83,39,7/21/2026 14:06:34,16.5,0,25.58,1.27,
0,1.623,36020,39,7/21/2026 14:06:38,16.5,0,25.48,0.82,
0,1.683,37548.33,39.5,7/21/2026 14:06:43,16.5,0,25.59,1.18,
0,1.755,37889.16,39.5,7/21/2026 14:06:48,16.5,0,25.6,1.2,
0,1.675,38081.66,39.5,7/21/2026 14:06:48,16.5,0,25.6,1.2,
0,1.655,38178.33,40.1,7/21/2026 14:06:52,16.5,0,25.6,0.81,
0,1.691,38326.66,40.1,7/21/2026 14:06:57,16.5,0,25.69,1.43,
0,1.673,38280,40.6,7/21/2026 14:07:02,16.5,0,25.58,1.44,
0,1.602,38516.66,40.6,7/21/2026 14:07:07,16.5,0,25.58,1.18,
0,1.67,39196.66,41.1,7/21/2026 14:07:11,16.5,0,25.52,1.04,
0,1.681,39492.5,41.1,7/21/2026 14:07:16,16.5,0,25.52,1.19,
0,1.754,39594.16,41.1,7/21/2026 14:07:21,16.5,0,25.69,1.07,
0,1.723,39856.66,41.1,7/21/2026 14:07:21,16.5,0,25.69,1.07,
0,1.586,40065.83,41.6,7/21/2026 14:07:26,16.5,0,25.54,0.98,
0,1.466,40092.5,41.6,7/21/2026 14:07:31,16.5,0,25.54,1.48,
0,1.39,40336.66,42,7/21/2026 14:07:36,16.5,0,25.46,1.2,
0,1.541,40409.16,42,7/21/2026 14:07:40,16.5,0,25.49,0.91,
0,1.406,40748.33,42.5,7/21/2026 14:07:45,16.5,0,25.32,1.21,
0,1.435,39940.83,42.5,7/21/2026 14:07:50,16.5,0,25.36,1.12,
0,1.22,37387.5,43,7/21/2026 14:07:55,16.5,0,24.97,1.13,
0,1.231,31346.67,43,7/21/2026 14:08:00,16.5,0,24.9,1.28,
0,1.153,33062.5,43,7/21/2026 14:08:05,16.5,0,25.19,1.27,
0,1.046,34635.83,43.2,7/21/2026 14:08:09,16.5,0,25.17,0.8,
0,1.046,34635.83,43.2,7/21/2026 14:08:13,16.5,0,25.19,1.49,
0,1.12,34632.5,43.5,7/21/2026 14:08:18,16.5,0,25.05,1.4,
0,1.18,35975,43.5,7/21/2026 14:08:22,16.5,0,25.19,0.91,
0,1.144,33573.33,43.5,7/21/2026 14:08:28,16.5,0,24.85,1.48,
0,1.163,37374.16,43.5,7/21/2026 14:08:33,16.5,0,25.14,1.34,
0,1.243,38286.66,43.5,7/21/2026 14:08:38,16.5,0,24.95,1.01,
0,1.227,35170.83,43.9,7/21/2026 14:08:38,16.5,0,24.95,1.01,
0,1.133,38070.83,43.9,7/21/2026 14:08:44,16.5,0,24.87,1.32,
0,1.252,40723.33,43.9,7/21/2026 14:08:48,16.5,0,25.19,1.35,
0,1.143,40992.5,44,7/21/2026 14:08:53,16.5,0,25.36,1.27,
0,1.21,40555.83,44.4,7/21/2026 14:08:57,16.5,0,25.17,1.44,
0,1.196,40161.66,44.4,7/21/2026 14:09:02,16.5,0,25.17,0.99,
0,0.968,41161.66,44.8,7/21/2026 14:09:06,16.5,0,25.19,0.86,
0,1.199,41489.16,44.8,7/21/2026 14:09:10,16.5,0,25.12,0.96,
0,1.117,41573.33,44.8,7/21/2026 14:09:15,16.5,0,25.09,1.34,
0,1.096,42455,44.8,7/21/2026 14:09:21,16.5,0,25.14,1.17,
0,1.196,41836.66,45,7/21/2026 14:09:26,16.5,0,24.86,1.37,
0,1.138,38860.83,45.3,7/21/2026 14:09:32,16.5,0,25.03,0.91,
0,1.117,32858.33,45.3,7/21/2026 14:09:38,16.5,0,24.98,1.13,
0,0.97,23939.17,45.3,7/21/2026 14:09:43,16.5,0,24.12,0.8,
0,1.131,23408.33,45.3,7/21/2026 14:09:43,16.5,0,24.12,0.8,
0,1.131,23408.33,45.3,7/21/2026 14:09:47,16.5,0,24.56,1.26,
0,1.167,33973.33,45.3,7/21/2026 14:09:52,16.5,0,24.96,1.28,
0,0.972,39027.5,45.3,7/21/2026 14:09:56,16.5,0,25,1.27,
0,0.972,39027.5,45.3,7/21/2026 14:10:01,16.5,0,24.68,0.81,
0,1.145,36185,45.3,7/21/2026 14:10:06,16.5,0,24.95,1.28,
0,1.038,37625,45.3,7/21/2026 14:10:10,16.5,0,24.9,1.38,
0,0.988,38446.66,45.7,7/21/2026 14:10:14,16.5,0,24.95,1.48,
0,1.128,39331.66,45.7,7/21/2026 14:10:19,16.5,0,24.5,1.23,
0,1.182,39743.33,45.7,7/21/2026 14:10:23,16.5,0,24.99,1.47,
0,1.083,40079.16,45.7,7/21/2026 14:10:28,16.5,0,24.99,1.29,
0,1.052,40442.5,45.7,7/21/2026 14:10:29,16.5,0,24.99,1.29,
0,1.128,40640.83,45.7,7/21/2026 14:10:33,16.5,0,24.97,1.2,
0,1.116,41460,45.7,7/21/2026 14:10:44,16.5,0,24.93,1.36,
0,1.142,41557.5,45.7,7/21/2026 14:10:46,16.5,0,25.05,1.12,
0,1.14,41777.5,45.7,7/21/2026 14:10:51,16.5,0,24.98,0.94,
0,1.181,21596.67,45.7,7/21/2026 14:10:55,16.5,0,23.75,1.49,
0,1.147,39760,45.7,7/21/2026 14:10:55,16.5,0,23.75,1.49,
0,1.227,18117.5,45.7,7/21/2026 14:11:00,16.5,0,23.64,0.98,
0,1.03,21715.83,45.7,7/21/2026 14:11:05,16.5,0,23.78,1.43,
0,1.183,21574.17,45.7,7/21/2026 14:11:10,16.5,0,23.48,1.35,
0,1.106,16671.67,45.3,7/21/2026 14:11:15,16.5,0,23.26,1.05,
0,1.071,15515.83,45.3,7/21/2026 14:11:20,16.5,0,23.15,1.2,
0,1.25,14678.33,45.3,7/21/2026 14:11:24,16.5,0,23.01,1.32,
0,1.052,13604.17,45.2,7/21/2026 14:11:29,16.5,0,23.32,1.32,
0,1.089,19345,44.8,7/21/2026 14:11:33,16.5,0,23.78,0.97,
0,1.073,24446.67,44.8,7/21/2026 14:11:38,16.5,0,24.3,0.83,
0,1.104,18685.83,44.4,7/21/2026 14:11:42,16.5,0,23.45,1.48,
0,1.129,19976.67,44.4,7/21/2026 14:11:46,16.5,0,23.51,0.89,
0,1.049,15610.83,44.4,7/21/2026 14:11:51,16.5,0,23.03,1.03,
0,1.122,13221.67,44.4,7/21/2026 14:11:55,16.5,0,22.99,0.93,
0,1.238,13013.33,43.9,7/21/2026 14:11:59,16.5,0,22.98,0.85,
0,1.089,13237.5,43.9,7/21/2026 14:11:59,16.5,0,22.98,0.85,
0,1.225,12601.67,43.9,7/21/2026 14:12:04,16.5,0,22.99,1.45,
0,1.123,12405,43.5,7/21/2026 14:12:10,16.5,0,22.79,0.89,
0,1.163,12653.33,43.5,7/21/2026 14:12:15,16.5,0,23.22,1.03,
0,1.121,20413.33,43,7/21/2026 14:12:19,16.5,0,23.88,1.25,
0,1.169,21325.83,43,7/21/2026 14:12:24,16.5,0,24.09,0.95,
0,1.168,22064.17,43,7/21/2026 14:12:28,16.5,0,24.04,1.08,
0,1.14,32495,42.8,7/21/2026 14:12:33,16.5,0,24.67,1.04,
0,0.947,24060,43,7/21/2026 14:12:38,16.5,0,24.2,0.97,
0,1.086,19530.83,43,7/21/2026 14:12:43,16.5,0,24.33,0.93,
0,1.15,27330.83,43,7/21/2026 14:12:48,16.5,0,24.29,0.81,
0,1.132,19250,43,7/21/2026 14:12:53,16.5,0,23.81,1.24,
0,1.134,21253.33,43,7/21/2026 14:12:58,16.5,0,24.2,1.21,
0,1.038,23865,43,7/21/2026 14:12:58,16.5,0,24.2,1.21,
0,1.117,25642.5,43,7/21/2026 14:13:02,16.5,0,24.46,1.46,
0,1.207,30627.5,43,7/21/2026 14:13:06,16.5,0,24.92,1.48,
0,1.103,23294.17,43,7/21/2026 14:13:11,16.5,0,24.22,1.33,
0,1.124,26221.67,43,7/21/2026 14:13:15,16.5,0,24.38,0.98,
0,1.094,26380,43,7/21/2026 14:13:21,16.5,0,24.25,1.23,
0,1.161,18948.33,43,7/21/2026 14:13:25,16.5,0,23.73,1.49,
0,1.165,18124.17,43,7/21/2026 14:13:30,16.5,0,23.75,1.24,
0,0.886,16013.33,43,7/21/2026 14:13:34,16.5,0,23.45,1.29,
0,0.886,16013.33,43,7/21/2026 14:13:34,16.5,0,23.45,1.29,
0,1.041,19235.83,43,7/21/2026 14:13:39,16.5,0,23.85,0.84,
0,1.077,17404.17,42.6,7/21/2026 14:13:43,16.5,0,23.51,1.3,
0,1.047,15697.5,42.6,7/21/2026 14:13:48,16.5,0,23.46,1.05,
0,1.01,17071.67,42.5,7/21/2026 14:13:52,16.5,0,23.72,0.85,
0,1.103,16388.33,42.5,7/21/2026 14:13:52,16.5,0,23.72,0.85,
0,1.21,15980,42.5,7/21/2026 14:13:57,16.5,0,23.51,1.41,
0,1.069,17577.5,42.5,7/21/2026 14:14:01,16.5,0,23.81,1.43,
0,1.079,20412.5,42.5,7/21/2026 14:14:05,16.5,0,24.09,0.94,
0,0.981,25409.17,42.5,7/21/2026 14:14:10,16.5,0,24.51,1.28,
0,1.021,16252.5,42.5,7/21/2026 14:14:14,16.5,0,23.43,1.33,
0,1.051,15016.67,42.5,7/21/2026 14:14:19,16.5,0,23.15,1.38,
0,1.051,15016.67,42.5,7/21/2026 14:14:19,16.5,0,23.15,1.38,
0,1.08,14880,42.5,7/21/2026 14:14:23,16.5,0,23.28,1.47,
0,1.031,14855,42.5,7/21/2026 14:14:28,16.5,0,23.29,1.46,
0,1.043,15149.17,42.5,7/21/2026 14:14:33,16.5,0,23.41,0.86,
0,1.132,15733.33,42.5,7/21/2026 14:14:37,16.5,0,23.62,1.27,
0,1.116,23252.5,42.5,7/21/2026 14:14:42,16.5,0,24.33,1.32,
0,1.04,29278.33,42.5,7/21/2026 14:14:47,16.5,0,24.64,1.18,
0,0.969,32054.17,42.5,7/21/2026 14:14:51,16.5,0,25.03,1.33,
0,1.08,26212.5,42.5,7/21/2026 14:14:56,16.5,0,24.21,1.18,
0,1.148,26855.83,42.5,7/21/2026 14:15:01,16.5,0,24.47,1.22,
0,1.067,20581.67,43,7/21/2026 14:15:06,16.5,0,24.04,0.98,
0,1.03,18617.5,43,7/21/2026 14:15:10,16.5,0,23.79,1.1,
0,0.99,20858.33,43,7/21/2026 14:15:15,16.5,0,24.1,1.44,
0,0.919,26878.33,43,7/21/2026 14:15:20,16.5,0,24.44,1.19,
0,1.023,26760,43,7/21/2026 14:15:24,16.5,0,24.63,1.02,
0,1.187,31342.5,43,7/21/2026 14:15:28,16.5,0,24.75,0.96,
0,0.988,33678.33,43,7/21/2026 14:15:33,16.5,0,24.87,1.19,
0,1.018,36345,43,7/21/2026 14:15:38,16.5,0,24.99,1.27,
0,1.16,38160,43,7/21/2026 14:15:43,16.5,0,25.12,0.8,
0,1.049,39201.66,43.5,7/21/2026 14:15:48,16.5,0,25.2,1.37,
0,1.084,39660,43.5,7/21/2026 14:15:52,16.5,0,25.19,1.49,
0,1.112,39575,43.5,7/21/2026 14:15:57,16.5,0,25.16,0.88,
0,1.082,39216.66,43.9,7/21/2026 14:16:03,16.5,0,25.02,1.11,
0,1.048,39342.5,43.9,7/21/2026 14:16:07,16.5,0,25.12,1.31,
0,1.033,39400.83,43.9,7/21/2026 14:16:12,16.5,0,25.03,0.83,
0,1.096,39894.16,44.4,7/21/2026 14:16:17,16.5,0,25,0.83,
0,1.099,40085.83,44.4,7/21/2026 14:16:21,16.5,0,24.98,1.38,
0,1.099,40085.83,44.4,7/21/2026 14:16:21,16.5,0,24.98,1.38,
0,0.982,40383.33,44.4,7/21/2026 14:16:26,16.5,0,25.01,1.19,
0,1.005,40308.33,44.8,7/21/2026 14:16:31,16.5,0,25.11,1.17,
0,1.009,40598.33,44.8,7/21/2026 14:16:41,16.5,0,24.99,1.16,
0,1.072,40472.5,44.8,7/21/2026 14:16:41,16.5,0,24.99,1.16,
0,1.009,40598.33,44.8,7/21/2026 14:16:43,16.5,0,24.47,0.81,
0,1.019,40843.33,44.8,7/21/2026 14:16:48,16.5,0,24.98,1.12,
0,1.116,40829.16,44.8,7/21/2026 14:16:52,16.5,0,24.99,1.41,
0,1.167,40915,44.8,7/21/2026 14:16:57,16.5,0,24.84,1.43,
0,1.106,41228.33,45.3,7/21/2026 14:17:05,16.5,0,24.51,0.93,
0,0.997,41271.66,45.3,7/21/2026 14:17:10,16.5,0,24.99,1.4,
0,1.081,40840.83,45.3,7/21/2026 14:17:15,16.5,0,24.99,1.09,
0,1.081,40840.83,45.3,7/21/2026 14:17:15,16.5,0,24.99,1.09,
0,1.032,40569.16,45.3,7/21/2026 14:17:19,16.5,0,25.02,1.03,
0,1.136,40621.66,45.3,7/21/2026 14:17:23,16.5,0,24.6,1,
0,1.078,40842.5,45.4,7/21/2026 14:17:28,16.5,0,24.6,1.38,
0,1.063,40531.66,45.7,7/21/2026 14:17:33,16.5,0,24.81,1.21,
0,1.024,40451.66,45.7,7/21/2026 14:17:37,16.5,0,24.92,1.04,
0,0.998,40345.83,45.7,7/21/2026 14:17:42,16.5,0,24.76,0.8,
0,1.112,40353.33,45.7,7/21/2026 14:17:46,16.5,0,24.86,1.38,
0,1.112,40353.33,45.7,7/21/2026 14:17:46,16.5,0,24.86,1.38,
0,1.122,40280.83,45.7,7/21/2026 14:17:51,16.5,0,24.77,1.06,
0,1.027,39930,46.2,7/21/2026 14:17:56,16.5,0,24.8,1.07,
0,1.089,39895,46.2,7/21/2026 14:18:00,16.5,0,25.06,1.18,
0,1.137,39564.16,46.2,7/21/2026 14:18:05,16.5,0,24.82,1.06,
0,1.059,39220,46.2,7/21/2026 14:18:10,16.5,0,24.79,1.01,
0,0.946,39321.66,46.2,7/21/2026 14:18:15,16.5,0,24.76,0.9,
0,1.008,39622.5,46.2,7/21/2026 14:18:19,16.5,0,24.79,1.03,
0,0.958,39516.66,46.2,7/21/2026 14:18:24,16.5,0,24.79,1.37,
0,1.161,39547.5,47.1,7/21/2026 14:18:29,16.5,0,24.87,0.85,
0,0.911,39756.66,47.1,7/21/2026 14:18:34,16.5,0,24.73,1.13,
0,1.107,39904.16,47.1,7/21/2026 14:18:39,16.5,0,24.69,1.3,
0,1.193,39504.16,47.1,7/21/2026 14:18:44,16.5,0,24.78,0.95,
0,1.193,39504.16,47.1,7/21/2026 14:18:49,16.5,0,24.54,0.96,
0,1.106,39361.66,47.1,7/21/2026 14:18:54,16.5,0,24.69,1.29,
0,1.064,39546.66,47.1,7/21/2026 14:18:59,16.5,0,24.66,0.84,
0,1.016,39687.5,47.6,7/21/2026 14:18:59,16.5,0,24.66,0.84,
0,1.068,39720.83,47.6,7/21/2026 14:19:04,16.5,0,24.71,0.9,
0,1.109,40160.83,47.6,7/21/2026 14:19:09,16.5,0,24.73,1.47,
0,1.241,40214.16,47.6,7/21/2026 14:19:14,16.5,0,24.68,1.23,
0,1.169,40285.83,47.6,7/21/2026 14:19:19,16.5,0,24.69,1.15,
0,1.23,40347.5,47.6,7/21/2026 14:19:24,16.5,0,24.61,0.99,
0,1.029,40240.83,47.9,7/21/2026 14:19:28,16.5,0,24.7,1.2,
0,1.028,39889.16,48.2,7/21/2026 14:19:35,16.5,0,24.6,0.98,
0,1.112,39692.5,48.2,7/21/2026 14:19:40,16.5,0,24.66,1.41,
0,1.082,39603.33,48.2,7/21/2026 14:19:40,16.5,0,24.66,1.41,
0,1.137,39427.5,48.2,7/21/2026 14:19:45,16.5,0,24.6,1.33,
0,1.207,39143.33,48.2,7/21/2026 14:19:49,16.5,0,24.59,0.94,
0,1.111,39295.83,48.2,7/21/2026 14:19:56,16.5,0,24.57,1.19,
0,1.151,39288.33,48.2,7/21/2026 14:20:03,16.5,0,24.36,1.29,
0,1.21,39287.5,48.2,7/21/2026 14:20:03,16.5,0,24.36,1.29,
0,1.127,39215.83,48.3,7/21/2026 14:20:08,16.5,0,24.54,0.97,
0,1.154,39237.5,48.7,7/21/2026 14:20:12,16.5,0,24.58,0.85,
0,1.161,39318.33,48.7,7/21/2026 14:20:18,16.5,0,24.58,0.91,
0,1.163,39396.66,48.7,7/21/2026 14:20:23,16.5,0,24.59,1.2,
0,1.227,39495,48.7,7/21/2026 14:20:29,16.5,0,24.66,1.28,
0,1.197,39504.16,48.7,7/21/2026 14:20:34,16.5,0,24.54,1,
0,1.167,39494.16,48.7,7/21/2026 14:20:39,16.5,0,24.54,1.12,
0,1.165,38892.5,48.7,7/21/2026 14:20:44,16.5,0,24.59,1.29,
0,1.258,38875.83,48.7,7/21/2026 14:20:49,16.5,0,24.46,1.4,
0,1.321,38909.16,48.7,7/21/2026 14:20:53,16.5,0,24.61,1.12,
0,1.225,39050.83,48.7,7/21/2026 14:20:58,16.5,0,24.41,1.22,
0,1.219,39134.16,48.7,7/21/2026 14:21:02,16.5,0,24.51,1.39,
0,1.161,39132.5,48.7,7/21/2026 14:21:06,16.5,0,24.52,1.11,
0,1.234,39268.33,48.7,7/21/2026 14:21:10,16.5,0,24.49,1.05,
0,1.109,39422.5,48.7,7/21/2026 14:21:15,16.5,0,24.49,0.9,
0,1.226,39372.5,48.7,7/21/2026 14:21:20,16.5,0,24.52,0.95,
0,1.095,39457.5,48.7,7/21/2026 14:21:24,16.5,0,24.14,1.24,
0,1.114,39432.5,48.7,7/21/2026 14:21:29,16.5,0,24.69,0.81,
0,1.236,39345,48.7,7/21/2026 14:21:29,16.5,0,24.69,0.81,
0,1.249,39180.83,48.7,7/21/2026 14:21:38,16.5,0,24.5,1.26,
0,1.268,38955.83,48.7,7/21/2026 14:21:41,16.5,0,24.48,1.33,
0,1.14,39036.66,48.7,7/21/2026 14:21:45,16.5,0,24.49,1.02,
0,1.154,39315.83,48.7,7/21/2026 14:21:50,16.5,0,24.4,0.86,
0,1.205,39245.83,48.7,7/21/2026 14:21:54,16.5,0,24.57,1.23,
0,1.264,39065.83,48.2,7/21/2026 14:21:59,16.5,0,24.54,1.38,
0,1.271,39086.66,48.2,7/21/2026 14:22:04,16.5,0,24.48,0.92,
0,1.291,38897.5,48.2,7/21/2026 14:22:08,16.5,0,24.49,1.34,
0,1.087,38855.83,48.2,7/21/2026 14:22:13,16.5,0,24.46,1.26,
0,1.176,38593.33,48.2,7/21/2026 14:22:17,16.5,0,24.48,0.98,
0,1.309,38463.33,48.2,7/21/2026 14:22:17,16.5,0,24.48,0.98,
0,1.107,38550.83,48.2,7/21/2026 14:22:22,16.5,0,24.47,1.45,
0,1.323,38636.66,48.2,7/21/2026 14:22:27,16.5,0,24.49,1.43,
0,1.228,38758.33,48.2,7/21/2026 14:22:31,16.5,0,24.43,1.21,
0,1.124,38401.66,48.2,7/21/2026 14:22:35,16.5,0,24.42,1.04,
0,1.298,38388.33,48.2,7/21/2026 14:22:40,16.5,0,24.42,0.97,
0,1.287,38100.83,48.2,7/21/2026 14:22:44,16.5,0,24.5,1.25,
0,1.198,37989.16,48.2,7/21/2026 14:22:48,16.5,0,24.43,0.82,
0,1.241,37684.16,48.2,7/21/2026 14:22:53,16.5,0,24.44,0.86,
0,1.241,37684.16,48.2,7/21/2026 14:22:53,16.5,0,24.44,0.86,
0,1.201,37535.83,48.2,7/21/2026 14:22:57,16.5,0,24.07,0.83,
0,1.129,37348.33,48.2,7/21/2026 14:23:02,16.5,0,24.48,1.46,
0,1.159,37130,47.6,7/21/2026 14:23:06,16.5,0,24.48,1.37,
0,1.309,36584.16,47.6,7/21/2026 14:23:12,16.5,0,24.39,1.38,
0,1.237,36513.33,47.6,7/21/2026 14:23:16,16.5,0,24.41,0.8,
0,1.211,36192.5,47.1,7/21/2026 14:23:21,16.5,0,24.39,1.31,
0,1.164,36018.33,47.1,7/21/2026 14:23:25,16.5,0,23.91,1.37,
0,1.243,35945.83,47.1,7/21/2026 14:23:29,16.5,0,24.44,1.03,
0,1.247,36019.16,47.1,7/21/2026 14:23:33,16.5,0,24.38,0.89,
0,1.297,35875,47.1,7/21/2026 14:23:38,16.5,0,24.46,1.23,
0,1.143,35975.83,47.1,7/21/2026 14:23:43,16.5,0,24.34,1.42,
0,1.141,36108.33,46.2,7/21/2026 14:23:51,16.5,0,24.47,1.08,
0,1.224,36048.33,46.2,7/21/2026 14:23:55,16.5,0,24.52,1.18,
0,1.219,36502.5,46.2,7/21/2026 14:23:59,16.5,0,24.5,1.06,
0,1.212,36692.5,46.2,7/21/2026 14:24:04,16.5,0,24.3,1.28,
0,1.282,36860.83,46.2,7/21/2026 14:24:04,16.5,0,24.3,1.28,
0,1.282,36860.83,46.2,7/21/2026 14:24:09,16.5,0,24.6,0.94,
0,1.21,37258.33,46.2,7/21/2026 14:24:15,16.5,0,24.42,0.85,
0,1.205,37205,46.2,7/21/2026 14:24:20,16.5,0,24.55,1.33,
0,1.186,37456.66,46.2,7/21/2026 14:24:25,16.5,0,24.46,1.02,
0,1.202,37661.66,46.2,7/21/2026 14:24:30,16.5,0,24.58,1.29,
0,1.2,37578.33,46.2,7/21/2026 14:24:35,16.5,0,24.58,1.27,
0,1.181,37425,46.2,7/21/2026 14:24:40,16.5,0,24.63,1.08,
0,1.321,37290.83,46.2,7/21/2026 14:24:45,16.5,0,24.47,1.41,
0,1.356,37026.66,46.2,7/21/2026 14:24:49,16.5,0,23.99,0.96,
0,1.47,36790,47.1,7/21/2026 14:24:55,16.5,0,24.52,0.92,
0,1.256,36762.5,47.1,7/21/2026 14:25:00,16.5,0,24.31,0.99,
0,1.191,36722.5,47.1,7/21/2026 14:25:04,16.5,0,24.47,1.35,
0,1.309,36655,47.1,7/21/2026 14:25:09,16.5,0,24.44,1.31,
0,1.309,36655,47.1,7/21/2026 14:25:09,16.5,0,24.44,1.31,
0,1.309,36655,47.1,7/21/2026 14:25:13,16.5,0,24.42,1.31,
0,1.269,36831.66,47.1,7/21/2026 14:25:18,16.5,0,24.3,1.04,
0,1.269,36831.66,47.1,7/21/2026 14:25:18,16.5,0,24.3,1.04,
0,1.3,36932.5,47.1,7/21/2026 14:25:23,16.5,0,24.49,1.48,
0,1.241,36984.16,47.1,7/21/2026 14:25:27,16.5,0,24.47,1.35,
0,1.307,36946.66,47.1,7/21/2026 14:25:31,16.5,0,24.46,1.25,
0,1.224,36665,47.1,7/21/2026 14:25:36,16.5,0,24.38,1.47,
0,1.215,36557.5,47.1,7/21/2026 14:25:40,16.5,0,24.31,1.37,
0,1.192,36553.33,47.1,7/21/2026 14:25:45,16.5,0,24.38,0.96,
0,1.332,36610,47.1,7/21/2026 14:25:50,16.5,0,24.46,0.93,
0,1.194,36640,47.1,7/21/2026 14:25:50,16.5,0,24.46,0.93,
0,1.247,36778.33,47.1,7/21/2026 14:25:54,16.5,0,24.48,0.97,
0,1.178,36850.83,47.2,7/21/2026 14:25:59,16.5,0,24.43,1.18,
0,1.205,36950.83,47.6,7/21/2026 14:26:04,16.5,0,24.49,1.05,
0,1.199,36885,47.6,7/21/2026 14:26:08,16.5,0,24.38,0.8,
0,1.1,36883.33,47.6,7/21/2026 14:26:12,16.5,0,24.46,0.86,
0,1.141,37135.83,47.6,7/21/2026 14:26:17,16.5,0,24.39,1.37,
0,1.183,37109.16,47.6,7/21/2026 14:26:22,16.5,0,24.55,1.05,
0,1.114,37058.33,47.6,7/21/2026 14:26:27,16.5,0,24.49,1.24,
0,1.197,36908.33,47.6,7/21/2026 14:26:31,16.5,0,24.43,1.12,
0,1.018,36840.83,47.6,7/21/2026 14:26:31,16.5,0,24.43,1.12,
0,1.219,36670,47.6,7/21/2026 14:26:35,16.5,0,24.58,1.44,
0,1.289,36481.66,47.6,7/21/2026 14:26:40,16.5,0,24.3,1.07,
0,1.289,36481.66,47.6,7/21/2026 14:26:40,16.5,0,24.3,1.07,
0,1.294,36512.5,47.6,7/21/2026 14:26:45,16.5,0,24.4,1.34,
0,1.218,36569.16,47.7,7/21/2026 14:26:49,16.5,0,24.43,1.35,
0,1.197,36587.5,47.6,7/21/2026 14:26:54,16.5,0,24.4,1.45,
0,1.266,36691.66,47.6,7/21/2026 14:26:58,16.5,0,24.3,1.07,
0,1.243,36665.83,47.7,7/21/2026 14:27:03,16.5,0,24.53,1.16,
0,1.223,36834.16,48.2,7/21/2026 14:27:07,16.5,0,24.39,1.12,
0,1.267,36320,48.2,7/21/2026 14:27:13,16.5,0,24.41,1.26,
0,1.256,36735,48.2,7/21/2026 14:27:17,16.5,0,24.57,1.21,
0,1.121,36650.83,48.2,7/21/2026 14:27:22,16.5,0,24.36,1.45,
0,1.215,36421.66,48.2,7/21/2026 14:27:27,16.5,0,24.41,1.27,
0,1.08,36257.5,48.2,7/21/2026 14:27:31,16.5,0,24.36,1.49,
0,1.165,36016.66,48.2,7/21/2026 14:27:35,16.5,0,24.46,0.95,
0,1.145,36018.33,48.2,7/21/2026 14:27:40,16.5,0,24.21,1.07,
0,1.129,36021.66,48.2,7/21/2026 14:27:45,16.5,0,24.36,1.1,
0,1.14,35972.5,48.7,7/21/2026 14:27:51,16.5,0,24.36,1.1,
0,1.221,35901.66,48.7,7/21/2026 14:27:56,16.5,0,24.24,0.91,
0,1.256,35707.5,48.7,7/21/2026 14:28:09,16.5,0,24.31,1.16,
0,1.256,35707.5,48.7,7/21/2026 14:28:09,16.5,0,23.81,1.41,
0,1.153,35555,48.7,7/21/2026 14:28:16,16.5,0,24.32,1.42,
0,1.243,35835.83,48.7,7/21/2026 14:28:20,16.5,0,24.39,1,
0,1.198,36113.33,49.2,7/21/2026 14:28:27,16.5,0,24.31,1.15,
0,1.229,36052.5,49.2,7/21/2026 14:28:33,16.5,0,24.17,0.97,
0,1.198,35965.83,49.2,7/21/2026 14:28:37,16.5,0,24.3,1.06,
0,1.235,36017.5,49.2,7/21/2026 14:28:37,16.5,0,24.3,1.06,
0,1.105,35859.16,49.2,7/21/2026 14:28:42,16.5,0,24.28,1.07,
0,1.008,35740.83,49.2,7/21/2026 14:28:47,16.5,0,24.3,1.39,
0,1.008,35740.83,49.2,7/21/2026 14:28:47,16.5,0,24.3,1.39,
0,1.211,35820.83,49.2,7/21/2026 14:28:51,16.5,0,24.2,1.07,
0,1.151,35804.16,49.2,7/21/2026 14:28:56,16.5,0,24.27,1.49,
0,1.218,35861.66,49.2,7/21/2026 14:29:00,16.5,0,24.42,1.07,
0,1.218,35861.66,49.2,7/21/2026 14:29:05,16.5,0,24.33,0.89,
0,1.218,35861.66,49.2,7/21/2026 14:29:09,16.5,0,24.39,1.37,
0,1.218,35861.66,49.2,7/21/2026 14:29:13,16.5,0,24.59,1.29,
0,1.237,36415,48.8,7/21/2026 14:29:18,16.5,0,24.4,1.46,
0,1.207,36355,48.7,7/21/2026 14:29:22,16.5,0,24.65,1.44,
0,1.219,35998.33,48.7,7/21/2026 14:29:26,16.5,0,24.25,1.23,
0,1.173,35937.5,48.7,7/21/2026 14:29:30,16.5,0,24.39,1.11,
0,1.241,35726.66,48.7,7/21/2026 14:29:35,16.5,0,24.37,1.38,
0,1.096,35521.66,48.3,7/21/2026 14:29:39,16.5,0,24.34,0.94,
0,1.096,35521.66,48.3,7/21/2026 14:29:39,16.5,0,24.34,0.94,
0,1.164,35277.5,48.2,7/21/2026 14:29:44,16.5,0,24.32,1.33,
0,1.204,35506.66,48.2,7/21/2026 14:29:48,16.5,0,24.33,1.19,
0,1.196,35612.5,48.2,7/21/2026 14:29:53,16.5,0,24.2,1.06,
0,1.203,35595,48.3,7/21/2026 14:29:53,16.5,0,24.2,1.06,
0,1.196,35466.66,48.6,7/21/2026 14:29:57,16.5,0,24.48,1.05,
0,1.105,35250,48.7,7/21/2026 14:30:03,16.5,0,24.64,1.18,
0,1.152,35200.83,48.7,7/21/2026 14:30:07,16.5,0,24.43,0.99,
0,1.317,35160,48.7,7/21/2026 14:30:07,16.5,0,24.43,0.99,
0,1.111,35095,48.7,7/21/2026 14:30:12,16.5,0,24.4,1.38,
0,1.028,34983.33,48.2,7/21/2026 14:30:16,16.5,0,24.39,0.96,
0,1.156,34825,48.2,7/21/2026 14:30:21,16.5,0,24.25,1.26,
0,1.253,35130,47.6,7/21/2026 14:30:25,16.5,0,24.41,1.27,
0,1.234,35414.16,47.6,7/21/2026 14:30:30,16.5,0,24.38,1.15,
0,1.213,35489.16,47.6,7/21/2026 14:30:35,16.5,0,24.46,1.06,
0,1.113,35467.5,47.6,7/21/2026 14:30:39,16.5,0,24.38,0.92,
0,1.169,35548.33,47.6,7/21/2026 14:30:43,16.5,0,24.44,0.99,
0,1.164,35604.16,47.6,7/21/2026 14:30:48,16.5,0,24.37,0.81,
0,1.057,35580,47.6,7/21/2026 14:30:53,16.5,0,24.39,1.14,
0,1.171,35406.66,47.6,7/21/2026 14:30:53,16.5,0,24.39,1.14,
0,1.152,35264.16,47.6,7/21/2026 14:30:57,16.5,0,24.37,1.15,
0,1.252,35063.33,47.6,7/21/2026 14:31:01,16.5,0,24.36,1.23,
0,1.186,34897.5,47.6,7/21/2026 14:31:01,16.5,0,24.36,1.23,
0,1.278,34739.16,47.6,7/21/2026 14:31:06,16.5,0,24.12,1.39,
0,1.302,34532.5,47.6,7/21/2026 14:31:12,16.5,0,24.12,1.27,
0,1.09,34329.16,47.6,7/21/2026 14:31:17,16.5,0,24.4,1.3,
0,1.252,33921.66,47.2,7/21/2026 14:31:17,16.5,0,24.4,1.3,
0,1.232,33640.83,47.2,7/21/2026 14:31:22,16.5,0,24.39,1.24,
0,1.178,32740,47.1,7/21/2026 14:31:27,16.5,0,24.37,0.94,
0,1.268,32849.16,47.1,7/21/2026 14:31:32,16.5,0,24.28,1.27,
0,1.182,31876.67,47.1,7/21/2026 14:31:37,16.5,0,24.24,0.86,
0,1.281,31329.17,47.1,7/21/2026 14:31:41,16.5,0,24.2,1.2,
0,1.298,31996.67,47.1,7/21/2026 14:31:46,16.5,0,24.21,0.97,
0,1.206,32114.17,47.6,7/21/2026 14:31:50,16.5,0,24.2,1.49,
0,1.167,32197.5,47.6,7/21/2026 14:31:55,16.5,0,24.3,1.32,
0,1.297,31599.17,47.6,7/21/2026 14:31:59,16.5,0,24.09,0.97,
0,1.154,31788.33,47.6,7/21/2026 14:32:04,16.5,0,24.11,0.88,
0,1.274,32970.83,47.6,7/21/2026 14:32:10,16.5,0,24.3,1.1,
0,1.183,33489.16,47.6,7/21/2026 14:32:18,16.5,0,24.4,1.32,
0,1.213,33895,47.6,7/21/2026 14:32:18,16.5,0,24.4,1.32,
0,1.318,34109.16,47.6,7/21/2026 14:32:22,16.5,0,24.39,1.21,
0,1.27,34852.5,47.6,7/21/2026 14:32:27,16.5,0,24.34,1.08,
0,1.27,34852.5,47.6,7/21/2026 14:32:27,16.5,0,24.34,1.08,
0,1.225,34887.5,47.6,7/21/2026 14:32:31,16.5,0,24.46,1.48,
0,1.24,34813.33,47.6,7/21/2026 14:32:36,16.5,0,24.38,1.49,
0,1.277,34745,47.6,7/21/2026 14:32:41,16.5,0,24.2,1.18,
0,1.292,34209.16,47.6,7/21/2026 14:32:45,16.5,0,24.32,1.03,
0,1.174,34134.16,47.6,7/21/2026 14:32:48,16.5,0,24.36,1.09,
0,1.174,34134.16,47.6,7/21/2026 14:32:48,16.5,0,24.36,1.09,
0,1.141,34212.5,47.6,7/21/2026 14:32:53,16.5,0,24.3,0.96,
0,1.224,34379.16,48.2,7/21/2026 14:32:58,16.5,0,24.36,0.85,
0,1.253,34538.33,48.2,7/21/2026 14:33:03,16.5,0,24.4,1.16,
0,1.31,34532.5,48.2,7/21/2026 14:33:07,16.5,0,24.33,1.21,
0,1.328,34659.16,48.2,7/21/2026 14:33:11,16.5,0,24.33,1.12,
0,1.213,34715,48.2,7/21/2026 14:33:16,16.5,0,24.39,1.22,
0,1.365,34982.5,48.2,7/21/2026 14:33:24,16.5,0,24.27,1.1,
0,1.376,35060,48.2,7/21/2026 14:33:28,16.5,0,24.3,0.96,
0,1.354,35245.83,48.2,7/21/2026 14:33:32,16.5,0,24.32,1.34,
0,1.401,35535.83,48.2,7/21/2026 14:33:37,16.5,0,24.33,1.02,
0,1.376,35480,48.7,7/21/2026 14:33:41,16.5,0,24.44,1.13,
0,1.527,35450,48.7,7/21/2026 14:33:46,16.5,0,24.48,1.22,
0,1.255,35435,48.7,7/21/2026 14:33:50,16.5,0,24.34,1.44,
0,1.45,35361.66,48.7,7/21/2026 14:33:54,16.5,0,24.39,0.91,
0,1.448,35320.83,48.7,7/21/2026 14:33:59,16.5,0,24.34,1.08,
0,1.477,35263.33,48.7,7/21/2026 14:34:04,16.5,0,24.32,1.49,
0,1.492,35183.33,48.7,7/21/2026 14:34:08,16.5,0,24.31,1.15,
0,1.295,35550,48.7,7/21/2026 14:34:13,16.5,0,24.34,1.08,
0,1.384,35761.66,48.7,7/21/2026 14:34:17,16.5,0,24.33,1.26,
0,1.258,35912.5,48.7,7/21/2026 14:34:21,16.5,0,24.4,1.14,
0,1.258,35912.5,48.7,7/21/2026 14:34:26,16.5,0,24.33,1.34,
0,1.267,35840.83,48.7,7/21/2026 14:34:30,16.5,0,24.34,1.32,
0,1.298,35454.16,48.7,7/21/2026 14:34:35,16.5,0,24.3,1.18,
0,1.298,35454.16,48.7,7/21/2026 14:34:35,16.5,0,24.3,1.18,
0,1.238,35130,48.7,7/21/2026 14:34:39,16.5,0,24.42,1.42,
0,1.285,35001.66,48.7,7/21/2026 14:34:43,16.5,0,24.47,1.48,
0,1.243,35234.16,48.2,7/21/2026 14:34:47,16.5,0,24.36,0.92,
0,1.28,35236.66,48.2,7/21/2026 14:34:52,16.5,0,24.4,1.2,
0,1.365,35050.83,48.2,7/21/2026 14:34:56,16.5,0,24.46,1.07,
0,1.265,34826.66,48.1,7/21/2026 14:35:00,16.5,0,24.39,0.94,
0,1.372,34796.66,47.6,7/21/2026 14:35:05,16.5,0,24.5,1.39,
0,1.298,34604.16,47.7,7/21/2026 14:35:10,16.5,0,24.35,1.34,
0,1.408,34731.66,47.6,7/21/2026 14:35:14,16.5,0,24.44,1.05,
0,1.469,34623.33,47.6,7/21/2026 14:35:18,16.5,0,24.33,1.08,
0,1.372,34553.33,47.1,7/21/2026 14:35:23,16.5,0,24.39,1.08,
0,1.353,34542.5,47.1,7/21/2026 14:35:27,16.5,0,24.28,1.02,
0,1.336,34408.33,47.1,7/21/2026 14:35:31,16.5,0,24.34,0.99,
0,1.272,34486.66,47.1,7/21/2026 14:35:38,16.5,0,24.34,0.86,
0,1.21,34513.33,46.2,7/21/2026 14:35:42,16.5,0,24.38,1.04,
0,1.239,34003.33,46.2,7/21/2026 14:35:48,16.5,0,24.23,0.86,
0,1.371,33650,46.2,7/21/2026 14:35:53,16.5,0,24.11,0.94,
0,1.329,32925,46.2,7/21/2026 14:35:57,16.5,0,24.3,0.99,
0,1.296,32913.33,47,7/21/2026 14:36:01,16.5,0,24.42,1.24,
0,1.356,32917.5,47.1,7/21/2026 14:36:06,16.5,0,24.31,1.36,
0,1.296,33031.66,47.1,7/21/2026 14:36:10,16.5,0,24.15,1.42,
0,1.267,33076.66,47.1,7/21/2026 14:36:15,16.5,0,24.2,1.33,
0,1.217,33331.66,47.1,7/21/2026 14:36:20,16.5,0,24.33,1.3,
0,1.377,33385,47.1,7/21/2026 14:36:24,16.5,0,24.42,1.15,
0,1.18,33527.5,47.1,7/21/2026 14:36:29,16.5,0,24.31,1.09,
0,1.256,33483.33,47.1,7/21/2026 14:36:29,16.5,0,24.31,1.09,
0,1.314,33335,47.1,7/21/2026 14:36:34,16.5,0,24.29,0.93,
0,1.356,33227.5,47.1,7/21/2026 14:36:38,16.5,0,24.3,1.25,
0,1.248,33441.66,47.1,7/21/2026 14:36:43,16.5,0,24.31,1.44,
0,1.307,33708.33,47.1,7/21/2026 14:36:47,16.5,0,24.4,1.07,
0,1.324,33786.66,47.1,7/21/2026 14:36:52,16.5,0,24.17,1.06,
0,1.288,33991.66,47.1,7/21/2026 14:36:56,16.5,0,24.34,1.07,
0,1.321,33985.83,47.1,7/21/2026 14:37:01,16.5,0,24.33,1.14,
0,1.292,33894.16,47.1,7/21/2026 14:37:05,16.5,0,24.36,1.19,
0,1.26,33748.33,47.5,7/21/2026 14:37:10,16.5,0,24.3,1.42,
0,1.161,33799.16,47.6,7/21/2026 14:37:14,16.5,0,24.34,1.48,
0,1.229,34021.66,47.6,7/21/2026 14:37:19,16.5,0,24.29,1,
0,1.343,33747.5,47.6,7/21/2026 14:37:24,16.5,0,24.25,1.05,
0,1.337,33921.66,47.6,7/21/2026 14:37:23,16.5,0,24.25,1.05,
0,1.243,33806.66,47.6,7/21/2026 14:37:29,16.5,0,24.42,1.22,
0,1.292,33759.16,47.6,7/21/2026 14:37:35,16.5,0,24.36,1.36,
0,1.378,33572.5,47.6,7/21/2026 14:37:35,16.5,0,24.36,1.36,
0,1.194,33580,47.6,7/21/2026 14:37:41,16.5,0,24.31,1.24,
0,1.316,33743.33,47.6,7/21/2026 14:37:46,16.5,0,24.47,1.27,
0,1.316,33621.66,47.6,7/21/2026 14:37:51,16.5,0,24.23,1.44,
0,1.316,33621.66,47.6,7/21/2026 14:37:55,16.5,0,24.39,1.33,
0,1.364,33489.16,47.6,7/21/2026 14:37:59,16.5,0,24.36,1.22,
0,1.422,33484.16,47.6,7/21/2026 14:38:04,16.5,0,24.31,0.9,
0,1.152,33479.16,47.6,7/21/2026 14:38:08,16.5,0,24.34,1.3,
0,1.213,33430.83,47.6,7/21/2026 14:38:12,16.5,0,24.39,1.16,
0,1.332,33379.16,47.6,7/21/2026 14:38:17,16.5,0,24.4,1.45,
0,1.304,33535.83,47.6,7/21/2026 14:38:21,16.5,0,24.32,1.35,
0,1.241,33700.83,47.6,7/21/2026 14:38:26,16.5,0,24.3,1.42,
0,1.28,33665.83,47.6,7/21/2026 14:38:30,16.5,0,24.32,0.99,
0,1.341,33516.66,47.6,7/21/2026 14:38:34,16.5,0,24.31,0.97,
0,1.336,33255.83,47.7,7/21/2026 14:38:38,16.5,0,24.17,1.33,
0,1.345,33204.16,47.6,7/21/2026 14:38:43,16.5,0,24.08,1.27,
0,1.363,32997.5,47.6,7/21/2026 14:38:49,16.5,0,24.2,1.06,
0,1.223,32535,47.6,7/21/2026 14:38:53,16.5,0,24.28,1,
0,1.178,32350,47.6,7/21/2026 14:38:58,16.5,0,24.24,0.94,
0,1.226,32620.83,47.6,7/21/2026 14:39:03,16.5,0,24.24,1.18,
0,1.278,32630.83,47.2,7/21/2026 14:39:07,16.5,0,24.3,1.13,
0,1.35,32899.16,47.1,7/21/2026 14:39:11,16.5,0,24.29,0.86,
0,1.302,33062.5,47.1,7/21/2026 14:39:15,16.5,0,24.3,1.23,
0,1.227,33156.66,47.1,7/21/2026 14:39:20,16.5,0,24.4,1.01,
0,1.329,33342.5,47.1,7/21/2026 14:39:25,16.5,0,24.31,0.89,
0,1.318,33218.33,47.1,7/21/2026 14:39:29,16.5,0,24.37,1.42,
0,1.256,33081.66,47.1,7/21/2026 14:39:33,16.5,0,24.34,1.06,
0,1.137,32881.66,47.1,7/21/2026 14:39:38,16.5,0,24.29,1.39,
0,1.28,32960,47.1,7/21/2026 14:39:42,16.5,0,24.44,1.22,
0,1.19,32785.83,47.1,7/21/2026 14:39:43,16.5,0,24.44,1.22,
0,1.345,32449.17,47.1,7/21/2026 14:39:47,16.5,0,24.3,1.32,
0,1.386,31966.67,47.1,7/21/2026 14:39:51,16.5,0,24.38,1.32,
0,1.324,31723.33,47.1,7/21/2026 14:39:57,16.5,0,24.26,0.83,
0,1.268,31606.67,47.1,7/21/2026 14:40:02,16.5,0,24.24,1.18,
0,1.396,30256.67,47.1,7/21/2026 14:40:07,16.5,0,24.2,1.34,
0,1.269,29297.5,47.1,7/21/2026 14:40:12,16.5,0,24.12,1.01,
0,1.341,28785.83,47.2,7/21/2026 14:40:16,16.5,0,24.15,1.13,
0,1.341,28785.83,47.2,7/21/2026 14:40:20,16.5,0,24.1,0.83,
0,1.28,28247.5,47.6,7/21/2026 14:40:25,16.5,0,24.1,1.15,
0,1.406,28505,47.6,7/21/2026 14:40:29,16.5,0,24.07,1.21,
0,1.22,28631.67,47.5,7/21/2026 14:40:33,16.5,0,24.14,1.48,
0,1.409,28811.67,47.6,7/21/2026 14:40:38,16.5,0,24.21,0.91,
0,1.236,29367.5,47.6,7/21/2026 14:40:42,16.5,0,24.14,1.25,
0,1.241,29970.83,47.6,7/21/2026 14:40:47,16.5,0,24.11,1,
0,1.241,29970.83,47.6,7/21/2026 14:40:47,16.5,0,24.11,1,
0,1.307,30205,47.6,7/21/2026 14:40:51,16.5,0,23.91,1.06,
0,1.393,28437.5,47.6,7/21/2026 14:40:56,16.5,0,24.14,0.86,
0,1.393,28437.5,47.6,7/21/2026 14:40:56,16.5,0,24.14,0.86,
0,1.507,26124.17,47.6,7/21/2026 14:41:00,16.5,0,23.81,0.87,
0,1.255,23415,48.2,7/21/2026 14:41:04,16.5,0,23.31,1.22,
0,1.357,25051.67,48.2,7/21/2026 14:41:09,16.5,0,23.83,1.3,
0,1.41,24975.83,48.2,7/21/2026 14:41:15,16.5,0,23.8,1.02,
0,1.393,21060,48.2,7/21/2026 14:41:20,16.5,0,23.46,0.83,
0,1.257,20760.83,48.2,7/21/2026 14:41:25,16.5,0,23.45,1.45,
0,1.351,20708.33,48.2,7/21/2026 14:41:30,16.5,0,23.45,1.21,
0,1.227,21538.33,48.2,7/21/2026 14:41:34,16.5,0,23.62,0.97,
0,1.227,21538.33,48.2,7/21/2026 14:41:34,16.5,0,23.62,0.97,
0,1.428,21287.5,48.2,7/21/2026 14:41:39,16.5,0,23.42,1.41,
0,1.27,19709.17,48.2,7/21/2026 14:41:44,16.5,0,23.4,0.85,
0,1.331,21464.17,48.2,7/21/2026 14:41:49,16.5,0,23.6,1.31,
0,1.356,20290,48.2,7/21/2026 14:41:54,16.5,0,23.51,1.24,
0,1.422,21418.33,48.2,7/21/2026 14:41:58,16.5,0,23.42,1.06,
0,1.486,18883.33,47.6,7/21/2026 14:42:03,16.5,0,23.4,1.38,
0,1.373,19121.67,47.6,7/21/2026 14:42:09,16.5,0,23.21,1.45,
0,1.356,19463.33,47.6,7/21/2026 14:42:14,16.5,0,23.51,0.92,
0,1.3,21390,47.6,7/21/2026 14:42:19,16.5,0,23.64,1.22,
0,1.35,21425,47.6,7/21/2026 14:42:24,16.5,0,23.72,1.47,
0,1.383,22613.33,47.6,7/21/2026 14:42:29,16.5,0,23.75,0.96,
0,1.471,23353.33,47.6,7/21/2026 14:42:34,16.5,0,23.91,1.42,
0,1.453,23963.33,47.6,7/21/2026 14:42:39,16.5,0,24.04,0.87,
0,1.7,24469.17,47.6,7/21/2026 14:42:44,16.5,0,23.93,1.42,
0,1.655,25761.67,47.1,7/21/2026 14:42:49,16.5,0,24.2,1.02,
0,1.615,24973.33,47.2,7/21/2026 14:42:53,16.5,0,24.11,1.41,
0,1.694,26355,47.1,7/21/2026 14:42:58,16.5,0,24.28,1.01,
0,1.592,26815,47.1,7/21/2026 14:43:03,16.5,0,24.37,0.95,
0,1.65,26896.67,47.1,7/21/2026 14:43:08,16.5,0,24.21,1.01,
0,1.594,27294.17,47.1,7/21/2026 14:43:13,16.5,0,24.23,1.26,
0,1.57,28141.67,47.2,7/21/2026 14:43:17,16.5,0,24.34,1.1,
0,1.666,28148.33,47.6,7/21/2026 14:43:22,16.5,0,24.39,1.34,
0,1.806,28100,47.6,7/21/2026 14:43:22,16.5,0,24.39,1.34,
0,1.75,28416.67,47.6,7/21/2026 14:43:26,16.5,0,24.3,1.08,
0,1.75,28416.67,47.6,7/21/2026 14:43:32,16.5,0,24.23,1.18,
0,1.748,27874.17,47.6,7/21/2026 14:43:37,16.5,0,24.22,1.37,
0,1.651,27448.33,47.6,7/21/2026 14:43:37,16.5,0,24.22,1.37,
0,1.738,28635.83,47.6,7/21/2026 14:43:41,16.5,0,24.37,1.34,
0,1.625,28918.33,47.7,7/21/2026 14:43:46,16.5,0,24.19,0.9,
0,1.632,29065,48.2,7/21/2026 14:43:50,16.5,0,24.31,0.93,
0,1.713,29280,48.2,7/21/2026 14:43:55,16.5,0,24.31,0.94,
0,1.784,29140,48.2,7/21/2026 14:44:00,16.5,0,24.27,1.27,
0,1.783,28814.17,48.2,7/21/2026 14:44:00,16.5,0,24.27,1.27,
0,1.95,28180.83,48.2,7/21/2026 14:44:08,16.5,0,24.23,1.16,
0,1.836,27769.17,48.2,7/21/2026 14:44:12,16.5,0,24,1,
0,1.714,27280,48.2,7/21/2026 14:44:17,16.5,0,24.2,1.42,
0,1.756,27182.5,48.2,7/21/2026 14:44:21,16.5,0,24.2,1.1,
0,1.756,27182.5,48.2,7/21/2026 14:44:26,16.5,0,24.04,1.22,
0,1.737,26744.17,48.2,7/21/2026 14:44:30,16.5,0,24.1,0.81,
0,1.906,25630,47.6,7/21/2026 14:44:35,16.5,0,24.07,1.44,
0,1.909,24760.83,47.6,7/21/2026 14:44:40,16.5,0,24.04,1.09,
0,1.871,25892.5,47.6,7/21/2026 14:44:44,16.5,0,24.24,1.35,
0,1.866,26270,47.6,7/21/2026 14:44:49,16.5,0,24.29,1.16,
0,1.887,25635.83,47.6,7/21/2026 14:44:53,16.5,0,23.95,1.38,
0,1.885,25410,47.6,7/21/2026 14:44:57,16.5,0,24.2,1.14,
0,1.795,25953.33,47.6,7/21/2026 14:45:01,16.5,0,24.18,0.88,
0,1.833,26155.83,47.6,7/21/2026 14:45:06,16.5,0,24.15,1.46,
0,1.894,23435.83,47.6,7/21/2026 14:45:12,16.5,0,23.98,1.34,
0,1.966,21692.5,47.6,7/21/2026 14:45:17,16.5,0,23.79,1.33,
0,1.913,21007.5,47.6,7/21/2026 14:45:22,16.5,0,23.88,1.37,
0,1.991,21334.17,47.6,7/21/2026 14:45:26,16.5,0,23.79,1.36,
0,1.795,20772.5,47.6,7/21/2026 14:45:32,16.5,0,23.75,1.06,
0,1.898,20363.33,47.1,7/21/2026 14:45:36,16.5,0,23.71,1.43,
0,1.955,19097.5,47.1,7/21/2026 14:45:40,16.5,0,23.44,0.89,
0,1.979,18026.67,47.1,7/21/2026 14:45:40,16.5,0,23.44,0.89,
0,1.796,17506.67,47.1,7/21/2026 14:45:45,16.5,0,23.61,1.42,
0,1.873,17443.33,46.2,7/21/2026 14:45:49,16.5,0,23.51,1.31,
0,2.054,17447.5,46.2,7/21/2026 14:45:53,16.5,0,23.41,1.47,
0,1.892,17501.67,46.2,7/21/2026 14:45:53,16.5,0,23.41,1.47,
0,1.865,17394.17,45.7,7/21/2026 14:45:58,16.5,0,23.42,1.08,
0,1.934,17278.33,45.7,7/21/2026 14:46:02,16.5,0,23.22,1.24,
0,1.905,17214.17,45.7,7/21/2026 14:46:06,16.5,0,23.42,1.25,
0,1.913,17286.67,45.4,7/21/2026 14:46:10,16.5,0,23.45,0.95,
0,1.747,18587.5,45.3,7/21/2026 14:46:15,16.5,0,23.64,1.42,
0,1.806,19187.5,45.3,7/21/2026 14:46:20,16.5,0,23.73,0.89,
0,1.816,21243.33,45.3,7/21/2026 14:46:25,16.5,0,23.91,0.81,
0,1.825,22696.67,45.3,7/21/2026 14:46:30,16.5,0,23.98,1.3,
0,1.818,26039.17,45.3,7/21/2026 14:46:34,16.5,0,24.48,1.22,
0,1.681,27644.17,45.3,7/21/2026 14:46:39,16.5,0,24.42,1.46,
0,1.699,28459.17,45.3,7/21/2026 14:46:43,16.5,0,24.61,1.09,
0,1.755,29012.5,45.3,7/21/2026 14:46:48,16.5,0,24.63,1.47,
0,1.808,29141.67,45.3,7/21/2026 14:46:53,16.5,0,24.56,1.12,
0,1.707,29146.67,45.3,7/21/2026 14:46:57,16.5,0,24.6,1.22,
0,1.802,29075,45.3,7/21/2026 14:46:57,16.5,0,24.6,1.22,
0,1.843,28765,45.3,7/21/2026 14:47:02,16.5,0,24.58,1.29,
0,1.749,28188.33,45.7,7/21/2026 14:47:06,16.5,0,24.44,0.86,
0,1.756,27184.17,45.7,7/21/2026 14:47:10,16.5,0,24.39,0.83,
0,1.772,27540,45.7,7/21/2026 14:47:15,16.5,0,24.4,1.38,
0,1.743,28215,45.7,7/21/2026 14:47:20,16.5,0,24.47,1.08,
0,1.787,28878.33,45.7,7/21/2026 14:47:24,16.5,0,24.47,0.9,
0,1.842,29090,45.7,7/21/2026 14:47:29,16.5,0,24.51,1.08,
0,1.733,29514.17,45.7,7/21/2026 14:47:34,16.5,0,24.49,1.24,
0,1.733,29514.17,45.7,7/21/2026 14:47:38,16.5,0,24.46,1.09,
0,1.711,30270.83,45.7,7/21/2026 14:47:42,16.5,0,24.52,1.22,
0,1.689,30431.67,45.7,7/21/2026 14:47:48,16.5,0,24.37,1.03,
0,1.736,30263.33,45.7,7/21/2026 14:47:53,16.5,0,24.56,0.86,
0,1.789,30364.17,45.7,7/21/2026 14:47:53,16.5,0,24.56,0.86,
0,1.823,30293.33,45.7,7/21/2026 14:47:58,16.5,0,24.57,1.06,
0,1.667,30405,45.7,7/21/2026 14:48:03,16.5,0,24.64,0.81,
0,1.798,30578.33,45.7,7/21/2026 14:48:08,16.5,0,24.54,1.07,
0,1.764,30034.17,45.7,7/21/2026 14:48:13,16.5,0,24.62,1.41,
0,1.638,30203.33,45.7,7/21/2026 14:48:13,16.5,0,24.62,1.41,
0,1.901,30176.67,45.7,7/21/2026 14:48:18,16.5,0,24.54,1.33,
0,1.758,30555,45.7,7/21/2026 14:48:22,16.5,0,24.49,1.09,
0,1.758,30555,45.7,7/21/2026 14:48:27,16.5,0,24.56,1.11,
0,1.799,30812.5,45.9,7/21/2026 14:48:32,16.5,0,24.42,1.12,
0,1.796,30800,45.7,7/21/2026 14:48:31,16.5,0,24.42,1.12,
0,1.844,30980,46.2,7/21/2026 14:48:36,16.5,0,24.59,1.42,
0,1.764,31171.67,45.8,7/21/2026 14:48:49,16.5,0,24.57,1.13,
0,1.824,31133.33,45.7,7/21/2026 14:48:53,16.5,0,24.5,0.97,
0,1.889,31347.5,45.7,7/21/2026 14:48:58,16.5,0,24.6,1.14,
0,1.93,31320.83,45.7,7/21/2026 14:49:03,16.5,0,24.46,1.32,
0,1.747,30994.17,45.7,7/21/2026 14:49:09,16.5,0,24.52,1.37,
0,1.747,30994.17,45.7,7/21/2026 14:49:12,16.5,0,24.54,1.47,
0,1.872,31181.67,45.7,7/21/2026 14:49:12,16.5,0,24.54,1.47,
0,1.872,31181.67,45.7,7/21/2026 14:49:14,16.5,0,24.6,1.25,
0,1.804,31250.83,46,7/21/2026 14:49:19,16.5,0,24.41,1.29,
0,1.804,31250.83,46,7/21/2026 14:49:19,16.5,0,24.41,1.29,
0,1.792,31115.83,46.2,7/21/2026 14:49:24,16.5,0,24.49,1,
0,1.724,31040.83,45.7,7/21/2026 14:49:29,16.5,0,24.6,1.1,
0,1.757,31011.67,45.7,7/21/2026 14:49:34,16.5,0,24.53,1.23,
0,1.68,31031.67,45.7,7/21/2026 14:49:39,16.5,0,24.54,1.38,
0,1.828,30855.83,45.7,7/21/2026 14:49:43,16.5,0,24.69,1.05,
0,1.808,30806.67,45.7,7/21/2026 14:49:47,16.5,0,24.71,1.14,
0,1.838,30886.67,45.7,7/21/2026 14:49:52,16.5,0,24.52,1.2,
0,1.807,30947.5,45.7,7/21/2026 14:49:57,16.5,0,24.57,1.03,
0,1.898,30905.83,45.7,7/21/2026 14:49:57,16.5,0,24.57,1.03,
0,1.763,31079.17,46,7/21/2026 14:50:02,16.5,0,24.57,1.43,
0,1.769,30869.17,46.2,7/21/2026 14:50:06,16.5,0,24.5,0.93,
0,1.705,30705,46.2,7/21/2026 14:50:11,16.5,0,24.49,0.97,
0,1.727,30774.17,46.2,7/21/2026 14:50:16,16.5,0,24.52,0.94,
0,1.799,30796.67,46.2,7/21/2026 14:50:21,16.5,0,24.49,1.2,
0,1.753,30919.17,46.2,7/21/2026 14:50:25,16.5,0,24.04,1.4,
0,1.678,30981.67,46.2,7/21/2026 14:50:31,16.5,0,24.58,1.25,
0,1.814,30702.5,46.2,7/21/2026 14:50:37,16.5,0,24.52,1.07,
0,1.748,30697.5,46.2,7/21/2026 14:50:41,16.5,0,24.42,1.23,
0,1.703,30717.5,46.2,7/21/2026 14:50:47,16.5,0,24.42,1.32,
0,1.784,30729.17,47.1,7/21/2026 14:50:47,16.5,0,24.42,1.32,
0,1.713,30755.83,47.1,7/21/2026 14:50:52,16.5,0,24.42,1.27,
0,1.727,30626.67,47.1,7/21/2026 14:50:56,16.5,0,24.29,0.86,
0,1.78,30587.5,47.1,7/21/2026 14:50:56,16.5,0,24.29,0.86,
0,1.805,30619.17,47.1,7/21/2026 14:51:01,16.5,0,24.39,0.8,
0,1.688,30452.5,47.1,7/21/2026 14:51:05,16.5,0,24.54,1.31,
0,1.776,30336.67,47.2,7/21/2026 14:51:10,16.5,0,24.32,1.07,
0,1.682,30394.17,47.6,7/21/2026 14:51:15,16.5,0,24.15,0.91,
0,1.877,30316.67,47.6,7/21/2026 14:51:19,16.5,0,24.36,1.07,
0,1.77,30011.67,47.6,7/21/2026 14:51:24,16.5,0,24.36,1.02,
0,1.653,29772.5,47.6,7/21/2026 14:51:29,16.5,0,24.17,1.3,
0,1.758,29695,48.1,7/21/2026 14:51:33,16.5,0,24.13,0.87,
0,1.631,29544.17,48.2,7/21/2026 14:51:37,16.5,0,24.31,1.34,
0,1.721,29655,48.2,7/21/2026 14:51:43,16.5,0,24.34,1.09,
0,1.689,29700.83,48.2,7/21/2026 14:51:47,16.5,0,24.33,1.43,
0,1.689,29700.83,48.2,7/21/2026 14:51:52,16.5,0,24.25,1.1,
0,1.783,29753.33,48.2,7/21/2026 14:51:56,16.5,0,24.18,0.84,
0,1.666,29900.83,48.2,7/21/2026 14:52:01,16.5,0,24.32,1.07,
0,1.825,29957.5,48.2,7/21/2026 14:52:08,16.5,0,24.34,1.02,
0,1.781,29755.83,48.7,7/21/2026 14:52:13,16.5,0,24.3,1.49,
0,1.693,29829.17,48.7,7/21/2026 14:52:17,16.5,0,24.33,0.95,
0,1.803,29892.5,48.7,7/21/2026 14:52:21,16.5,0,24.31,1.22,
0,1.784,29693.33,48.7,7/21/2026 14:52:25,16.5,0,24.33,0.99,
0,1.807,29572.5,48.7,7/21/2026 14:52:30,16.5,0,24.34,1.15,
0,1.707,29275.83,48.2,7/21/2026 14:52:34,16.5,0,24.32,1.08,
0,1.696,29495,48.2,7/21/2026 14:52:41,16.5,0,24.39,1.24,
0,1.745,29745,47.6,7/21/2026 14:52:46,16.5,0,24.4,1.44,
0,1.671,29917.5,47.6,7/21/2026 14:52:51,16.5,0,24.21,0.97,
0,1.625,30085.83,47.6,7/21/2026 14:52:56,16.5,0,24.4,0.93,
0,1.843,30090.83,47.6,7/21/2026 14:53:04,16.5,0,24.4,0.86,
0,1.767,30050.83,47.6,7/21/2026 14:53:08,16.5,0,24.44,1.16,
0,1.897,29980,47.1,7/21/2026 14:53:13,16.5,0,24.44,1.2,
0,1.752,29742.5,47.1,7/21/2026 14:53:17,16.5,0,24.44,0.81,
0,1.742,29621.67,47.1,7/21/2026 14:53:22,16.5,0,24.39,1.03,
0,1.792,29605.83,47.1,7/21/2026 14:53:26,16.5,0,24.31,1.25,
0,1.73,29658.33,46.3,7/21/2026 14:53:30,16.5,0,24.4,1.09,
0,1.751,29680,46.2,7/21/2026 14:53:30,16.5,0,24.4,1.09,
0,1.885,29725.83,46.2,7/21/2026 14:53:34,16.5,0,24.41,1.41,
0,1.866,29590.83,46.2,7/21/2026 14:53:39,16.5,0,24.41,1.06,
0,1.856,29441.67,46.2,7/21/2026 14:53:50,16.5,0,24.43,0.91,
0,1.856,29441.67,46.2,7/21/2026 14:53:51,16.5,0,24.43,1.34,
0,1.824,29388.33,46.2,7/21/2026 14:53:51,16.5,0,24.43,1.34,
0,1.762,29459.17,46.2,7/21/2026 14:53:55,16.5,0,24.4,0.94,
0,1.948,29565.83,46.2,7/21/2026 14:54:00,16.5,0,24.22,1.21,
0,1.948,29565.83,46.2,7/21/2026 14:54:05,16.5,0,24.42,1.3,
0,1.791,29419.17,46.2,7/21/2026 14:54:09,16.5,0,24.4,1.36,
0,1.778,29645,46.2,7/21/2026 14:54:13,16.5,0,24.38,1.15,
0,1.814,29690.83,46.2,7/21/2026 14:54:17,16.5,0,24.4,0.8,
0,1.673,29580.83,46.2,7/21/2026 14:54:21,16.5,0,24.39,1.09,
0,1.673,29580.83,46.2,7/21/2026 14:54:26,16.5,0,24.52,1.24,
0,1.935,29263.33,45.7,7/21/2026 14:54:34,16.5,0,24.22,1.14,
0,1.865,29430.83,45.7,7/21/2026 14:54:39,16.5,0,24.44,1.22,
0,1.804,29545.83,45.7,7/21/2026 14:54:43,16.5,0,24.15,0.86,
0,1.74,29612.5,45.7,7/21/2026 14:54:48,16.5,0,24.34,0.85,
0,1.827,29682.5,45.7,7/21/2026 14:54:57,16.5,0,24.5,0.9,
0,1.827,29682.5,45.7,7/21/2026 14:54:57,16.5,0,24.5,0.9,
0,1.834,29354.17,45.7,7/21/2026 14:55:01,16.5,0,24.23,0.96,
0,1.851,29200,45.7,7/21/2026 14:55:01,16.5,0,24.23,0.96,
0,1.758,29084.17,45.7,7/21/2026 14:55:05,16.5,0,24.39,1.38,
0,1.837,28654.17,45.4,7/21/2026 14:55:10,16.5,0,24.4,0.82,
0,1.725,28746.67,45.3,7/21/2026 14:55:16,16.5,0,24.42,0.85,
0,1.826,28721.67,45.3,7/21/2026 14:55:20,16.5,0,24.4,1.41,
0,1.767,28603.33,45.3,7/21/2026 14:55:25,16.5,0,24.41,1.02,
0,1.696,28555.83,45.3,7/21/2026 14:55:30,16.5,0,24.4,1.02,
0,1.696,28555.83,45.3,7/21/2026 14:55:36,16.5,0,24.36,0.84,
0,1.799,28798.33,45.3,7/21/2026 14:55:40,16.5,0,24.37,1.19,
0,1.832,28947.5,45.3,7/21/2026 14:55:45,16.5,0,24.39,1.41,
0,1.906,29118.33,45.7,7/21/2026 14:55:49,16.5,0,24.11,0.85,
0,1.927,29180.83,45.7,7/21/2026 14:55:54,16.5,0,24.47,1.39,
0,1.978,29331.67,45.7,7/21/2026 14:55:58,16.5,0,24.41,0.9,
0,1.801,29401.67,45.7,7/21/2026 14:56:02,16.5,0,24.44,1.1,
0,1.764,29590.83,46.2,7/21/2026 14:56:06,16.5,0,24.39,1.1,
0,1.804,29987.5,46.2,7/21/2026 14:56:13,16.5,0,24.19,1.46,
0,1.664,30040.83,46.2,7/21/2026 14:56:17,16.5,0,24.53,1.48,
0,1.746,29890.83,46.2,7/21/2026 14:56:22,16.5,0,24.4,1.37,
0,1.924,30301.67,46.3,7/21/2026 14:56:27,16.5,0,24.5,1.46,
0,1.761,30439.17,47.1,7/21/2026 14:56:31,16.5,0,24.41,1.12,
0,1.808,30732.5,47.1,7/21/2026 14:56:36,16.5,0,24.48,1.21,
0,1.866,30772.5,47.1,7/21/2026 14:56:41,16.5,0,24.39,1.44,
0,1.866,30772.5,47.1,7/21/2026 14:56:45,16.5,0,24.41,1.47,
0,1.786,30963.33,47.1,7/21/2026 14:56:50,16.5,0,24.54,1.45,
0,1.858,30880.83,47.6,7/21/2026 14:56:54,16.5,0,24.5,1.2,
0,1.893,30786.67,47.6,7/21/2026 14:56:58,16.5,0,24.4,0.96,
0,1.928,30735,47.6,7/21/2026 14:57:02,16.5,0,24.4,1.21,
0,1.864,30646.67,47.6,7/21/2026 14:57:06,16.5,0,24.34,1.47,
0,1.849,30520.83,47.6,7/21/2026 14:57:13,16.5,0,24.46,1.37,
0,1.849,30520.83,47.6,7/21/2026 14:57:17,16.5,0,24.36,0.92,
0,1.849,30520.83,47.6,7/21/2026 14:57:22,16.5,0,24.4,0.8,
0,1.709,30766.67,47.6,7/21/2026 14:57:26,16.5,0,24.4,1.12,
0,1.871,30549.17,47.6,7/21/2026 14:57:31,16.5,0,24.4,1.17,
0,1.799,30405.83,47.6,7/21/2026 14:57:36,16.5,0,24.52,1.19,
0,1.833,30502.5,47.6,7/21/2026 14:57:41,16.5,0,24.43,1,
0,1.792,30453.33,47.6,7/21/2026 14:57:45,16.5,0,24.4,1.13,
0,1.942,30246.67,47.7,7/21/2026 14:57:55,16.5,0,24.56,1.25,
0,1.86,30367.5,47.6,7/21/2026 14:58:00,16.5,0,24.5,1.32,
0,1.917,29952.5,47.7,7/21/2026 14:58:12,16.5,0,24.34,1.21,
0,1.917,29952.5,47.7,7/21/2026 14:58:12,16.5,0,24.34,1.21,
0,1.819,29815,47.7,7/21/2026 14:58:16,16.5,0,24.36,1.15,
0,1.845,29706.67,47.6,7/21/2026 14:58:20,16.5,0,24.39,1.17,
0,1.984,29988.33,47.6,7/21/2026 14:58:24,16.5,0,24.47,1.29,
0,1.948,30130.83,47.7,7/21/2026 14:58:28,16.5,0,24.39,0.8,
0,2.044,30348.33,48.1,7/21/2026 14:58:32,16.5,0,24.4,1.26,
0,2.095,30390,48.2,7/21/2026 14:58:37,16.5,0,24.46,1.16,
0,2.007,30453.33,48.2,7/21/2026 14:58:42,16.5,0,24.2,0.82,
0,1.848,30428.33,48.2,7/21/2026 14:58:42,16.5,0,24.2,0.82,
0,2.014,30508.33,48.2,7/21/2026 14:58:46,16.5,0,24.33,1.23,
0,1.894,30560.83,48.2,7/21/2026 14:58:50,16.5,0,24.36,1.11,
0,1.904,30421.67,48.2,7/21/2026 14:58:54,16.5,0,24.37,0.92,
0,1.921,30372.5,48.2,7/21/2026 14:58:58,16.5,0,24.21,1.46,
0,1.875,30458.33,48.4,7/21/2026 14:59:03,16.5,0,24.2,1.49,
0,1.781,30475,48.7,7/21/2026 14:59:07,16.5,0,24.4,1.42,
0,1.872,30388.33,48.7,7/21/2026 14:59:11,16.5,0,24.42,1.43,
0,1.964,30315,48.7,7/21/2026 14:59:15,16.5,0,24.4,0.91,
0,1.873,30200,48.7,7/21/2026 14:59:20,16.5,0,24.33,1.39,
0,1.979,30080,48.7,7/21/2026 14:59:31,16.5,0,24.33,1.32,
0,1.934,29811.67,48.7,7/21/2026 14:59:35,16.5,0,24.21,0.85,
0,2.056,29515.83,48.7,7/21/2026 14:59:39,16.5,0,24.39,0.94,
0,2.056,29515.83,48.7,7/21/2026 14:59:40,16.5,0,24.3,0.98,
0,2.02,29660,48.7,7/21/2026 14:59:39,16.5,0,24.39,0.94,
0,1.864,29463.33,48.7,7/21/2026 14:59:44,16.5,0,24.28,1.3,
0,1.852,29366.67,48.8,7/21/2026 14:59:48,16.5,0,24.27,1.42,
0,1.939,29240,48.7,7/21/2026 14:59:52,16.5,0,24.3,1.41,
0,1.885,29106.67,48.7,7/21/2026 14:59:57,16.5,0,24.32,1.23,
0,1.885,29106.67,48.7,7/21/2026 14:59:57,16.5,0,24.32,1.23,
0,1.869,28905,48.7,7/21/2026 15:00:01,16.5,0,24.15,1.15,
0,1.75,28720.83,48.7,7/21/2026 15:00:06,16.5,0,24.25,0.98,
0,1.818,28672.5,48.7,7/21/2026 15:00:11,16.5,0,24.22,0.87,
0,1.879,28718.33,48.7,7/21/2026 15:00:16,16.5,0,24.12,0.82,
0,1.781,28985.83,48.7,7/21/2026 15:00:21,16.5,0,24.3,1.26,
0,1.872,29028.33,48.7,7/21/2026 15:00:25,16.5,0,24.11,1.15,
0,1.879,29025,48.7,7/21/2026 15:00:30,16.5,0,24.29,1.13,
0,1.879,29025,48.7,7/21/2026 15:00:34,16.5,0,24.36,1.4,
0,1.876,28888.33,48.7,7/21/2026 15:00:38,16.5,0,24.16,1.02,
0,1.826,28820,48.7,7/21/2026 15:00:42,16.5,0,24.29,1.07,
0,1.882,28808.33,48.7,7/21/2026 15:00:47,16.5,0,24.31,1.31,
0,1.846,28920,48.7,7/21/2026 15:00:53,16.5,0,24.2,1.25,
0,1.86,28935,48.8,7/21/2026 15:00:53,16.5,0,24.2,1.25,
0,1.795,28999.17,49.2,7/21/2026 15:00:57,16.5,0,24.29,1.24,
0,2.005,29158.33,49.2,7/21/2026 15:01:02,16.5,0,24.37,1.09,
0,1.953,29169.17,49.2,7/21/2026 15:01:06,16.5,0,24.22,1.04,
0,1.883,29173.33,49.2,7/21/2026 15:01:10,16.5,0,24.25,1.22,
0,1.891,29091.67,49.2,7/21/2026 15:01:15,16.5,0,24.24,1.44,
0,1.86,28942.5,49.3,7/21/2026 15:01:19,16.5,0,24.22,1.36,
0,1.845,28961.67,49.8,7/21/2026 15:01:24,16.5,0,24.23,0.97,
0,1.856,29153.33,49.8,7/21/2026 15:01:28,16.5,0,24.38,0.89,
0,1.849,29174.17,49.8,7/21/2026 15:01:34,16.5,0,24.31,1.48,
0,1.937,29064.17,49.8,7/21/2026 15:01:38,16.5,0,24.33,1.18,
0,1.921,29091.67,49.2,7/21/2026 15:01:49,16.5,0,24.34,1.45,
0,1.919,29120.83,49.2,7/21/2026 15:01:55,16.5,0,24.26,0.96,
0,1.952,29042.5,49.2,7/21/2026 15:01:59,16.5,0,24.3,1.23,
0,1.95,28858.33,49.2,7/21/2026 15:02:04,16.5,0,24.22,1.25,
0,1.896,28785,49.2,7/21/2026 15:02:08,16.5,0,24.4,1.46,
0,2.034,28664.17,49.2,7/21/2026 15:02:12,16.5,0,24.28,0.87,
0,2.002,28586.67,49.2,7/21/2026 15:02:16,16.5,0,24.34,0.99,
0,1.924,28379.17,48.8,7/21/2026 15:02:28,16.5,0,24.26,1.31,
0,1.942,28451.67,48.8,7/21/2026 15:02:32,16.5,0,24.2,1.27,
0,1.942,28451.67,48.8,7/21/2026 15:02:32,16.5,0,24.11,1.41,
0,2.058,28559.17,48.7,7/21/2026 15:02:37,16.5,0,24.31,1.36,
0,2.233,28517.5,48.7,7/21/2026 15:02:41,16.5,0,24.26,1.32,
0,2.238,28332.5,48.7,7/21/2026 15:02:45,16.5,0,24.25,1.17,
0,2.238,28332.5,48.7,7/21/2026 15:02:52,16.5,0,24.19,0.85,
0,3.455,28225.83,48.7,7/21/2026 15:02:56,16.5,0,23.92,1.45,
0,2.198,28222.5,48.8,7/21/2026 15:03:00,16.5,0,24.25,0.96,
0,2.197,28477.5,48.7,7/21/2026 15:03:07,16.5,0,24.3,1.26,
0,2.238,28426.67,48.4,7/21/2026 15:03:12,16.5,0,24.36,1.29,
0,2.107,28343.33,48.2,7/21/2026 15:03:17,16.5,0,24.31,1.45,
0,2.226,28327.5,48.2,7/21/2026 15:03:21,16.5,0,24.33,0.85,
0,2.214,28153.33,48.2,7/21/2026 15:03:21,16.5,0,24.33,0.85,
0,2.134,27877.5,48.2,7/21/2026 15:03:25,16.5,0,24.27,1.44,
0,2.146,27285,47.7,7/21/2026 15:03:30,16.5,0,24.18,1.14,
0,2.156,25868.33,47.6,7/21/2026 15:03:30,16.5,0,24.18,1.14,
0,2.096,21084.17,47.6,7/21/2026 15:03:34,16.5,0,23.7,1.08,
0,2.222,21945.83,47.6,7/21/2026 15:03:38,16.5,0,23.98,1.24,
0,2.077,25452.5,47.6,7/21/2026 15:03:42,16.5,0,24.12,1.21,
0,2.101,27246.67,47.2,7/21/2026 15:03:47,16.5,0,24.33,1.33,
0,2.106,28108.33,47.1,7/21/2026 15:03:51,16.5,0,24.41,1.13,
0,2.169,28081.67,47.1,7/21/2026 15:03:55,16.5,0,24.35,1.13,
0,2.169,28081.67,47.1,7/21/2026 15:04:00,16.5,0,24.36,1.17,
0,2.007,28120,47.1,7/21/2026 15:04:04,16.5,0,24.37,1.13,
0,2.147,28167.5,47.1,7/21/2026 15:04:09,16.5,0,24.3,1.36,
0,2.065,28145.83,47.2,7/21/2026 15:04:13,16.5,0,24.3,0.86,
0,2.111,28243.33,47.6,7/21/2026 15:04:18,16.5,0,24.3,1.46,
0,2.263,28362.5,47.6,7/21/2026 15:04:22,16.5,0,24.46,0.98,
0,2.093,28447.5,47.6,7/21/2026 15:04:26,16.5,0,24.31,1.3,
0,2.135,28457.5,48.2,7/21/2026 15:04:31,16.5,0,24.37,1.31,
0,2.114,28552.5,48.2,7/21/2026 15:04:35,16.5,0,24.48,1.36,
0,2.126,28640,48.2,7/21/2026 15:04:39,16.5,0,24.28,1.23,
0,2.11,28608.33,48.2,7/21/2026 15:04:46,16.5,0,24.4,1.33,
0,2.029,28559.17,48.2,7/21/2026 15:04:46,16.5,0,24.4,1.33,
0,2.221,28586.67,48.7,7/21/2026 15:04:52,16.5,0,24.2,1.03,
0,2.05,28426.67,48.7,7/21/2026 15:04:56,16.5,0,24.43,0.96,
0,2.108,28379.17,48.7,7/21/2026 15:05:01,16.5,0,24.4,1.47,
0,2.178,28460.83,48.7,7/21/2026 15:05:01,16.5,0,24.4,1.47,
0,2.014,28634.17,48.7,7/21/2026 15:05:05,16.5,0,24.31,1.23,
0,2.039,28817.5,48.7,7/21/2026 15:05:10,16.5,0,24.32,0.84,
0,2.067,28790,48.7,7/21/2026 15:05:15,16.5,0,24.39,1.01,
0,2.132,28789.17,48.7,7/21/2026 15:05:19,16.5,0,24.3,1.28,
0,2.163,28761.67,48.7,7/21/2026 15:05:24,16.5,0,24.34,1.14,
0,2.069,29030,48.7,7/21/2026 15:05:29,16.5,0,24.39,1.37,
0,2.313,29066.67,48.7,7/21/2026 15:05:33,16.5,0,24.3,0.87,
0,2.245,29096.67,48.7,7/21/2026 15:05:37,16.5,0,24.23,1.22,
0,2.24,29105,48.7,7/21/2026 15:05:42,16.5,0,24.39,1.06,
0,2.288,28968.33,48.7,7/21/2026 15:05:46,16.5,0,24.28,1.16,
0,2.237,28910.83,48.7,7/21/2026 15:05:47,16.5,0,24.28,1.16,
0,2.182,28813.33,48.7,7/21/2026 15:05:51,16.5,0,24.26,1.21,
0,2.339,28837.5,48.7,7/21/2026 15:05:55,16.5,0,24.33,1.29,
0,2.227,28716.67,48.7,7/21/2026 15:06:00,16.5,0,24.3,1.49,
0,2.239,28800,48.9,7/21/2026 15:06:04,16.5,0,24.23,1,
0,2.296,28971.67,49.2,7/21/2026 15:06:08,16.5,0,24.39,1.27,
0,2.261,29057.5,49.2,7/21/2026 15:06:12,16.5,0,24.33,0.91,
0,2.325,29227.5,49.2,7/21/2026 15:06:16,16.5,0,24.22,1.28,
0,2.322,29248.33,49.2,7/21/2026 15:06:20,16.5,0,24.1,0.89,
0,2.396,28715,49.2,7/21/2026 15:06:26,16.5,0,24.2,0.86,
0,2.485,28895.83,49.2,7/21/2026 15:06:30,16.5,0,24.2,1.38,
0,2.345,28950.83,49.3,7/21/2026 15:06:35,16.5,0,24.26,0.83,
0,2.363,29015,49.8,7/21/2026 15:06:40,16.5,0,24.2,0.84,
0,2.399,28836.67,49.8,7/21/2026 15:06:44,16.5,0,24.16,1.11,
0,2.276,28730,49.8,7/21/2026 15:06:48,16.5,0,24.24,1.01,
0,2.356,27960.83,49.8,7/21/2026 15:06:54,16.5,0,24.01,1.48,
0,2.336,24604.17,49.8,7/21/2026 15:06:58,16.5,0,23.93,0.81,
0,2.393,17581.67,49.8,7/21/2026 15:07:02,16.5,0,23.42,0.99,
0,2.393,17581.67,49.8,7/21/2026 15:07:02,16.5,0,23.42,0.99,
0,2.351,15485,49.8,7/21/2026 15:07:07,16.5,0,23.06,1.1,
0,2.268,16296.67,49.8,7/21/2026 15:07:11,16.5,0,22.99,0.97,
0,2.457,16338.33,49.2,7/21/2026 15:07:15,16.5,0,23.15,1.17,
0,2.353,15697.5,49.2,7/21/2026 15:07:20,16.5,0,22.85,0.98,
0,2.554,15615.83,49.2,7/21/2026 15:07:20,16.5,0,22.85,0.98,
0,2.395,16752.5,49.2,7/21/2026 15:07:25,16.5,0,23.3,1.03,
0,2.473,17396.67,48.7,7/21/2026 15:07:29,16.5,0,23.4,1.41,
0,2.388,21074.17,48.7,7/21/2026 15:07:34,16.5,0,23.6,1.04,
0,2.417,24694.17,48.7,7/21/2026 15:07:39,16.5,0,24.07,1.21,
0,2.465,26281.67,48.7,7/21/2026 15:07:43,16.5,0,24.12,1.08,
0,2.506,23856.67,48.7,7/21/2026 15:07:48,16.5,0,23.81,1.04,
0,2.14,22578.33,48.7,7/21/2026 15:07:52,16.5,0,23.95,1.23,
0,2.344,23840,48.7,7/21/2026 15:07:52,16.5,0,23.95,1.23,
0,2.423,25642.5,48.7,7/21/2026 15:07:57,16.5,0,24.09,1.35,
0,2.334,25912.5,48.7,7/21/2026 15:08:01,16.5,0,24.2,0.94,
0,2.351,29136.67,48.7,7/21/2026 15:08:06,16.5,0,24.33,1.04,
0,2.295,30141.67,48.7,7/21/2026 15:08:10,16.5,0,24.46,0.85,
0,2.309,30817.5,48.7,7/21/2026 15:08:15,16.5,0,24.17,1.13,
0,2.363,31127.5,48.7,7/21/2026 15:08:20,16.5,0,24.4,1.29,
0,2.363,31127.5,48.7,7/21/2026 15:08:24,16.5,0,24.4,0.93,
0,2.36,30971.67,49.2,7/21/2026 15:08:28,16.5,0,24.6,1.42,
0,2.36,30971.67,49.2,7/21/2026 15:08:32,16.5,0,24.38,1.26,
0,2.328,30939.17,49.2,7/21/2026 15:08:37,16.5,0,24.34,0.99,
0,2.304,30880.83,49.3,7/21/2026 15:08:41,16.5,0,24.44,1.16,
0,2.477,30630.83,49.2,7/21/2026 15:08:46,16.5,0,24.3,1.34,
0,2.521,30532.5,49.2,7/21/2026 15:08:50,16.5,0,24.32,0.88,
0,2.488,29888.33,49.8,7/21/2026 15:08:54,16.5,0,24.49,1.39,
0,2.262,29464.17,49.8,7/21/2026 15:09:00,16.5,0,24.04,1.15,
0,2.498,29445,49.8,7/21/2026 15:09:04,16.5,0,24.26,1.07,
0,2.411,29387.5,49.8,7/21/2026 15:09:08,16.5,0,24.26,1.16,
0,2.367,29277.5,49.8,7/21/2026 15:09:08,16.5,0,24.26,1.16,
0,2.367,29277.5,49.8,7/21/2026 15:09:12,16.5,0,24.26,0.88,
0,2.592,29096.67,49.8,7/21/2026 15:09:13,16.5,0,24.26,0.88,
0,2.411,28825,49.8,7/21/2026 15:09:17,16.5,0,24.2,1.14,
0,2.645,28777.5,49.8,7/21/2026 15:09:21,16.5,0,24.26,1.4,
0,2.648,28311.67,49.8,7/21/2026 15:09:26,16.5,0,24.15,1.4,
0,2.665,27690.83,49.8,7/21/2026 15:09:30,16.5,0,24.04,1.33,
0,2.668,27528.33,49.8,7/21/2026 15:09:35,16.5,0,24.16,1.25,
0,2.668,27799.17,49.7,7/21/2026 15:09:39,16.5,0,24.2,0.89,
0,2.683,27721.67,49.3,7/21/2026 15:09:44,16.5,0,24.41,1.32,
0,2.551,27041.67,49.2,7/21/2026 15:09:48,16.5,0,24.1,0.83,
0,2.614,25432.5,49.2,7/21/2026 15:09:53,16.5,0,24.07,1.18,
0,2.661,27117.5,49.3,7/21/2026 15:09:57,16.5,0,24.2,0.9,
0,2.613,27199.17,49.2,7/21/2026 15:10:01,16.5,0,24.12,0.9,
0,2.724,26933.33,49.3,7/21/2026 15:10:06,16.5,0,24.01,1.23,
0,2.475,26960,49.8,7/21/2026 15:10:12,16.5,0,24.14,1.03,
0,2.574,26881.67,49.8,7/21/2026 15:10:17,16.5,0,24.12,1.25,
0,2.598,27278.33,49.8,7/21/2026 15:10:22,16.5,0,24.17,1.32,
0,2.574,27395.83,49.8,7/21/2026 15:10:27,16.5,0,24.22,1.01,
0,2.525,27536.67,49.8,7/21/2026 15:10:31,16.5,0,24.18,1.18,
0,2.568,27641.67,49.8,7/21/2026 15:10:36,16.5,0,24.19,0.86,
0,2.688,27553.33,49.8,7/21/2026 15:10:40,16.5,0,24.2,0.82,
0,2.768,27594.17,49.5,7/21/2026 15:10:45,16.5,0,24.03,1.33,
0,2.6,27589.17,49.2,7/21/2026 15:10:50,16.5,0,24.21,1.29,
0,2.511,27572.5,49.2,7/21/2026 15:10:56,16.5,0,24.2,1.14,
0,2.584,27571.67,49.2,7/21/2026 15:11:00,16.5,0,24.2,0.85,
0,2.692,27521.67,48.7,7/21/2026 15:11:05,16.5,0,24.23,1.47,
0,2.734,27361.67,48.7,7/21/2026 15:11:10,16.5,0,24.21,1.46,
0,2.444,27385.83,48.7,7/21/2026 15:11:15,16.5,0,24.2,1.4,
0,2.595,27445,48.7,7/21/2026 15:11:15,16.5,0,24.2,1.4,
0,2.709,27461.67,48.7,7/21/2026 15:11:19,16.5,0,24.23,0.83,
0,2.583,27391.67,48.7,7/21/2026 15:11:23,16.5,0,24.21,1.18,
0,2.436,27406.67,48.7,7/21/2026 15:11:28,16.5,0,24.23,0.98,
0,2.716,27381.67,48.7,7/21/2026 15:11:32,16.5,0,23.96,1.26,
0,2.635,27320.83,48.7,7/21/2026 15:11:37,16.5,0,24.14,0.95,
0,2.447,27229.17,48.7,7/21/2026 15:11:42,16.5,0,24.17,1.44,
0,2.577,27291.67,48.7,7/21/2026 15:11:45,16.5,0,24.21,1.33,
0,2.449,27385,49.2,7/21/2026 15:11:49,16.5,0,24.3,1.31,
0,2.611,27453.33,49.2,7/21/2026 15:11:55,16.5,0,24.2,1.24,
0,2.65,27580,49.2,7/21/2026 15:11:59,16.5,0,24.22,1.16,
0,2.564,27648.33,49.2,7/21/2026 15:12:03,16.5,0,24.21,1.25,
0,2.495,27638.33,49.2,7/21/2026 15:12:07,16.5,0,24.2,1.24,
0,2.567,27704.17,49.2,7/21/2026 15:12:12,16.5,0,24.23,1.13,
0,2.666,27744.17,49.2,7/21/2026 15:12:12,16.5,0,24.23,1.13,
0,2.543,27725.83,49.2,7/21/2026 15:12:16,16.5,0,24.2,1.4,
0,2.583,27755,49.2,7/21/2026 15:12:20,16.5,0,24.21,1.21,
0,2.46,27752.5,49.2,7/21/2026 15:12:24,16.5,0,24.2,0.81,
0,2.52,27760.83,49.2,7/21/2026 15:12:28,16.5,0,24.36,1.14,
0,2.54,27792.5,49.2,7/21/2026 15:12:33,16.5,0,24.21,0.92,
0,2.501,27705.83,49.2,7/21/2026 15:12:38,16.5,0,24.19,1.07,
0,2.738,27820.83,49.2,7/21/2026 15:12:42,16.5,0,24.2,0.86,
0,2.792,27815.83,49.2,7/21/2026 15:12:47,16.5,0,24.22,0.91,
0,2.57,27760,49.2,7/21/2026 15:12:51,16.5,0,24.3,1.36,
0,2.603,27807.5,49.2,7/21/2026 15:12:51,16.5,0,24.3,1.36,
0,2.498,27788.33,49.2,7/21/2026 15:12:57,16.5,0,24.2,1.39,
0,2.571,27741.67,49.2,7/21/2026 15:12:57,16.5,0,24.2,1.39,
0,2.565,27696.67,49.2,7/21/2026 15:13:01,16.5,0,24.26,0.83,
0,2.483,27770,49.2,7/21/2026 15:13:07,16.5,0,24.2,1.09,
0,2.532,27788.33,49.2,7/21/2026 15:13:12,16.5,0,24.42,0.8,
0,2.697,27756.67,49.2,7/21/2026 15:13:17,16.5,0,24.2,1.14,
0,2.612,27735,49.3,7/21/2026 15:13:21,16.5,0,24.26,1.25,
0,2.494,27724.17,49.2,7/21/2026 15:13:26,16.5,0,24.2,0.94,
0,2.519,27710,49.2,7/21/2026 15:13:30,16.5,0,24.22,1.29,
0,2.649,27701.67,49.2,7/21/2026 15:13:30,16.5,0,24.22,1.29,
0,2.477,27745.83,49.2,7/21/2026 15:13:34,16.5,0,24.24,1.41,
0,2.501,27760.83,49.2,7/21/2026 15:13:38,16.5,0,24.22,1.32,
0,2.54,27708.33,49.2,7/21/2026 15:13:43,16.5,0,24.3,1.34,
0,2.561,27695.83,49.2,7/21/2026 15:13:47,16.5,0,24.12,1,
0,2.504,27715,49.2,7/21/2026 15:13:58,16.5,0,24.22,0.97,
0,2.504,27715,49.2,7/21/2026 15:13:59,16.5,0,24.01,1.33,
0,2.501,27787.5,49.2,7/21/2026 15:14:07,16.5,0,24.17,1.27,
0,2.585,27783.33,49.2,7/21/2026 15:14:13,16.5,0,24.17,1.46,
0,2.517,27733.33,49.2,7/21/2026 15:14:18,16.5,0,24.19,1.14,
0,2.561,27695.83,49.2,7/21/2026 15:14:23,16.5,0,24.34,1.21,
0,2.543,27610.83,49.2,7/21/2026 15:14:28,16.5,0,24.46,1.05,
0,2.559,27647.5,49.2,7/21/2026 15:14:32,16.5,0,23.78,1.3,
0,2.748,27575,49.2,7/21/2026 15:14:32,16.5,0,23.78,1.3,
0,2.591,27587.5,49.2,7/21/2026 15:14:37,16.5,0,24.2,1.04,
0,2.59,27610,49.2,7/21/2026 15:14:42,16.5,0,24.01,0.89,
0,2.489,27570.83,49.2,7/21/2026 15:14:47,16.5,0,24.2,0.8,
0,2.678,27463.33,49.6,7/21/2026 15:14:55,16.5,0,24.2,1.47,
0,2.595,27394.17,49.8,7/21/2026 15:15:03,16.5,0,24.2,1.37,
0,2.626,27332.5,49.8,7/21/2026 15:15:09,16.5,0,24.24,0.96,
0,2.614,27239.17,49.8,7/21/2026 15:15:14,16.5,0,24.2,1.22,
0,2.638,27233.33,49.8,7/21/2026 15:15:19,16.5,0,24.21,0.85,
0,2.562,27247.5,49.8,7/21/2026 15:15:19,16.5,0,24.21,0.85,
0,2.561,27217.5,49.8,7/21/2026 15:15:23,16.5,0,24.17,1.36,
0,2.624,27267.5,49.8,7/21/2026 15:15:27,16.5,0,24.2,1,
0,2.601,27279.17,49.8,7/21/2026 15:15:32,16.5,0,24.18,1.02,
0,2.584,27123.33,49.8,7/21/2026 15:15:36,16.5,0,24.22,1.19,
0,2.609,27014.17,49.8,7/21/2026 15:15:41,16.5,0,24.4,1.28,
0,2.609,27014.17,49.8,7/21/2026 15:15:41,16.5,0,24.4,1.28,
0,2.486,26959.17,49.8,7/21/2026 15:15:45,16.5,0,24.21,1.13,
0,2.498,26881.67,49.8,7/21/2026 15:15:50,16.5,0,24.19,1.01,
0,2.568,26875,49.8,7/21/2026 15:15:54,16.5,0,24.3,1.48,
0,2.585,26791.67,49.8,7/21/2026 15:16:00,16.5,0,23.88,0.83,
0,2.612,26760.83,49.8,7/21/2026 15:16:04,16.5,0,24.14,0.81,
0,2.577,26810.83,50,7/21/2026 15:16:09,16.5,0,24.08,1.25,
0,2.45,26725.83,50.3,7/21/2026 15:16:14,16.5,0,24.08,1.37,
0,2.469,26701.67,50.3,7/21/2026 15:16:17,16.5,0,24.16,1.21,
0,2.381,26688.33,50.3,7/21/2026 15:16:21,16.5,0,24.18,0.9,
0,2.478,26685.83,50.3,7/21/2026 15:16:26,16.5,0,24.2,1.36,
0,2.483,26698.33,50.3,7/21/2026 15:16:30,16.5,0,24.2,1.44,
0,2.799,26567.5,49.8,7/21/2026 15:16:41,16.5,0,24.27,1.21,
0,2.799,26567.5,49.8,7/21/2026 15:16:41,16.5,0,24.27,1.21,
0,2.799,26567.5,49.8,7/21/2026 15:16:42,16.5,0,24.2,0.85,
0,2.723,26447.5,49.4,7/21/2026 15:16:54,16.5,0,24.23,1.49,
0,2.723,26447.5,49.4,7/21/2026 15:16:56,16.5,0,24.04,1.03,
0,2.803,26425.83,49.2,7/21/2026 15:16:56,16.5,0,24.04,1.03,
0,2.908,26410.83,49.2,7/21/2026 15:17:01,16.5,0,24.2,1.07,
0,2.684,26516.67,49.2,7/21/2026 15:17:06,16.5,0,24.2,0.89,
0,2.795,26534.17,49.2,7/21/2026 15:17:10,16.5,0,24.25,1.25,
0,2.699,26541.67,49.2,7/21/2026 15:17:10,16.5,0,24.25,1.25,
0,2.887,26557.5,49.2,7/21/2026 15:17:16,16.5,0,24.09,1.27,
0,2.977,26802.5,49.2,7/21/2026 15:17:20,16.5,0,24.21,1.39,
0,3.005,26851.67,49.2,7/21/2026 15:17:25,16.5,0,24.31,0.84,
0,2.919,26958.33,49.2,7/21/2026 15:17:30,16.5,0,24.3,0.89,
0,2.803,27055.83,49.2,7/21/2026 15:17:34,16.5,0,24.3,0.81,
0,2.951,27110,49.2,7/21/2026 15:17:39,16.5,0,24.23,1.13,
0,2.71,27155,49.2,7/21/2026 15:17:43,16.5,0,24.2,1.48,
0,2.961,27194.17,49.2,7/21/2026 15:17:47,16.5,0,24.21,1.26,
0,2.914,27238.33,49.2,7/21/2026 15:17:51,16.5,0,24.23,1.2,
0,2.95,27332.5,49.3,7/21/2026 15:17:56,16.5,0,24.21,1.25,
0,2.901,27335,49.3,7/21/2026 15:18:01,16.5,0,24.11,1.31,
0,2.911,27330.83,49.2,7/21/2026 15:18:06,16.5,0,24.22,1.02,
0,2.902,27263.33,49.2,7/21/2026 15:18:10,16.5,0,24.2,1.03,
0,2.841,27230,49.2,7/21/2026 15:18:15,16.5,0,24.12,1.13,
0,2.959,27125,49.2,7/21/2026 15:18:19,16.5,0,24.21,1.41,
0,2.802,27040,49.4,7/21/2026 15:18:25,16.5,0,24.37,1.03,
0,2.802,27040,49.4,7/21/2026 15:18:25,16.5,0,24.37,1.03,
0,2.942,27040,49.6,7/21/2026 15:18:30,16.5,0,24.07,0.96,
0,3.034,27011.67,49.6,7/21/2026 15:18:34,16.5,0,24.19,1.39,
0,2.906,26948.33,49.6,7/21/2026 15:18:35,16.5,0,24.19,1.39,
0,3.062,26870.83,49.8,7/21/2026 15:18:39,16.5,0,24.2,1.46,
0,2.872,26726.67,49.8,7/21/2026 15:18:43,16.5,0,24.26,1.38,
0,3.025,26608.33,49.8,7/21/2026 15:18:47,16.5,0,24.19,0.83,
0,2.932,26604.17,49.8,7/21/2026 15:18:47,16.5,0,24.19,0.83,
0,3.007,26540.83,49.8,7/21/2026 15:18:52,16.5,0,24.04,1.22,
0,2.915,26455,49.8,7/21/2026 15:18:57,16.5,0,24.17,1.2,
0,2.942,26170,49.8,7/21/2026 15:19:04,16.5,0,24.13,0.95,
0,2.826,26221.67,49.8,7/21/2026 15:19:09,16.5,0,24.3,0.83,
0,3.018,25829.17,49.8,7/21/2026 15:19:13,16.5,0,24.17,1.44,
0,3.021,25803.33,49.2,7/21/2026 15:19:18,16.5,0,24.4,1.15,
0,2.874,25990.83,49.2,7/21/2026 15:19:23,16.5,0,24.14,1.26,
0,2.919,25043.33,48.7,7/21/2026 15:19:27,16.5,0,24.15,0.99,
0,2.796,22720,48.7,7/21/2026 15:19:31,16.5,0,23.91,1.35,
0,2.947,21816.67,48.7,7/21/2026 15:19:35,16.5,0,23.75,1.29,
0,2.88,15055.83,48.2,7/21/2026 15:19:39,16.5,0,23.09,1.04,
0,2.999,15419.17,48.2,7/21/2026 15:19:44,16.5,0,23.18,0.96,
0,2.854,15437.5,48.2,7/21/2026 15:19:48,16.5,0,23.12,1.33,
0,2.855,15927.5,47.7,7/21/2026 15:19:48,16.5,0,23.12,1.33,
0,2.891,15014.17,47.6,7/21/2026 15:19:52,16.5,0,23.12,1.08,
0,2.914,14415,47.6,7/21/2026 15:19:58,16.5,0,22.98,1.28,
0,2.932,14471.67,47.4,7/21/2026 15:20:02,16.5,0,22.99,1.44,
0,3.035,13681.67,47.1,7/21/2026 15:20:02,16.5,0,22.99,1.44,
0,2.784,13779.17,47.1,7/21/2026 15:20:08,16.5,0,22.83,0.92,
0,2.824,14781.67,46.2,7/21/2026 15:20:12,16.5,0,23.13,1.13,
0,2.95,15275,46.2,7/21/2026 15:20:17,16.5,0,23.33,1.48,
0,2.945,17513.33,46.2,7/21/2026 15:20:21,16.5,0,23.6,1.01,
0,2.771,17234.17,46.2,7/21/2026 15:20:25,16.5,0,23.61,0.81,
0,2.983,16885.83,46.2,7/21/2026 15:20:29,16.5,0,23.7,1.34,
0,2.74,17103.33,45.8,7/21/2026 15:20:29,16.5,0,23.7,1.34,
0,2.856,19644.17,45.7,7/21/2026 15:20:34,16.5,0,24.2,1.23,
0,2.797,23749.17,45.7,7/21/2026 15:20:38,16.5,0,24.23,1.28,
0,2.897,24717.5,45.7,7/21/2026 15:20:43,16.5,0,24.33,0.88,
0,2.968,24595,45.7,7/21/2026 15:20:48,16.5,0,24.56,0.82,
0,2.654,24639.17,45.7,7/21/2026 15:20:52,16.5,0,24.19,0.86,
0,2.838,24733.33,45.7,7/21/2026 15:20:56,16.5,0,24.37,0.96,
0,2.871,24971.67,46.2,7/21/2026 15:21:00,16.5,0,24.39,0.94,
0,2.75,25072.5,46.2,7/21/2026 15:21:05,16.5,0,24.39,0.88,
0,2.679,25040.83,46.2,7/21/2026 15:21:09,16.5,0,24.25,1.22,
0,2.779,24874.17,46.2,7/21/2026 15:21:14,16.5,0,24.33,1.48,
0,2.855,24728.33,46.2,7/21/2026 15:21:20,16.5,0,24.39,1.33,
0,2.576,24731.67,46.2,7/21/2026 15:21:24,16.5,0,24.39,1.48,
0,3.014,24762.5,46.2,7/21/2026 15:21:28,16.5,0,24.41,0.8,
0,2.817,24908.33,46.2,7/21/2026 15:21:33,16.5,0,24.42,0.88,
0,2.777,24918.33,46.2,7/21/2026 15:21:38,16.5,0,24.38,1.13,
0,2.869,24897.5,46.2,7/21/2026 15:21:45,16.5,0,24.53,1.07,
0,2.844,24940,46.2,7/21/2026 15:21:45,16.5,0,24.53,1.07,
0,2.938,24835.83,46.2,7/21/2026 15:21:49,16.5,0,24.42,1.02,
0,2.712,24840,45.8,7/21/2026 15:21:54,16.5,0,24.34,0.98,
0,2.892,24865,45.7,7/21/2026 15:21:58,16.5,0,24.43,1.36,
0,2.826,24794.17,45.7,7/21/2026 15:22:03,16.5,0,24.32,1.02,
0,2.807,24859.17,45.7,7/21/2026 15:22:08,16.5,0,24.4,1.48,
0,2.807,24876.67,45.7,7/21/2026 15:22:12,16.5,0,24.44,1.49,
0,2.809,24965,45.7,7/21/2026 15:22:17,16.5,0,24.57,1.04,
0,2.796,25000.83,46,7/21/2026 15:22:21,16.5,0,24.5,1.14,
0,2.771,25000.83,46.2,7/21/2026 15:22:25,16.5,0,24.3,0.84,
0,2.798,24970,46.2,7/21/2026 15:22:30,16.5,0,24.4,0.8,
0,2.799,24920,46.2,7/21/2026 15:22:30,16.5,0,24.4,0.8,
0,2.803,24918.33,46.2,7/21/2026 15:22:34,16.5,0,24.42,1.38,
0,2.795,24915,46.2,7/21/2026 15:22:39,16.5,0,24.4,1.04,
0,2.731,24841.67,46.2,7/21/2026 15:22:43,16.5,0,24.2,0.87,
0,2.746,24800,47.1,7/21/2026 15:22:49,16.5,0,24.39,0.89,
0,2.746,24800,47.1,7/21/2026 15:22:49,16.5,0,24.39,0.89,
0,2.731,24748.33,47.1,7/21/2026 15:22:54,16.5,0,24.49,1.47,
0,2.897,24763.33,47.1,7/21/2026 15:22:58,16.5,0,24.46,0.83,
0,2.825,24713.33,47.1,7/21/2026 15:23:04,16.5,0,24.38,1.49,
0,2.77,24705,47.1,7/21/2026 15:23:07,16.5,0,24.38,1.09,
0,2.858,24722.5,47.2,7/21/2026 15:23:12,16.5,0,24.51,1,
0,2.885,24815.83,47.2,7/21/2026 15:23:17,16.5,0,24.41,1.27,
0,2.749,24763.33,47.1,7/21/2026 15:23:22,16.5,0,24.6,0.86,
0,2.774,24792.5,47.1,7/21/2026 15:23:26,16.5,0,24.4,1.1,
0,2.723,24779.17,47.1,7/21/2026 15:23:30,16.5,0,24.42,1.35,
0,2.737,24700,47.1,7/21/2026 15:23:31,16.5,0,24.42,1.35,
0,2.842,24680,47.1,7/21/2026 15:23:35,16.5,0,24.39,1.4,
0,2.725,24446.67,47.1,7/21/2026 15:23:39,16.5,0,24.4,1.28,
0,2.826,24368.33,47.1,7/21/2026 15:23:44,16.5,0,24.34,0.87,
0,2.826,24368.33,47.1,7/21/2026 15:23:44,16.5,0,24.34,0.87,
0,2.915,24345.83,47.1,7/21/2026 15:23:49,16.5,0,24.43,1.3,
0,2.9,24444.17,47.1,7/21/2026 15:23:55,16.5,0,24.37,1.46,
0,2.655,24347.5,47.1,7/21/2026 15:23:59,16.5,0,24.41,1.32,
0,2.774,24229.17,47.1,7/21/2026 15:24:03,16.5,0,24.33,0.81,
0,2.586,24048.33,47.1,7/21/2026 15:24:09,16.5,0,24.31,1.1,
0,2.808,23864.17,47.1,7/21/2026 15:24:13,16.5,0,24.48,0.81,
0,2.523,23774.17,47.1,7/21/2026 15:24:18,16.5,0,24.37,1.33,
0,2.629,23646.67,47.1,7/21/2026 15:24:22,16.5,0,24.3,1.08,
0,2.669,23570.83,47.1,7/21/2026 15:24:27,16.5,0,23.83,1.45,
0,2.715,23744.17,47.1,7/21/2026 15:24:31,16.5,0,24.28,0.92,
0,2.811,23761.67,47.5,7/21/2026 15:24:36,16.5,0,24.18,0.82,
0,2.749,23799.17,47.6,7/21/2026 15:24:41,16.5,0,24.34,1.08,
0,2.693,24343.33,47.6,7/21/2026 15:24:45,16.5,0,24.17,1.25,
0,2.686,24436.67,47.6,7/21/2026 15:24:50,16.5,0,24.4,0.87,
0,2.751,24393.33,47.6,7/21/2026 15:24:54,16.5,0,24.4,1.43,
0,2.804,24220.83,47.6,7/21/2026 15:24:58,16.5,0,24.23,1.33,
0,2.719,24183.33,47.6,7/21/2026 15:25:03,16.5,0,24.37,1.41,
0,2.851,23908.33,47.6,7/21/2026 15:25:08,16.5,0,24.38,0.96,
0,2.766,24082.5,47.6,7/21/2026 15:25:12,16.5,0,24.38,1.21,
0,2.671,24373.33,47.6,7/21/2026 15:25:12,16.5,0,24.38,1.21,
0,2.97,24427.5,47.6,7/21/2026 15:25:17,16.5,0,24.47,0.97,
0,2.893,24480,47.6,7/21/2026 15:25:21,16.5,0,24.34,0.86,
0,2.897,24592.5,47.6,7/21/2026 15:25:25,16.5,0,24.39,1.16,
0,2.844,22043.33,47.6,7/21/2026 15:25:30,16.5,0,24.16,0.84,
0,2.88,22009.17,47.6,7/21/2026 15:25:35,16.5,0,24.18,0.81,
0,2.743,20978.33,47.6,7/21/2026 15:25:40,16.5,0,24.14,1.33,
0,2.956,23197.5,47.6,7/21/2026 15:25:44,16.5,0,24.07,1.32,
0,2.81,22931.67,47.6,7/21/2026 15:25:49,16.5,0,24.27,0.83,
0,2.856,24396.67,47.6,7/21/2026 15:25:53,16.5,0,24.47,0.87,
0,2.664,24627.5,47.6,7/21/2026 15:25:58,16.5,0,24.48,0.84,
0,2.949,24686.67,47.6,7/21/2026 15:26:03,16.5,0,24.34,1.43,
0,2.992,23786.67,47.6,7/21/2026 15:26:08,16.5,0,24.3,0.9,
0,2.851,23578.33,47.6,7/21/2026 15:26:13,16.5,0,24.32,1.14,
0,2.844,23955,47.6,7/21/2026 15:26:17,16.5,0,24.22,1.01,
0,3.145,23340.83,47.6,7/21/2026 15:26:22,16.5,0,24.4,0.91,
0,3.144,24044.17,47.2,7/21/2026 15:26:27,16.5,0,24.36,0.98,
0,3.048,24232.5,47.2,7/21/2026 15:26:33,16.5,0,24.41,1.11,
0,3.15,24150,47.6,7/21/2026 15:26:38,16.5,0,24.38,0.81,
0,3.197,23840,47.6,7/21/2026 15:26:43,16.5,0,24.22,1.45,
0,3.254,24264.17,47.6,7/21/2026 15:26:50,16.5,0,24.37,1.07,
0,3.256,23403.33,47.6,7/21/2026 15:26:55,16.5,0,24.2,1.27,
0,3.219,23991.67,47.6,7/21/2026 15:27:00,16.5,0,24.23,1.19,
0,3.086,22972.5,47.6,7/21/2026 15:27:05,16.5,0,24.01,1.48,
0,3.334,19946.67,47.6,7/21/2026 15:27:05,16.5,0,24.01,1.48,
0,3.13,17331.67,47.6,7/21/2026 15:27:09,16.5,0,23.68,0.94,
0,3.19,13022.5,47.6,7/21/2026 15:27:17,16.5,0,22.85,1.19,
0,3.051,13341.67,47.6,7/21/2026 15:27:22,16.5,0,22.96,0.82,
0,3.214,14044.17,47.1,7/21/2026 15:27:26,16.5,0,23.02,0.98,
0,3.311,14790,47.1,7/21/2026 15:27:31,16.5,0,23.51,1.33,
0,3.145,16506.67,47.1,7/21/2026 15:27:35,16.5,0,23.48,0.89,
0,3.145,16506.67,47.1,7/21/2026 15:27:39,16.5,0,23.37,1.1,
0,3.258,15433.33,47.1,7/21/2026 15:27:44,16.5,0,23.44,1.27,
0,3.252,15516.67,46.2,7/21/2026 15:27:48,16.5,0,23.6,1.24,
0,3.304,15287.5,46.2,7/21/2026 15:27:52,16.5,0,23.36,1.21,
0,3.149,15155,46.2,7/21/2026 15:27:57,16.5,0,23.51,1,
0,3.199,15478.33,46.2,7/21/2026 15:28:01,16.5,0,23.74,1.36,
0,3.358,20487.5,45.7,7/21/2026 15:28:05,16.5,0,24.36,1.42,
0,3.161,22220.83,45.7,7/21/2026 15:28:09,16.5,0,24.36,1.35,
0,3.22,23019.17,45.7,7/21/2026 15:28:10,16.5,0,24.36,1.35,
0,3.242,23320.83,45.7,7/21/2026 15:28:14,16.5,0,24.44,1.12,
0,3.303,23485,45.8,7/21/2026 15:28:18,16.5,0,24.6,1.2,
0,3.075,23391.67,45.7,7/21/2026 15:28:22,16.5,0,24.36,1.42,
0,3.142,23510.83,45.7,7/21/2026 15:28:22,16.5,0,24.36,1.42,
0,3.326,23516.67,45.7,7/21/2026 15:28:27,16.5,0,24.49,1.44,
0,3.25,23375,45.7,7/21/2026 15:28:32,16.5,0,24.44,1.04,
0,3.094,23497.5,45.7,7/21/2026 15:28:36,16.5,0,24.42,1.32,
0,3.223,23521.67,45.7,7/21/2026 15:28:36,16.5,0,24.42,1.32,
0,3.215,23492.5,45.7,7/21/2026 15:28:41,16.5,0,24.44,0.8,
0,3.116,22770,45.7,7/21/2026 15:28:45,16.5,0,24.49,1.09,
0,3.057,22979.17,45.7,7/21/2026 15:28:46,16.5,0,24.49,1.09,
0,3.078,23215.83,45.7,7/21/2026 15:28:50,16.5,0,24.41,0.87,
0,3.07,23141.67,45.7,7/21/2026 15:28:54,16.5,0,24,0.8,
0,3.062,23015,45.7,7/21/2026 15:28:59,16.5,0,24.29,0.8,
0,3.062,23015,45.7,7/21/2026 15:28:59,16.5,0,24.29,0.8,
0,3.044,23006.67,45.7,7/21/2026 15:29:04,16.5,0,24.2,1.31,
0,3.056,23282.5,45.7,7/21/2026 15:29:09,16.5,0,24.24,0.87,
0,3.083,23415,45.7,7/21/2026 15:29:14,16.5,0,24.41,0.9,
0,3.008,23468.33,45.8,7/21/2026 15:29:23,16.5,0,24.2,1.42,
0,3.193,23480.83,46.2,7/21/2026 15:29:27,16.5,0,24.39,0.88,
0,3.105,23196.67,46.2,7/21/2026 15:29:32,16.5,0,24.39,0.97,
0,3.105,23382.5,46.2,7/21/2026 15:29:36,16.5,0,24.41,1.13,
0,3.06,23566.67,47.1,7/21/2026 15:29:42,16.5,0,24.44,1.3,
0,3.132,23628.33,47.1,7/21/2026 15:29:43,16.5,0,24.44,1.3,
0,3.239,23640,47.1,7/21/2026 15:29:47,16.5,0,24.46,1.49,
0,3.307,23715.83,47.2,7/21/2026 15:29:52,16.5,0,24.41,1.09,
0,3.359,23727.5,47.5,7/21/2026 15:29:57,16.5,0,24.4,1.24,
0,3.198,23699.17,47.6,7/21/2026 15:30:02,16.5,0,24.31,1.18,
0,3.516,23710,47.6,7/21/2026 15:30:06,16.5,0,24.33,1,
0,3.321,23733.33,47.6,7/21/2026 15:30:11,16.5,0,23.91,1.43,
0,3.417,23769.17,47.6,7/21/2026 15:30:16,16.5,0,24.4,1.27,
0,3.273,23719.17,47.6,7/21/2026 15:30:20,16.5,0,24.44,1.31,
0,3.379,23689.17,47.6,7/21/2026 15:30:24,16.5,0,24.41,1.08,
0,3.403,23614.17,47.7,7/21/2026 15:30:29,16.5,0,24.2,1.14,
0,3.285,23630.83,48.1,7/21/2026 15:30:33,16.5,0,24.36,0.95,
0,3.429,23619.17,48.2,7/21/2026 15:30:37,16.5,0,24.31,0.8,
0,3.466,23296.67,48.2,7/21/2026 15:30:42,16.5,0,24.27,0.84,
0,3.489,23138.33,48.2,7/21/2026 15:30:47,16.5,0,24.31,1.42,
0,3.412,22792.5,48.2,7/21/2026 15:30:51,16.5,0,24.3,1.1,
0,3.484,22627.5,48.2,7/21/2026 15:30:56,16.5,0,24.23,1.39,
0,3.455,22645.83,48.2,7/21/2026 15:31:00,16.5,0,24.34,1.31,
0,3.457,22465,48.4,7/21/2026 15:31:05,16.5,0,24.2,1.22,
0,3.437,22393.33,48.4,7/21/2026 15:31:09,16.5,0,24.28,1.12,
0,3.468,22706.67,48.7,7/21/2026 15:31:15,16.5,0,24.22,1.43,
0,3.466,22845,48.7,7/21/2026 15:31:19,16.5,0,24.17,1.49,
0,3.515,22824.17,48.7,7/21/2026 15:31:19,16.5,0,24.17,1.49,
0,3.418,22873.33,48.7,7/21/2026 15:31:24,16.5,0,24.32,1.27,
0,3.435,22963.33,48.7,7/21/2026 15:31:28,16.5,0,24.36,1.37,
0,3.523,22999.17,48.7,7/21/2026 15:31:32,16.5,0,24.25,0.91,
0,3.436,22782.5,48.7,7/21/2026 15:31:36,16.5,0,24.25,1.08,
0,3.48,22715,48.7,7/21/2026 15:31:37,16.5,0,24.25,1.08,
0,3.547,22846.67,48.7,7/21/2026 15:31:42,16.5,0,24.24,0.83,
0,3.516,22885.83,48.7,7/21/2026 15:31:46,16.5,0,24.28,1.37,
0,3.522,21868.33,48.7,7/21/2026 15:31:50,16.5,0,24.01,0.88,
0,3.522,21868.33,48.7,7/21/2026 15:31:54,16.5,0,23.46,1.05,
0,3.407,18162.5,48.7,7/21/2026 15:31:58,16.5,0,23.81,0.9,
0,3.391,18251.67,48.4,7/21/2026 15:32:02,16.5,0,23.87,0.9,
0,3.507,17816.67,48.3,7/21/2026 15:32:07,16.5,0,23.91,1.01,
0,3.527,20878.33,48.2,7/21/2026 15:32:12,16.5,0,24.16,0.94,
0,3.516,21150.83,48.2,7/21/2026 15:32:16,16.5,0,24.11,0.84,
0,3.263,21356.67,48.2,7/21/2026 15:32:23,16.5,0,24.24,1.15,
0,3.25,21640,48.2,7/21/2026 15:32:27,16.5,0,24.16,1.15,
0,3.403,21750,47.7,7/21/2026 15:32:31,16.5,0,24.11,1.24,
0,3.403,21750,47.7,7/21/2026 15:32:36,16.5,0,24.34,1.09,
0,3.365,21808.33,47.7,7/21/2026 15:32:40,16.5,0,24.07,1.37,
0,3.658,21444.17,48,7/21/2026 15:32:44,16.5,0,24.2,1.07,
0,3.486,22037.5,48.2,7/21/2026 15:32:49,16.5,0,24.07,1.43,
0,3.486,22037.5,48.2,7/21/2026 15:32:49,16.5,0,24.07,1.43,
0,3.552,22092.5,48.2,7/21/2026 15:32:53,16.5,0,24.2,1.39,
0,3.629,22182.5,48.2,7/21/2026 15:32:57,16.5,0,24.01,1.01,
0,3.699,22238.33,48.2,7/21/2026 15:33:01,16.5,0,24.22,0.82,
0,3.51,22293.33,48.2,7/21/2026 15:33:05,16.5,0,24.28,1.09,
0,3.642,22335,48.2,7/21/2026 15:33:09,16.5,0,24.2,1.29,
0,3.64,22370,48.2,7/21/2026 15:33:13,16.5,0,24.2,1.43,
0,3.708,22503.33,48.2,7/21/2026 15:33:20,16.5,0,24.21,1.07,
0,3.939,22495,48.2,7/21/2026 15:33:20,16.5,0,24.21,1.07,
0,3.613,22561.67,48.2,7/21/2026 15:33:25,16.5,0,24.2,1.33,
0,3.728,22580.83,48.2,7/21/2026 15:33:30,16.5,0,24.22,1.13,
0,3.597,22617.5,48.3,7/21/2026 15:33:34,16.5,0,24.1,1.11,
0,3.593,22625,48.5,7/21/2026 15:33:38,16.5,0,24.17,1.29,
0,3.783,22677.5,48.7,7/21/2026 15:33:43,16.5,0,24.12,1.4,
0,3.529,22718.33,48.7,7/21/2026 15:33:47,16.5,0,24.22,1.08,
0,3.587,22682.5,48.7,7/21/2026 15:33:51,16.5,0,24.22,1.12,
0,3.643,22654.17,48.7,7/21/2026 15:33:55,16.5,0,24.19,0.94,
0,3.635,22700.83,48.7,7/21/2026 15:34:00,16.5,0,24.25,0.94,
0,3.767,22740.83,48.7,7/21/2026 15:34:06,16.5,0,24.22,0.95,
0,3.729,22680.83,48.7,7/21/2026 15:34:10,16.5,0,24.28,1.1,
0,3.729,22680.83,48.7,7/21/2026 15:34:10,16.5,0,24.28,1.1,
0,3.674,22662.5,48.7,7/21/2026 15:34:14,16.5,0,24.23,0.91,
0,3.669,22615,48.7,7/21/2026 15:34:19,16.5,0,24.32,1.37,
0,3.667,22649.17,48.7,7/21/2026 15:34:23,16.5,0,24.22,1.06,
0,3.792,22660.83,48.7,7/21/2026 15:34:27,16.5,0,24.17,1.48,
0,3.723,22675.83,48.7,7/21/2026 15:34:31,16.5,0,24.23,1.03,
0,3.579,22653.33,48.7,7/21/2026 15:34:36,16.5,0,24.27,0.96,
0,3.438,22665,48.7,7/21/2026 15:34:40,16.5,0,24.22,1.28,
0,3.725,22652.5,48.7,7/21/2026 15:34:45,16.5,0,24.28,1.33,
0,3.768,22681.67,48.9,7/21/2026 15:34:49,16.5,0,24.28,0.9,
0,3.65,22620.83,48.8,7/21/2026 15:34:53,16.5,0,24.25,1.2,
0,3.577,22614.17,48.7,7/21/2026 15:34:57,16.5,0,24.09,1.08,
0,3.769,22621.67,48.7,7/21/2026 15:35:02,16.5,0,24.14,1.33,
0,3.646,22549.17,48.7,7/21/2026 15:35:06,16.5,0,24.23,1.1,
0,3.66,22581.67,48.7,7/21/2026 15:35:10,16.5,0,24.24,1.18,
0,3.598,22574.17,48.3,7/21/2026 15:35:15,16.5,0,24.22,1.49,
0,3.559,22505,48.2,7/21/2026 15:35:19,16.5,0,24.22,0.85,
0,3.575,22451.67,48.2,7/21/2026 15:35:23,16.5,0,24.2,0.81,
0,3.809,22388.33,48.2,7/21/2026 15:35:27,16.5,0,24.2,1.17,
0,3.678,22389.17,48.2,7/21/2026 15:35:32,16.5,0,24.26,1.28,
0,3.648,22350.83,48.2,7/21/2026 15:35:36,16.5,0,24.21,1.32,
0,3.825,22354.17,48.2,7/21/2026 15:35:40,16.5,0,24.2,1.47,
0,3.687,22324.17,48.2,7/21/2026 15:35:45,16.5,0,24.26,1.29,
0,3.664,22343.33,48.2,7/21/2026 15:35:49,16.5,0,24.12,0.83,
0,3.525,22361.67,48.2,7/21/2026 15:35:53,16.5,0,24.19,0.88,
0,3.703,22376.67,48.2,7/21/2026 15:35:57,16.5,0,24.2,1.13,
0,3.565,22378.33,48.2,7/21/2026 15:36:01,16.5,0,24.3,1.07,
0,3.644,22259.17,48.2,7/21/2026 15:36:06,16.5,0,23.79,1.25,
0,3.571,22268.33,48.3,7/21/2026 15:36:10,16.5,0,24.18,1.38,
0,3.616,22239.17,48.2,7/21/2026 15:36:16,16.5,0,24.2,0.92,
0,3.579,22300,48.2,7/21/2026 15:36:20,16.5,0,24.17,0.95,
0,3.763,22070,48.2,7/21/2026 15:36:24,16.5,0,24.17,1.4,
0,3.711,22135,48.3,7/21/2026 15:36:29,16.5,0,24.18,0.93,
0,3.823,22057.5,48.7,7/21/2026 15:36:34,16.5,0,24.18,1.16,
0,3.823,22057.5,48.7,7/21/2026 15:36:38,16.5,0,24.18,1.39,
0,3.645,21936.67,48.7,7/21/2026 15:36:42,16.5,0,24.15,1.11,
0,3.55,22015,48.7,7/21/2026 15:36:49,16.5,0,24.25,0.81,
0,3.568,22191.67,48.7,7/21/2026 15:36:50,16.5,0,24.25,0.81,
0,3.538,22222.5,48.7,7/21/2026 15:36:54,16.5,0,24.12,1.49,
0,3.699,22184.17,48.7,7/21/2026 15:36:58,16.5,0,24.18,1.03,
0,3.754,21997.5,48.7,7/21/2026 15:37:03,16.5,0,24.2,1.35,
0,3.8,21941.67,48.7,7/21/2026 15:37:07,16.5,0,24.19,0.91,
0,3.658,21943.33,48.7,7/21/2026 15:37:11,16.5,0,24.15,0.9,
0,3.559,22021.67,48.7,7/21/2026 15:37:16,16.5,0,24.2,0.94,
0,3.652,22016.67,48.7,7/21/2026 15:37:20,16.5,0,24.17,0.86,
0,3.491,22068.33,49,7/21/2026 15:37:20,16.5,0,24.17,0.86,
0,3.68,22051.67,49.2,7/21/2026 15:37:24,16.5,0,24.36,1.05,
0,3.488,22201.67,49.2,7/21/2026 15:37:28,16.5,0,24.23,1.22,
0,3.512,22315.83,49.2,7/21/2026 15:37:37,16.5,0,24.09,0.97,
0,3.628,22315,49.2,7/21/2026 15:37:37,16.5,0,24.09,0.97,
0,3.647,22292.5,49.2,7/21/2026 15:37:41,16.5,0,24.23,0.96,
0,3.61,21840.83,49.2,7/21/2026 15:37:47,16.5,0,24.04,1.18,
0,3.637,21619.17,49.2,7/21/2026 15:37:52,16.5,0,24.28,1.27,
0,3.553,21540.83,49.2,7/21/2026 15:37:57,16.5,0,24.17,1.33,
0,3.602,21640.83,49.2,7/21/2026 15:38:01,16.5,0,23.69,1.06,
0,3.616,21724.17,49.2,7/21/2026 15:38:06,16.5,0,24.19,1.09,
0,3.626,21415.83,49.2,7/21/2026 15:38:10,16.5,0,24.2,1.13,
0,3.603,21590,49.2,7/21/2026 15:38:11,16.5,0,24.2,1.13,
0,3.59,21500,49.1,7/21/2026 15:38:15,16.5,0,23.99,1.02,
0,3.492,21546.67,48.7,7/21/2026 15:38:19,16.5,0,24.16,0.85,
0,3.554,21656.67,48.7,7/21/2026 15:38:23,16.5,0,24.16,0.81,
0,3.63,21844.17,48.7,7/21/2026 15:38:28,16.5,0,24.2,0.96,
0,3.618,21903.33,48.7,7/21/2026 15:38:32,16.5,0,24.23,0.87,
0,3.475,22005.83,48.7,7/21/2026 15:38:36,16.5,0,24.22,1.41,
0,3.522,22202.5,48.7,7/21/2026 15:38:40,16.5,0,24.24,0.82,
0,3.6,22256.67,48.7,7/21/2026 15:38:45,16.5,0,24.2,1.28,
0,3.688,22197.5,48.7,7/21/2026 15:38:49,16.5,0,24.26,1.27,
0,3.675,22045.83,48.7,7/21/2026 15:38:54,16.5,0,24.19,1.06,
0,3.636,21892.5,48.7,7/21/2026 15:38:58,16.5,0,24.37,1.27,
0,3.54,21880,48.7,7/21/2026 15:39:02,16.5,0,24.16,0.82,
0,3.447,22049.17,48.7,7/21/2026 15:39:07,16.5,0,24.14,1.36,
0,3.447,22049.17,48.7,7/21/2026 15:39:07,16.5,0,24.14,1.36,
0,3.447,22049.17,48.7,7/21/2026 15:39:11,16.5,0,24.14,1.26,
0,3.447,22049.17,48.7,7/21/2026 15:39:15,16.5,0,24.33,1.49,
0,3.582,22115,48.7,7/21/2026 15:39:21,16.5,0,24.27,1.32,
0,3.627,22091.67,48.8,7/21/2026 15:39:25,16.5,0,24.18,1.37,
0,3.66,21995.83,49,7/21/2026 15:39:35,16.5,0,24.2,1.19,
0,3.66,21995.83,49,7/21/2026 15:39:36,16.5,0,24.14,1.2,
0,3.632,21980.83,49.1,7/21/2026 15:39:40,16.5,0,24.18,1.4,
0,3.739,22010,49.2,7/21/2026 15:39:45,16.5,0,24.1,1.11,
0,3.658,22014.17,49.2,7/21/2026 15:39:50,16.5,0,24.07,1.11,
0,3.72,21951.67,49.2,7/21/2026 15:39:54,16.5,0,24.22,1.39,
0,3.734,21841.67,49.1,7/21/2026 15:39:58,16.5,0,24.14,0.85,
0,3.836,21984.17,49,7/21/2026 15:40:02,16.5,0,24.06,1.42,
0,3.679,22105,48.9,7/21/2026 15:40:07,16.5,0,24.11,1.43,
0,3.604,22022.5,48.8,7/21/2026 15:40:11,16.5,0,24.19,1.35,
0,3.66,21778.33,48.8,7/21/2026 15:40:15,16.5,0,23.98,1.14,
0,3.758,21749.17,48.8,7/21/2026 15:40:20,16.5,0,24.14,1.15,
0,3.75,21675,48.8,7/21/2026 15:40:24,16.5,0,24.22,1.1,
0,3.768,21769.17,48.8,7/21/2026 15:40:28,16.5,0,24.17,1.28,
0,3.773,21798.33,48.8,7/21/2026 15:40:32,16.5,0,24.3,1.33,
0,3.769,21657.5,48.7,7/21/2026 15:40:36,16.5,0,24.23,1.18,
0,3.769,21657.5,48.7,7/21/2026 15:40:40,16.5,0,24.17,1.05,
0,3.619,21587.5,48.7,7/21/2026 15:40:44,16.5,0,24.18,0.87,
0,3.669,21799.17,48.7,7/21/2026 15:40:49,16.5,0,24.2,1.46,
0,3.701,21756.67,48.7,7/21/2026 15:40:53,16.5,0,24.15,0.91,
0,3.736,19314.17,48.2,7/21/2026 15:40:57,16.5,0,24.07,1.02,
0,3.861,18932.5,48.2,7/21/2026 15:41:01,16.5,0,24.03,1.02,
0,3.753,19930.83,48.2,7/21/2026 15:41:05,16.5,0,24.14,0.95,
0,3.763,19209.17,48.2,7/21/2026 15:41:10,16.5,0,24,1.35,
0,3.642,17781.67,48.2,7/21/2026 15:41:14,16.5,0,23.89,1.18,
0,3.676,19550,47.6,7/21/2026 15:41:18,16.5,0,24.11,1.25,
0,3.56,20951.67,47.6,7/21/2026 15:41:23,16.5,0,24.2,1.19,
0,3.769,20930,47.6,7/21/2026 15:41:28,16.5,0,24.13,1.42,
0,3.63,20073.33,47.6,7/21/2026 15:41:28,16.5,0,24.13,1.42,
0,3.731,20009.17,47.6,7/21/2026 15:41:32,16.5,0,24.19,1.49,
0,3.649,20194.17,47.6,7/21/2026 15:41:39,16.5,0,24.11,1.24,
0,3.675,20375,47.6,7/21/2026 15:41:43,16.5,0,24.17,1.01,
0,3.784,20652.5,47.6,7/21/2026 15:41:48,16.5,0,24.2,1.43,
0,3.571,20710,47.6,7/21/2026 15:41:52,16.5,0,24.2,1.41,
0,3.681,20750.83,47.6,7/21/2026 15:41:56,16.5,0,24.25,1.05,
0,3.46,20823.33,47.6,7/21/2026 15:42:05,16.5,0,24.21,1.18,
0,3.566,20837.5,47.6,7/21/2026 15:42:08,16.5,0,24.2,1.22,
0,3.758,20831.67,47.6,7/21/2026 15:42:08,16.5,0,24.2,1.22,
0,3.587,20831.67,47.6,7/21/2026 15:42:12,16.5,0,24.2,1.02,
0,3.603,20801.67,47.6,7/21/2026 15:42:17,16.5,0,24.22,1.11,
0,3.583,20819.17,47.6,7/21/2026 15:42:21,16.5,0,24.21,1.19,
0,3.624,20825,47.6,7/21/2026 15:42:25,16.5,0,24.21,1.47,
0,3.572,20825,47.7,7/21/2026 15:42:29,16.5,0,24.26,1.13,
0,3.767,20753.33,47.6,7/21/2026 15:42:34,16.5,0,24.26,1.37,
0,3.767,20753.33,47.6,7/21/2026 15:42:34,16.5,0,24.26,1.37,
0,3.666,20735,47.2,7/21/2026 15:42:39,16.5,0,24.36,1.29,
0,3.659,20720,47.1,7/21/2026 15:42:39,16.5,0,24.36,1.29,
0,3.683,20664.17,47.1,7/21/2026 15:42:44,16.5,0,24.21,0.89,
0,3.587,20581.67,47.1,7/21/2026 15:42:48,16.5,0,24.15,0.81,
0,3.587,20581.67,47.1,7/21/2026 15:42:48,16.5,0,24.15,0.81,
0,3.73,20556.67,47.2,7/21/2026 15:42:52,16.5,0,24.2,1.05,
0,3.721,20506.67,47.1,7/21/2026 15:42:59,16.5,0,24.23,1.04,
0,3.638,20481.67,47.1,7/21/2026 15:43:03,16.5,0,24.23,1.29,
0,3.568,20484.17,47.1,7/21/2026 15:43:08,16.5,0,24.28,0.93,
0,3.686,20475.83,47.1,7/21/2026 15:43:12,16.5,0,24.17,1.12,
0,3.578,20485,47.2,7/21/2026 15:43:16,16.5,0,24.13,0.96,
0,3.698,20440,47.1,7/21/2026 15:43:20,16.5,0,24.25,1.41,
0,3.676,20465,47.1,7/21/2026 15:43:25,16.5,0,24.34,0.94,
0,3.668,20438.33,47.1,7/21/2026 15:43:25,16.5,0,24.34,0.94,
0,3.739,20466.67,47.1,7/21/2026 15:43:29,16.5,0,24.36,1.23,
0,3.735,20480.83,47.1,7/21/2026 15:43:34,16.5,0,24.3,1.09,
0,3.691,20453.33,47.1,7/21/2026 15:43:39,16.5,0,24.29,1.3,
0,3.693,20412.5,47.1,7/21/2026 15:43:43,16.5,0,24.23,1,
0,3.649,20388.33,47.1,7/21/2026 15:43:47,16.5,0,24.2,0.94,
0,3.776,20373.33,47.1,7/21/2026 15:43:54,16.5,0,24.12,1.25,
0,3.667,20334.17,47.1,7/21/2026 15:43:58,16.5,0,24.2,1.4,
0,3.584,20321.67,47.1,7/21/2026 15:44:02,16.5,0,24.26,1.3,
0,3.559,20194.17,47.6,7/21/2026 15:44:07,16.5,0,24.07,1.07,
0,3.749,20213.33,47.6,7/21/2026 15:44:12,16.5,0,24.23,1.29,
0,3.731,20161.67,47.6,7/21/2026 15:44:16,16.5,0,24.11,1.02,
0,3.701,20074.17,47.6,7/21/2026 15:44:21,16.5,0,24.2,1.47,
0,3.658,20020.83,47.6,7/21/2026 15:44:25,16.5,0,24.2,1.18,
0,3.577,19927.5,47.6,7/21/2026 15:44:29,16.5,0,24.22,1.22,
0,3.62,19843.33,47.6,7/21/2026 15:44:32,16.5,0,24.39,0.84,
0,3.684,19616.67,47.6,7/21/2026 15:44:37,16.5,0,24.22,1.19,
0,3.642,19480,47.6,7/21/2026 15:44:41,16.5,0,24.4,1.2,
0,3.585,19490.83,47.6,7/21/2026 15:44:46,16.5,0,24.13,0.82,
0,3.673,19595.83,47.6,7/21/2026 15:44:50,16.5,0,24.2,1.49,
0,3.531,19548.33,47.6,7/21/2026 15:44:50,16.5,0,24.2,1.49,
0,3.585,19684.17,47.6,7/21/2026 15:44:55,16.5,0,24.1,1.07,
0,3.399,19710.83,47.6,7/21/2026 15:45:00,16.5,0,24.37,1.08,
0,3.532,19646.67,47.6,7/21/2026 15:45:05,16.5,0,24.07,1.44,
0,3.447,19528.33,47.6,7/21/2026 15:45:10,16.5,0,24.12,1.23,
0,3.506,19326.67,47.7,7/21/2026 15:45:14,16.5,0,24.18,1.39,
0,3.549,19280.83,47.7,7/21/2026 15:45:18,16.5,0,24.17,1.41,
0,3.549,19280.83,47.7,7/21/2026 15:45:22,16.5,0,24.2,1.25,
0,3.532,19095,47.8,7/21/2026 15:45:27,16.5,0,24.16,1.49,
0,3.508,19031.67,47.6,7/21/2026 15:45:31,16.5,0,24.14,1.36,
0,3.427,19199.17,47.6,7/21/2026 15:45:36,16.5,0,24.11,1.24,
0,3.508,19229.17,47.6,7/21/2026 15:45:40,16.5,0,24.16,1.16,
0,3.44,19370.83,47.6,7/21/2026 15:45:44,16.5,0,24.31,1.02,
0,3.583,19452.5,47.6,7/21/2026 15:45:48,16.5,0,24.11,0.89,
0,3.32,19478.33,47.6,7/21/2026 15:45:53,16.5,0,24.19,1.01,
0,3.54,19515.83,47.6,7/21/2026 15:45:57,16.5,0,24.3,1.05,
0,3.363,19517.5,47.6,7/21/2026 15:46:01,16.5,0,24.25,1.27,
0,3.493,19489.17,47.6,7/21/2026 15:46:06,16.5,0,24.01,1.26,
0,3.417,19517.5,47.7,7/21/2026 15:46:10,16.5,0,24.18,1.38,
0,3.559,19603.33,48.1,7/21/2026 15:46:15,16.5,0,23.73,1.18,
0,3.56,19596.67,48.1,7/21/2026 15:46:22,16.5,0,24.18,1.44,
0,3.457,19557.5,48,7/21/2026 15:46:27,16.5,0,24.2,0.93,
0,3.441,19540.83,47.9,7/21/2026 15:46:31,16.5,0,24.18,1.45,
0,3.524,19558.33,47.8,7/21/2026 15:46:35,16.5,0,24.22,1.49,
0,3.414,19526.67,47.7,7/21/2026 15:46:39,16.5,0,24.24,0.82,
0,3.575,19512.5,47.7,7/21/2026 15:46:43,16.5,0,24.23,1.44,
0,3.457,19466.67,47.6,7/21/2026 15:46:47,16.5,0,24.2,1.41,
0,3.457,19466.67,47.6,7/21/2026 15:46:47,16.5,0,24.2,1.41,
0,3.545,19452.5,47.6,7/21/2026 15:46:52,16.5,0,24.17,1.45,
0,3.557,19440,47.6,7/21/2026 15:46:56,16.5,0,24.2,1.43,
0,3.723,19415.83,47.6,7/21/2026 15:47:00,16.5,0,24.22,1.01,
0,3.479,19335.83,47.6,7/21/2026 15:47:10,16.5,0,24.18,1.19,
0,3.479,19335.83,47.6,7/21/2026 15:47:11,16.5,0,24.37,1.13,
0,3.581,19260,47.6,7/21/2026 15:47:16,16.5,0,24.2,1.19,
0,3.521,19257.5,47.6,7/21/2026 15:47:20,16.5,0,24.13,0.8,
0,3.524,19250.83,47.6,7/21/2026 15:47:24,16.5,0,24.24,1.38,
0,3.593,19271.67,47.2,7/21/2026 15:47:24,16.5,0,24.24,1.38,
0,3.497,19237.5,47.1,7/21/2026 15:47:29,16.5,0,24.19,1.28,
0,3.547,19219.17,47.1,7/21/2026 15:47:33,16.5,0,24.2,1.45,
0,3.442,19166.67,47.1,7/21/2026 15:47:37,16.5,0,24.1,1.44,
0,3.535,19254.17,47.1,7/21/2026 15:47:42,16.5,0,24.31,1.26,
0,3.621,19249.17,47.1,7/21/2026 15:47:46,16.5,0,24.24,0.97,
0,3.695,19278.33,47,7/21/2026 15:47:51,16.5,0,24.3,1.29,
0,3.719,19311.67,47,7/21/2026 15:47:57,16.5,0,24.29,0.92,
0,3.337,19266.67,47.1,7/21/2026 15:48:04,16.5,0,24.13,1.05,
0,3.66,19177.5,47.1,7/21/2026 15:48:08,16.5,0,24.24,1.34,
0,3.566,19179.17,47.1,7/21/2026 15:48:13,16.5,0,24.43,1.08,
0,3.617,19155.83,47.1,7/21/2026 15:48:17,16.5,0,24.11,0.91,
0,3.708,19099.17,47.1,7/21/2026 15:48:21,16.5,0,24.26,0.98,
0,3.607,18950,47.1,7/21/2026 15:48:26,16.5,0,24.21,1.17,
0,3.531,19045,47.1,7/21/2026 15:48:30,16.5,0,24.18,0.98,
0,3.47,19100,47.1,7/21/2026 15:48:34,16.5,0,24.2,1.42,
0,3.572,19159.17,47.2,7/21/2026 15:48:39,16.5,0,24.18,1.21,
0,3.572,19159.17,47.2,7/21/2026 15:48:43,16.5,0,23.98,1.32,
0,3.554,19253.33,47.5,7/21/2026 15:48:47,16.5,0,24.5,0.99,
0,3.627,19355,47.6,7/21/2026 15:48:52,16.5,0,24.02,0.87,
0,3.606,19352.5,47.6,7/21/2026 15:48:56,16.5,0,24.16,1.24,
0,3.561,19373.33,47.6,7/21/2026 15:49:00,16.5,0,24.2,1.05,
0,3.688,19392.5,47.6,7/21/2026 15:49:05,16.5,0,24.27,1.34,
0,3.708,19484.17,47.6,7/21/2026 15:49:09,16.5,0,24.4,0.88,
0,3.77,19423.33,47.6,7/21/2026 15:49:13,16.5,0,24.2,0.99,
0,3.628,19443.33,47.6,7/21/2026 15:49:17,16.5,0,24.38,1.16,
0,3.55,19455.83,47.6,7/21/2026 15:49:21,16.5,0,24.31,0.8,
0,3.671,19425.83,47.6,7/21/2026 15:49:26,16.5,0,24.18,0.8,
0,3.727,19462.5,47.6,7/21/2026 15:49:30,16.5,0,24.27,1.09,
0,3.796,19543.33,47.6,7/21/2026 15:49:35,16.5,0,24.32,1.26,
0,3.618,19678.33,47.6,7/21/2026 15:49:39,16.5,0,24.26,0.87,
0,3.674,19665.83,47.6,7/21/2026 15:49:43,16.5,0,24.22,1.02,
0,3.714,19665,47.7,7/21/2026 15:49:47,16.5,0,24.38,1.15,
0,3.543,19677.5,47.6,7/21/2026 15:49:51,16.5,0,24.14,0.82,
0,3.543,19677.5,47.6,7/21/2026 15:49:51,16.5,0,24.14,0.82,
0,3.593,19618.33,47.7,7/21/2026 15:49:55,16.5,0,24.3,0.92,
0,3.453,19595,47.7,7/21/2026 15:49:59,16.5,0,24.42,1.02,
0,3.622,19590.83,47.9,7/21/2026 15:50:03,16.5,0,24.3,1,
0,3.552,19564.17,48.1,7/21/2026 15:50:03,16.5,0,24.3,1,
0,3.552,19564.17,48.1,7/21/2026 15:50:07,16.5,0,24.23,1.18,
0,3.536,19464.17,48.1,7/21/2026 15:50:12,16.5,0,24.23,1.09,
0,3.605,19329.17,48.2,7/21/2026 15:50:16,16.5,0,24.2,0.81,
0,3.581,19219.17,48.2,7/21/2026 15:50:20,16.5,0,24.23,1.05,
0,3.505,19270.83,48.2,7/21/2026 15:50:26,16.5,0,24.2,0.99,
0,3.422,19389.17,48.2,7/21/2026 15:50:31,16.5,0,24.3,1.49,
0,3.625,19445.83,48.2,7/21/2026 15:50:35,16.5,0,24.43,1.42,
0,3.554,19561.67,48.2,7/21/2026 15:50:39,16.5,0,24.24,0.98,
0,3.441,19589.17,48.2,7/21/2026 15:50:44,16.5,0,24.22,1.01,
0,3.441,19569.17,48.2,7/21/2026 15:50:44,16.5,0,24.22,1.01,
0,3.536,19535.83,48.3,7/21/2026 15:50:48,16.5,0,24.14,1.41,
0,3.492,19436.67,48.7,7/21/2026 15:50:53,16.5,0,24.04,0.9,
0,3.626,19391.67,48.7,7/21/2026 15:50:57,16.5,0,24.27,1.31,
0,3.57,19250,48.7,7/21/2026 15:51:03,16.5,0,24.26,1.17,
0,3.604,19145.83,48.7,7/21/2026 15:51:09,16.5,0,24.25,1.22,
0,3.63,19203.33,48.7,7/21/2026 15:51:13,16.5,0,24.1,1.43,
0,3.491,19214.17,48.7,7/21/2026 15:51:18,16.5,0,24.2,0.88,
0,3.658,19201.67,48.7,7/21/2026 15:51:23,16.5,0,24.2,1.04,
0,3.538,19129.17,48.7,7/21/2026 15:51:27,16.5,0,24.15,1.17,
0,3.441,19060.83,48.7,7/21/2026 15:51:31,16.5,0,24.16,1.37,
0,3.399,19072.5,48.7,7/21/2026 15:51:35,16.5,0,24.22,0.96,
0,3.308,19108.33,48.7,7/21/2026 15:51:39,16.5,0,24.23,1.12,
0,3.436,19098.33,48.7,7/21/2026 15:51:44,16.5,0,23.98,0.87,
0,3.572,19063.33,48.7,7/21/2026 15:51:49,16.5,0,24.28,0.98,
0,3.428,19037.5,48.8,7/21/2026 15:51:53,16.5,0,24.26,1.1,
0,3.554,18929.17,48.7,7/21/2026 15:51:57,16.5,0,24.14,1,
0,3.517,18924.17,48.7,7/21/2026 15:52:01,16.5,0,24.07,1.4,
0,3.46,18939.17,48.7,7/21/2026 15:52:05,16.5,0,24.09,0.88,
0,3.502,18949.17,48.7,7/21/2026 15:52:09,16.5,0,23.97,0.99,
0,3.421,18940,48.7,7/21/2026 15:52:14,16.5,0,24.12,1.24,
0,3.427,18961.67,48.7,7/21/2026 15:52:18,16.5,0,24.15,1.46,
0,3.164,18889.17,48.7,7/21/2026 15:52:22,16.5,0,24.18,0.8,
0,3.463,18861.67,48.7,7/21/2026 15:52:27,16.5,0,24.17,1.08,
0,3.283,18828.33,48.7,7/21/2026 15:52:27,16.5,0,24.17,1.08,
0,3.408,18753.33,48.7,7/21/2026 15:52:31,16.5,0,24.14,1.42,
0,3.446,18729.17,48.7,7/21/2026 15:52:35,16.5,0,24.07,1.05,
0,3.276,18731.67,48.7,7/21/2026 15:52:40,16.5,0,24.09,1.04,
0,3.285,18715.83,48.7,7/21/2026 15:52:44,16.5,0,24.14,1.24,
0,3.177,18688.33,48.7,7/21/2026 15:52:45,16.5,0,24.14,1.24,
0,3.429,18725,48.7,7/21/2026 15:52:48,16.5,0,24.16,1.33,
0,3.126,18704.17,48.7,7/21/2026 15:52:53,16.5,0,24.22,1.26,
0,3.446,18693.33,48.7,7/21/2026 15:52:56,16.5,0,24.14,0.93,
0,3.332,18641.67,48.7,7/21/2026 15:53:01,16.5,0,24.12,0.97,
0,3.216,18631.67,48.7,7/21/2026 15:53:05,16.5,0,24.2,0.98,
0,3.205,18635.83,48.7,7/21/2026 15:53:10,16.5,0,24.14,0.82,
0,3.19,18565,48.7,7/21/2026 15:53:15,16.5,0,24.12,1.17,
0,3.197,18524.17,48.8,7/21/2026 15:53:19,16.5,0,24.11,0.87,
0,3.354,18466.67,48.7,7/21/2026 15:53:23,16.5,0,24.17,1.38,
0,3.375,18421.67,48.7,7/21/2026 15:53:27,16.5,0,24.2,1.48,
0,3.29,18390.83,48.7,7/21/2026 15:53:32,16.5,0,24.31,1.1,
0,3.279,18387.5,48.7,7/21/2026 15:53:36,16.5,0,24.2,1.35,
0,3.431,18340,48.7,7/21/2026 15:53:40,16.5,0,24.11,1.09,
0,3.218,18331.67,48.7,7/21/2026 15:53:44,16.5,0,24.09,1.4,
0,3.174,18304.17,48.7,7/21/2026 15:53:44,16.5,0,24.09,1.4,
0,3.344,18265.83,48.7,7/21/2026 15:53:48,16.5,0,24.12,1.44,
0,3.22,18236.67,48.5,7/21/2026 15:53:53,16.5,0,24.4,1.33,
0,3.432,18256.67,48.3,7/21/2026 15:54:00,16.5,0,24.1,1.47,
0,3.276,18230,48.3,7/21/2026 15:54:00,16.5,0,24.1,1.47,
0,3.414,18235.83,48.3,7/21/2026 15:54:05,16.5,0,23.99,1.09,
0,3.46,18205,48.3,7/21/2026 15:54:09,16.5,0,24.21,1.09,
0,3.447,18186.67,48.2,7/21/2026 15:54:13,16.5,0,24.11,1.07,
0,3.396,18179.17,48.2,7/21/2026 15:54:17,16.5,0,24.23,0.88,
0,3.398,18195,48.2,7/21/2026 15:54:22,16.5,0,23.95,1.25,
0,3.282,18164.17,48.2,7/21/2026 15:54:26,16.5,0,24.19,1.33,
0,3.309,17997.5,48.2,7/21/2026 15:54:30,16.5,0,24.12,0.95,
0,3.503,18108.33,48.2,7/21/2026 15:54:30,16.5,0,24.12,0.95,
0,3.493,17920,48.2,7/21/2026 15:54:34,16.5,0,24.03,1.13,
0,3.33,17938.33,48.2,7/21/2026 15:54:38,16.5,0,24.09,0.82,
0,3.261,17931.67,48.2,7/21/2026 15:54:42,16.5,0,24.14,1.28,
0,3.47,17900.83,48.2,7/21/2026 15:54:46,16.5,0,24.11,1.11,
0,3.239,17789.17,48.2,7/21/2026 15:54:50,16.5,0,24.09,0.88,
0,3.279,16813.33,48.1,7/21/2026 15:54:54,16.5,0,23.81,1.12,
0,3.324,14462.5,47.7,7/21/2026 15:54:58,16.5,0,23.68,1.36,
0,3.473,12616.67,47.6,7/21/2026 15:55:03,16.5,0,23.36,1.13,
0,3.386,13553.33,47.6,7/21/2026 15:55:07,16.5,0,23.8,1.43,
0,3.239,15914.17,47.6,7/21/2026 15:55:12,16.5,0,24.12,1.27,
0,3.346,16225,47.6,7/21/2026 15:55:17,16.5,0,24.04,1.3,
0,3.188,16740.83,47.6,7/21/2026 15:55:21,16.5,0,23.94,1.24,
0,3.119,16527.5,47.6,7/21/2026 15:55:25,16.5,0,23.91,1.06,
0,3.32,15915,47.6,7/21/2026 15:55:25,16.5,0,23.91,1.06,
0,3.398,15405,47.6,7/21/2026 15:55:29,16.5,0,23.79,1.25,
0,3.355,11530.83,47.6,7/21/2026 15:55:33,16.5,0,23.13,0.86,
0,3.503,10375.83,47.6,7/21/2026 15:55:37,16.5,0,22.86,0.91,
0,3.287,9937.5,47.6,7/21/2026 15:55:42,16.5,0,22.74,1.06,
0,3.292,10321.67,47.6,7/21/2026 15:55:46,16.5,0,23.09,1.26,
0,3.202,11670.83,47.6,7/21/2026 15:55:51,16.5,0,23.37,1.24,
0,3.202,11670.83,47.6,7/21/2026 15:55:55,16.5,0,23.74,0.85,
0,3.365,12475.83,47.6,7/21/2026 15:55:59,16.5,0,24.07,1.32,
0,3.222,16480.83,47.4,7/21/2026 15:56:03,16.5,0,24.12,1.06,
0,3.226,17490,47.6,7/21/2026 15:56:08,16.5,0,24.3,1.41,
0,3.312,17566.67,47.6,7/21/2026 15:56:12,16.5,0,24.2,0.81,
0,3.307,17575,47.6,7/21/2026 15:56:16,16.5,0,24.22,1.19,
0,3.208,17546.67,47.6,7/21/2026 15:56:25,16.5,0,23.97,1.07,
0,3.304,17574.17,47.6,7/21/2026 15:56:25,16.5,0,23.97,1.07,
0,3.208,17546.67,47.6,7/21/2026 15:56:27,16.5,0,24.17,1.4,
0,3.436,17475.83,47.6,7/21/2026 15:56:32,16.5,0,24.26,1.41,
0,3.228,17390,47.6,7/21/2026 15:56:37,16.5,0,24.17,1.33,
0,3.378,17380.83,47.6,7/21/2026 15:56:41,16.5,0,24.2,1.34,
0,3.261,17390.83,47.6,7/21/2026 15:56:45,16.5,0,24.18,1.02,
0,3.14,17380.83,47.6,7/21/2026 15:56:50,16.5,0,24.16,1,
0,3.305,17373.33,47.9,7/21/2026 15:56:57,16.5,0,24.15,0.84,
0,3.337,17360,48.1,7/21/2026 15:57:02,16.5,0,24.2,1.03,
0,3.351,17366.67,48.2,7/21/2026 15:57:02,16.5,0,24.2,1.03,
0,3.183,17383.33,48.2,7/21/2026 15:57:06,16.5,0,24.1,1.29,
0,3.126,17422.5,48.2,7/21/2026 15:57:10,16.5,0,24.22,0.88,
0,3.247,17435,48.2,7/21/2026 15:57:15,16.5,0,24.12,1.05,
0,3.315,17430,48.2,7/21/2026 15:57:20,16.5,0,24.1,1.44,
0,3.367,17341.67,48.2,7/21/2026 15:57:24,16.5,0,23.93,1.25,
0,3.298,17295,48.2,7/21/2026 15:57:28,16.5,0,24.06,1.09,
0,3.159,17301.67,48.2,7/21/2026 15:57:34,16.5,0,24.11,1.23,
0,3.223,17283.33,48.2,7/21/2026 15:57:38,16.5,0,24.12,1.04,
0,3.461,17269.17,48.2,7/21/2026 15:57:43,16.5,0,24.15,0.96,
0,3.234,17306.67,48.2,7/21/2026 15:57:47,16.5,0,24.12,1.28,
0,3.263,17355.83,48.2,7/21/2026 15:57:51,16.5,0,24.09,1.03,
0,3.384,17399.17,48.2,7/21/2026 15:57:51,16.5,0,24.09,1.03,
0,3.347,17397.5,48.2,7/21/2026 15:57:55,16.5,0,24.1,0.86,
0,3.131,17382.5,48.2,7/21/2026 15:58:00,16.5,0,24.11,1.41,
0,3.284,17355,48.2,7/21/2026 15:58:04,16.5,0,24.12,1.2,
0,3.334,17320,48.2,7/21/2026 15:58:08,16.5,0,24.11,1.32,
0,3.272,17230.83,48.1,7/21/2026 15:58:12,16.5,0,24.12,1.48,
0,3.276,17092.5,47.7,7/21/2026 15:58:16,16.5,0,24.2,0.93,
0,3.156,16985.83,47.6,7/21/2026 15:58:21,16.5,0,24.1,0.89,
0,3.325,16945,47.6,7/21/2026 15:58:25,16.5,0,24.04,1.01,
0,3.418,17023.33,47.6,7/21/2026 15:58:31,16.5,0,24.11,1.28,
0,3.426,16991.67,47.6,7/21/2026 15:58:36,16.5,0,24.07,1.09,
0,3.293,16925.83,47.6,7/21/2026 15:58:40,16.5,0,24.09,1,
0,3.172,16925.83,47.6,7/21/2026 15:58:45,16.5,0,24.07,1.23,
0,3.477,16855,47.6,7/21/2026 15:58:49,16.5,0,24.07,1.07,
0,3.303,16809.17,47.6,7/21/2026 15:58:53,16.5,0,24.07,1.01,
0,3.37,16791.67,47.6,7/21/2026 15:58:58,16.5,0,24.05,1.16,
0,3.307,16776.67,47.6,7/21/2026 15:59:03,16.5,0,24.14,0.96,
0,3.529,16804.17,47.6,7/21/2026 15:59:07,16.5,0,24.11,1.1,
0,3.549,16848.33,47.6,7/21/2026 15:59:12,16.5,0,23.96,1.15,
0,3.436,16836.67,47.6,7/21/2026 15:59:16,16.5,0,24.05,1.14,
0,3.26,16809.17,47.6,7/21/2026 15:59:20,16.5,0,24.01,1.46,
0,3.231,16841.67,47.6,7/21/2026 15:59:25,16.5,0,24.16,0.85,
0,3.252,16830.83,47.6,7/21/2026 15:59:29,16.5,0,23.88,0.97,
0,3.376,16821.67,47.6,7/21/2026 15:59:33,16.5,0,24.15,1.44,
0,3.349,16799.17,47.5,7/21/2026 15:59:37,16.5,0,24.11,0.97,
0,3.411,16790,47.2,7/21/2026 15:59:41,16.5,0,24.1,1.35,
0,3.258,16802.5,47.1,7/21/2026 15:59:45,16.5,0,24.07,1.05,
0,3.297,16793.33,47.1,7/21/2026 15:59:50,16.5,0,24.12,0.81,
0,3.297,16793.33,47.1,7/21/2026 15:59:50,16.5,0,24.12,0.81,
0,3.25,16744.17,47.1,7/21/2026 15:59:54,16.5,0,24.03,0.88,
0,3.383,16767.5,47.1,7/21/2026 15:59:59,16.5,0,24.06,1.29,
0,3.286,16765,47.1,7/21/2026 16:00:03,16.5,0,24.11,0.98,
0,3.274,16735.83,47.1,7/21/2026 16:00:07,16.5,0,24.1,1.32,
0,3.403,16751.67,47.1,7/21/2026 16:00:12,16.5,0,24.1,0.97,
0,3.186,16716.67,47.1,7/21/2026 16:00:17,16.5,0,24.12,1.49,
0,3.193,16704.17,47.1,7/21/2026 16:00:22,16.5,0,24.12,1.45,
0,3.131,16678.33,47.1,7/21/2026 16:00:22,16.5,0,24.12,1.45,
0,3.286,16652.5,47.1,7/21/2026 16:00:26,16.5,0,24.02,0.83,
0,3.335,16633.33,47.1,7/21/2026 16:00:30,16.5,0,24.2,1.08,
0,3.281,16630,47.1,7/21/2026 16:00:34,16.5,0,24.15,1.43,
0,3.261,16609.17,47.1,7/21/2026 16:00:39,16.5,0,23.87,0.87,
0,3.313,16585,47.1,7/21/2026 16:00:43,16.5,0,24.2,0.91,
0,3.344,16559.17,47.1,7/21/2026 16:00:48,16.5,0,24.09,1.35,
0,3.3,16572.5,47.2,7/21/2026 16:00:47,16.5,0,24.09,1.35,
0,3.311,16557.5,47.1,7/21/2026 16:00:54,16.5,0,24.11,0.83,
0,3.238,16543.33,47.1,7/21/2026 16:00:58,16.5,0,24.09,0.99,
0,3.295,16339.17,47.1,7/21/2026 16:01:09,16.5,0,23.66,0.93,
0,3.261,16423.33,47.1,7/21/2026 16:01:09,16.5,0,23.66,0.93,
0,3.295,16339.17,47.1,7/21/2026 16:01:10,16.5,0,24.04,1.14,
0,3.109,16337.5,47.1,7/21/2026 16:01:15,16.5,0,24.01,0.89,
0,3.27,16362.5,47.2,7/21/2026 16:01:19,16.5,0,24.09,1.25,
0,3.264,16385,47.4,7/21/2026 16:01:24,16.5,0,24.12,1.39,
0,3.245,16366.67,47.4,7/21/2026 16:01:28,16.5,0,24.1,1.4,
0,3.381,16360.83,47.3,7/21/2026 16:01:32,16.5,0,24.17,1.37,
0,3.166,16340,47.2,7/21/2026 16:01:37,16.5,0,24.15,0.82,
0,3.385,16400,47.2,7/21/2026 16:01:41,16.5,0,24.18,1.23,
0,3.431,16464.17,47.2,7/21/2026 16:01:47,16.5,0,24.14,1.14,
0,3.409,16114.17,47.2,7/21/2026 16:01:51,16.5,0,24.03,1.18,
0,3.21,16055,47.1,7/21/2026 16:01:55,16.5,0,24.07,0.92,
0,3.195,16142.5,47.2,7/21/2026 16:02:03,16.5,0,24.01,1.2,
0,3.322,16166.67,47.2,7/21/2026 16:02:03,16.5,0,24.01,1.2,
0,3.322,16166.67,47.2,7/21/2026 16:02:06,16.5,0,24.09,1.29,
0,3.303,15978.33,47.2,7/21/2026 16:02:14,16.5,0,23.81,0.81,
0,3.271,16106.67,47.2,7/21/2026 16:02:18,16.5,0,24.11,1.08,
0,3.452,16299.17,47.1,7/21/2026 16:02:22,16.5,0,24.15,1.08,
0,3.174,16307.5,47.1,7/21/2026 16:02:26,16.5,0,24.12,0.91,
0,3.405,16273.33,47.1,7/21/2026 16:02:34,16.5,0,24.14,0.8,
0,3.193,16030.83,47.1,7/21/2026 16:02:38,16.5,0,24.01,0.84,
0,3.43,15835.83,46.2,7/21/2026 16:02:43,16.5,0,24.19,1.49,
0,3.393,15834.17,46.2,7/21/2026 16:02:47,16.5,0,24.12,0.96,
0,3.298,15832.5,46.2,7/21/2026 16:02:47,16.5,0,24.12,0.96,
0,3.337,15779.17,45.7,7/21/2026 16:02:51,16.5,0,23.72,1.34,
0,3.319,15763.33,45.8,7/21/2026 16:02:56,16.5,0,24.19,0.83,
0,3.42,15956.67,45.7,7/21/2026 16:03:00,16.5,0,24.15,1.03,
0,3.15,16066.67,45.7,7/21/2026 16:03:04,16.5,0,24.14,1.05,
0,3.232,16215,45.7,7/21/2026 16:03:09,16.5,0,24.17,1.17,
0,3.237,16242.5,45.7,7/21/2026 16:03:13,16.5,0,24.31,1.35,
0,3.383,16141.67,45.7,7/21/2026 16:03:17,16.5,0,24.2,0.98,
0,3.335,16110.83,45.7,7/21/2026 16:03:22,16.5,0,24.17,0.88,
0,3.296,16097.5,45.7,7/21/2026 16:03:27,16.5,0,24.24,1.15,
0,3.296,16097.5,45.7,7/21/2026 16:03:27,16.5,0,24.24,1.15,
0,3.271,16087.5,45.7,7/21/2026 16:03:31,16.5,0,24.01,1.06,
0,3.242,16083.33,45.7,7/21/2026 16:03:36,16.5,0,24.04,1.32,
0,3.18,16075.83,45.4,7/21/2026 16:03:40,16.5,0,24.2,1.43,
0,3.224,16102.5,45.3,7/21/2026 16:03:45,16.5,0,24.2,1.28,
0,3.101,16100.83,45.3,7/21/2026 16:03:49,16.5,0,24.22,1.44,
0,3.243,16116.67,45.3,7/21/2026 16:03:54,16.5,0,24.2,0.84,
0,3.268,16110,45.3,7/21/2026 16:03:58,16.5,0,24.2,1.14,
0,3.268,16110,45.3,7/21/2026 16:03:58,16.5,0,24.2,1.14,
0,3.199,16100.83,45.2,7/21/2026 16:04:03,16.5,0,24.23,1.36,
0,3.244,16100,44.9,7/21/2026 16:04:07,16.5,0,24.28,1.1,
0,3.093,16035,44.8,7/21/2026 16:04:13,16.5,0,24.27,1.35,
0,3.045,16030,44.8,7/21/2026 16:04:21,16.5,0,24.2,0.93,
0,3.003,16040.83,44.8,7/21/2026 16:04:25,16.5,0,24.22,1.2,
0,2.911,16043.33,44.8,7/21/2026 16:04:29,16.5,0,24.21,1.14,
0,2.971,16012.5,44.8,7/21/2026 16:04:33,16.5,0,24.2,0.97,
0,2.981,15941.67,44.8,7/21/2026 16:04:37,16.5,0,24.1,1.32,
0,2.922,15939.17,44.8,7/21/2026 16:04:42,16.5,0,24.2,0.96,
0,2.957,15870.83,44.8,7/21/2026 16:04:46,16.5,0,24.22,1.2,
0,2.976,15857.5,44.8,7/21/2026 16:04:52,16.5,0,24.2,1.15,
0,2.954,15847.5,44.9,7/21/2026 16:04:57,16.5,0,24.24,1.07,
0,2.953,15843.33,45.3,7/21/2026 16:05:01,16.5,0,24.14,1.23,
0,3.111,15849.17,45.3,7/21/2026 16:05:05,16.5,0,24.18,0.96,
0,3.226,15765,45.3,7/21/2026 16:05:09,16.5,0,24.18,0.93,
0,3.022,15798.33,45.3,7/21/2026 16:05:13,16.5,0,24.12,1.47,
0,3.122,15760,45.3,7/21/2026 16:05:13,16.5,0,24.12,1.47,
0,3.007,15740.83,45.3,7/21/2026 16:05:17,16.5,0,24.18,1.05,
0,2.968,15693.33,45.3,7/21/2026 16:05:22,16.5,0,24.28,1.46,
0,2.994,15632.5,45.3,7/21/2026 16:05:27,16.5,0,24.21,1.05,
0,3.045,15593.33,45.3,7/21/2026 16:05:32,16.5,0,24.25,1.42,
0,3.045,15593.33,45.3,7/21/2026 16:05:32,16.5,0,24.25,1.42,
0,3.104,15600.83,45.3,7/21/2026 16:05:37,16.5,0,24.28,0.98,
0,2.92,15592.5,45.3,7/21/2026 16:05:42,16.5,0,24.2,0.92,
0,2.988,15626.67,45.3,7/21/2026 16:05:46,16.5,0,24.3,1.35,
0,3.042,15594.17,45.3,7/21/2026 16:05:52,16.5,0,24.23,1.44,
0,3.224,15613.33,45.3,7/21/2026 16:05:52,16.5,0,24.23,1.44,
0,2.961,15574.17,45.3,7/21/2026 16:05:57,16.5,0,24.29,1.22,
0,3.085,15568.33,45.3,7/21/2026 16:06:01,16.5,0,24.3,0.92,
0,3.027,15591.67,45.3,7/21/2026 16:06:09,16.5,0,24.25,0.98,
0,3.071,15588.33,45.3,7/21/2026 16:06:13,16.5,0,24.2,1.19,
0,2.922,15590.83,45.3,7/21/2026 16:06:13,16.5,0,24.2,1.19,
0,2.919,15626.67,45.3,7/21/2026 16:06:17,16.5,0,24.2,1.49,
0,2.953,15610,45.3,7/21/2026 16:06:21,16.5,0,24.17,0.93,
0,2.981,15570.83,45.3,7/21/2026 16:06:26,16.5,0,24.21,1.23,
0,2.993,15573.33,45.3,7/21/2026 16:06:30,16.5,0,24.06,1.01,
0,3.005,15585,45.3,7/21/2026 16:06:34,16.5,0,24.3,1.03,
0,3.047,15575,45.3,7/21/2026 16:06:38,16.5,0,24.23,1.12,
0,3.139,15552.5,45.3,7/21/2026 16:06:42,16.5,0,24.21,1.1,
0,3.139,15552.5,45.3,7/21/2026 16:06:42,16.5,0,24.21,1.1,
0,3.164,15520.83,45.3,7/21/2026 16:06:47,16.5,0,24.21,1.44,
0,3.083,15541.67,45.3,7/21/2026 16:06:47,16.5,0,24.21,1.44,
0,2.928,15536.67,45.3,7/21/2026 16:06:51,16.5,0,24.2,1.42,
0,2.95,15563.33,45.3,7/21/2026 16:07:01,16.5,0,24.2,1.1,
0,2.95,15563.33,45.3,7/21/2026 16:07:03,16.5,0,24.2,1.32,
0,2.955,15566.67,45.3,7/21/2026 16:07:08,16.5,0,24.2,1.18,
0,2.975,15534.17,45.3,7/21/2026 16:07:12,16.5,0,24.18,1.12,
0,3.111,15490,45.3,7/21/2026 16:07:24,16.5,0,24.07,0.81,
0,3.111,15490,45.3,7/21/2026 16:07:24,16.5,0,24.29,1.28,
0,3.111,15485.83,45.3,7/21/2026 16:07:28,16.5,0,24.4,1.42,
0,3.111,15485.83,45.3,7/21/2026 16:07:32,16.5,0,24.18,0.92,
0,2.953,15447.5,45.6,7/21/2026 16:07:36,16.5,0,24.2,1.4,
0,3.042,15464.17,45.7,7/21/2026 16:07:41,16.5,0,24.17,1.03,
0,2.876,15465,45.7,7/21/2026 16:07:45,16.5,0,24.25,1.34,
0,2.996,15472.5,45.7,7/21/2026 16:07:49,16.5,0,24.23,1.19,
0,3.06,15468.33,45.7,7/21/2026 16:07:49,16.5,0,24.23,1.19,
0,2.851,15446.67,45.7,7/21/2026 16:07:53,16.5,0,24.17,1.34,
0,3.038,15421.67,45.7,7/21/2026 16:07:58,16.5,0,24.09,0.8,
0,2.949,15447.5,45.7,7/21/2026 16:08:02,16.5,0,24.24,0.89,
0,3.017,15478.33,46.2,7/21/2026 16:08:07,16.5,0,24.16,1.24,
0,3.017,15478.33,46.2,7/21/2026 16:08:07,16.5,0,24.16,1.24,
0,3.078,15424.17,46.2,7/21/2026 16:08:11,16.5,0,24.03,1.2,
0,3.078,15424.17,46.2,7/21/2026 16:08:15,16.5,0,24.1,1.18,
0,3.022,15413.33,46.2,7/21/2026 16:08:20,16.5,0,24.2,1.43,
0,3.182,15493.33,46.2,7/21/2026 16:08:24,16.5,0,24.17,1.37,
0,3.034,15473.33,46.2,7/21/2026 16:08:28,16.5,0,24.14,0.89,
0,2.978,15412.5,46.2,7/21/2026 16:08:33,16.5,0,24.09,1.02,
0,3.131,15344.17,46.2,7/21/2026 16:08:37,16.5,0,24.17,0.86,
0,3.061,15260.83,46.2,7/21/2026 16:08:45,16.5,0,24.18,1.08,
0,3.061,15260.83,46.2,7/21/2026 16:08:49,16.5,0,24.06,0.87,
0,3.122,15299.17,46.2,7/21/2026 16:08:50,16.5,0,24.06,0.87,
0,3.094,15275.83,46.2,7/21/2026 16:08:54,16.5,0,23.98,0.82,
0,3.03,15283.33,46.2,7/21/2026 16:08:57,16.5,0,23.99,0.8,
0,3.123,15244.17,46.2,7/21/2026 16:09:02,16.5,0,24.15,1.14,
0,3.068,15123.33,46.2,7/21/2026 16:09:07,16.5,0,24.26,0.83,
0,3.117,15199.17,46.2,7/21/2026 16:09:07,16.5,0,24.26,0.83,
0,3.162,15106.67,46.2,7/21/2026 16:09:11,16.5,0,24.14,1.41,
0,3.162,15106.67,46.2,7/21/2026 16:09:16,16.5,0,24.07,1.11,
0,3.069,15016.67,46.2,7/21/2026 16:09:20,16.5,0,24.1,1.4,
0,2.917,15000.83,46.2,7/21/2026 16:09:25,16.5,0,24.1,1.1,
0,2.965,14956.67,45.8,7/21/2026 16:09:30,16.5,0,24.14,0.88,
0,3.122,14933.33,45.7,7/21/2026 16:09:34,16.5,0,24.14,1.18,
0,2.998,14888.33,45.7,7/21/2026 16:09:39,16.5,0,24.15,1.37,
0,3.069,14832.5,45.7,7/21/2026 16:09:44,16.5,0,24.2,1.01,
0,2.918,14667.5,45.7,7/21/2026 16:09:49,16.5,0,24.1,1.32,
0,2.89,14613.33,45.7,7/21/2026 16:09:53,16.5,0,24.04,0.84,
0,3.165,14419.17,45.7,7/21/2026 16:10:01,16.5,0,24.12,1.3,
0,3.022,14419.17,45.6,7/21/2026 16:10:06,16.5,0,23.91,1.36,
0,3.029,14519.17,45.6,7/21/2026 16:10:13,16.5,0,24.16,1.02,
0,2.818,14371.67,45.3,7/21/2026 16:10:21,16.5,0,24.07,1.23,
0,3.057,14455,45.3,7/21/2026 16:10:25,16.5,0,24.07,1.18,
0,3.049,14524.17,45.3,7/21/2026 16:10:29,16.5,0,24.09,0.81,
0,3.001,14575,45.3,7/21/2026 16:10:29,16.5,0,24.09,0.81,
0,3.023,14560,45.3,7/21/2026 16:10:33,16.5,0,24.17,1.1,
0,3.11,14497.5,45.3,7/21/2026 16:10:41,16.5,0,24.06,1.12,
0,3.034,14461.67,45.4,7/21/2026 16:10:45,16.5,0,24.09,1.45,
0,3.104,14389.17,45.6,7/21/2026 16:10:50,16.5,0,24.1,1.1,
0,3.116,14387.5,45.7,7/21/2026 16:10:54,16.5,0,24.2,1.45,
0,3.089,14424.17,45.7,7/21/2026 16:10:59,16.5,0,24.07,1.27,
0,3.246,14411.67,45.7,7/21/2026 16:11:04,16.5,0,24.11,1.03,
0,3.246,14411.67,45.7,7/21/2026 16:11:08,16.5,0,24.09,0.94,
0,3.071,14439.17,45.7,7/21/2026 16:11:13,16.5,0,23.9,1.49,
0,3.048,14392.5,45.7,7/21/2026 16:11:17,16.5,0,24.11,1.32,
0,3.051,14405,45.7,7/21/2026 16:11:21,16.5,0,23.87,0.84,
0,3.078,14434.17,45.7,7/21/2026 16:11:21,16.5,0,23.87,0.84,
0,3.117,14440.83,45.7,7/21/2026 16:11:25,16.5,0,24.09,1.11,
0,3.1,14462.5,45.7,7/21/2026 16:11:30,16.5,0,24.14,0.97,
0,2.975,14451.67,45.7,7/21/2026 16:11:35,16.5,0,24.09,1.48,
0,3.056,14451.67,45.7,7/21/2026 16:11:40,16.5,0,24.1,1.09,
0,2.958,14435.83,45.8,7/21/2026 16:11:40,16.5,0,24.1,1.09,
0,3.128,14378.33,45.7,7/21/2026 16:11:46,16.5,0,24.15,1.29,
0,2.918,14357.5,45.7,7/21/2026 16:11:50,16.5,0,24.01,0.98,
0,2.826,14370,45.7,7/21/2026 16:11:55,16.5,0,24.12,1.32,
0,2.982,14335,45.7,7/21/2026 16:12:00,16.5,0,24.14,0.92,
0,3.074,14315.83,45.7,7/21/2026 16:12:04,16.5,0,23.96,1.46,
0,3.055,14297.5,45.7,7/21/2026 16:12:08,16.5,0,24.1,1.19,
0,2.917,14296.67,45.7,7/21/2026 16:12:12,16.5,0,24.22,1.05,
0,2.865,14259.17,45.5,7/21/2026 16:12:17,16.5,0,24.09,1.26,
0,3.045,14230.83,45.3,7/21/2026 16:12:22,16.5,0,24.14,0.85,
0,2.994,14232.5,45.3,7/21/2026 16:12:26,16.5,0,23.92,0.83,
0,3.291,14229.17,45.3,7/21/2026 16:12:27,16.5,0,23.92,0.83,
0,3.026,14217.5,45.3,7/21/2026 16:12:31,16.5,0,24.2,1.07,
0,3.023,14177.5,45.3,7/21/2026 16:12:35,16.5,0,24.18,0.87,
0,2.907,14180,45.3,7/21/2026 16:12:39,16.5,0,24.13,1.45,
0,2.961,14169.17,45.3,7/21/2026 16:12:43,16.5,0,24.14,1.06,
0,2.91,14156.67,45.3,7/21/2026 16:12:48,16.5,0,24.1,1.42,
0,2.96,14157.5,45.3,7/21/2026 16:12:52,16.5,0,24.07,0.84,
0,2.907,14151.67,45.3,7/21/2026 16:12:57,16.5,0,24.11,1.14,
0,2.838,14155,45.3,7/21/2026 16:13:02,16.5,0,24.1,1.33,
0,2.838,14155,45.3,7/21/2026 16:13:02,16.5,0,24.1,1.33,
0,2.919,14116.67,45.3,7/21/2026 16:13:07,16.5,0,24.04,1.37,
0,2.943,14118.33,45.6,7/21/2026 16:13:11,16.5,0,24.14,1.23,
0,3.176,14079.17,45.7,7/21/2026 16:13:11,16.5,0,24.14,1.23,
0,2.938,14045.83,45.7,7/21/2026 16:13:15,16.5,0,24.14,1.22,
0,3.034,14002.5,45.7,7/21/2026 16:13:19,16.5,0,24.09,1.25,
0,2.924,14000.83,45.7,7/21/2026 16:13:24,16.5,0,24.1,0.99,
0,3.028,13930,45.7,7/21/2026 16:13:28,16.5,0,24.12,0.89,
0,3.008,13915.83,45.7,7/21/2026 16:13:33,16.5,0,24.15,1.01,
0,3.075,13920.83,45.7,7/21/2026 16:13:37,16.5,0,24.11,1.47,
0,2.999,13918.33,45.7,7/21/2026 16:13:41,16.5,0,24.07,0.9,
0,2.995,13900,45.7,7/21/2026 16:13:45,16.5,0,24.07,0.81,
0,3.099,13905.83,45.7,7/21/2026 16:13:50,16.5,0,24.12,1.4,
0,3.048,13886.67,45.7,7/21/2026 16:13:54,16.5,0,24.1,1.35,
0,2.825,13900,45.7,7/21/2026 16:13:58,16.5,0,24.17,1.19,
0,2.989,13901.67,45.7,7/21/2026 16:14:02,16.5,0,24.03,0.88,
0,3.119,13900.83,45.7,7/21/2026 16:14:06,16.5,0,24.06,0.93,
0,2.976,13845,45.7,7/21/2026 16:14:10,16.5,0,23.99,1.08,
0,2.977,13806.67,45.7,7/21/2026 16:14:15,16.5,0,24.14,0.83,
0,3.076,13818.33,45.7,7/21/2026 16:14:21,16.5,0,24.21,1.17,
0,2.987,13830,45.7,7/21/2026 16:14:26,16.5,0,23.94,1.07,
0,3.012,13819.17,45.8,7/21/2026 16:14:30,16.5,0,24.07,0.93,
0,2.794,13800,45.7,7/21/2026 16:14:35,16.5,0,24.03,0.92,
0,3.025,13800.83,45.7,7/21/2026 16:14:35,16.5,0,24.03,0.92,
0,3.025,13800.83,45.7,7/21/2026 16:14:40,16.5,0,23.91,0.91,
0,2.998,13798.33,45.7,7/21/2026 16:14:44,16.5,0,24.1,1.14,
0,2.903,13746.67,45.7,7/21/2026 16:14:48,16.5,0,24.23,1.35,
0,2.873,13706.67,45.7,7/21/2026 16:14:54,16.5,0,24.15,1.18,
0,2.925,13683.33,45.7,7/21/2026 16:14:58,16.5,0,24.06,1.04,
0,2.989,13649.17,45.7,7/21/2026 16:15:02,16.5,0,24.06,1.05,
0,2.966,13580.83,45.7,7/21/2026 16:15:08,16.5,0,24.02,1.35,
0,3.072,13505,45.6,7/21/2026 16:15:12,16.5,0,24.04,1.28,
0,3.028,13540,45.6,7/21/2026 16:15:12,16.5,0,24.04,1.28,
0,2.966,13456.67,45.4,7/21/2026 16:15:18,16.5,0,24.01,1.33,
0,3.043,13458.33,45.4,7/21/2026 16:15:22,16.5,0,24,1.17,
0,3.094,13495,45.3,7/21/2026 16:15:22,16.5,0,24,1.17,
0,2.893,13500,45.3,7/21/2026 16:15:27,16.5,0,24.02,1,
0,3.071,13505,45.3,7/21/2026 16:15:31,16.5,0,24.01,1.38,
0,3.081,13487.5,45.3,7/21/2026 16:15:31,16.5,0,24.01,1.38,
0,2.982,13485.83,45.3,7/21/2026 16:15:35,16.5,0,24.07,1.24,
0,3.062,13469.17,45.3,7/21/2026 16:15:40,16.5,0,24.15,1.39,
0,3.138,13418.33,45.3,7/21/2026 16:15:43,16.5,0,24.09,1.27,
0,3.177,13399.17,45.3,7/21/2026 16:15:48,16.5,0,23.95,0.89,
0,3.109,13439.17,45.3,7/21/2026 16:15:53,16.5,0,24.02,1.23,
0,3.09,13449.17,45.3,7/21/2026 16:15:57,16.5,0,23.89,1.16,
0,3.104,13485.83,45.3,7/21/2026 16:16:01,16.5,0,23.91,1.05,
0,3.068,13520.83,45.3,7/21/2026 16:16:05,16.5,0,24.05,0.88,
0,3.064,13532.5,45.4,7/21/2026 16:16:10,16.5,0,24.03,1.37,
0,3.062,13536.67,45.4,7/21/2026 16:16:14,16.5,0,23.93,1.49,
0,2.961,13511.67,45.4,7/21/2026 16:16:18,16.5,0,24.15,0.89,
0,3.023,13523.33,45.5,7/21/2026 16:16:22,16.5,0,24.07,1.11,
0,3.022,13557.5,45.6,7/21/2026 16:16:26,16.5,0,24.2,1.39,
0,3.224,13570.83,45.7,7/21/2026 16:16:26,16.5,0,24.2,1.39,
0,3.055,13546.67,45.7,7/21/2026 16:16:30,16.5,0,24.07,1.03,
0,3.088,13575,45.7,7/21/2026 16:16:35,16.5,0,24.09,1.09,
0,2.911,13610.83,45.7,7/21/2026 16:16:43,16.5,0,23.81,1.11,
0,2.974,13664.17,45.7,7/21/2026 16:16:50,16.5,0,24.14,0.84,
0,3.163,13839.17,45.7,7/21/2026 16:16:57,16.5,0,24.14,1.22,
0,2.915,13855,45.7,7/21/2026 16:17:02,16.5,0,24.15,1.39,
0,3.076,13870.83,45.7,7/21/2026 16:17:06,16.5,0,24.11,0.91,
0,3.055,13875.83,45.7,7/21/2026 16:17:11,16.5,0,24.24,1.17,
0,2.901,13863.33,45.7,7/21/2026 16:17:15,16.5,0,24.13,0.96,
0,2.906,13884.17,45.7,7/21/2026 16:17:20,16.5,0,24.2,1.11,
0,2.939,13923.33,45.7,7/21/2026 16:17:24,16.5,0,23.92,1.24,
0,3.054,13893.33,45.7,7/21/2026 16:17:29,16.5,0,24.14,1.08,
0,2.906,13902.5,45.7,7/21/2026 16:17:32,16.5,0,24.11,1.28,
0,2.902,13894.17,45.7,7/21/2026 16:17:36,16.5,0,24.2,1.43,
0,3.058,13887.5,45.8,7/21/2026 16:17:41,16.5,0,24.12,1.08,
0,3.039,13941.67,45.7,7/21/2026 16:17:47,16.5,0,23.94,1.39,
0,3.001,13959.17,45.7,7/21/2026 16:17:51,16.5,0,24.1,1.16,
0,2.985,13923.33,45.7,7/21/2026 16:17:55,16.5,0,24.2,0.93,
0,3.003,13929.17,45.8,7/21/2026 16:18:00,16.5,0,24.1,1.21,
0,2.862,13935.83,46.2,7/21/2026 16:18:04,16.5,0,24.23,0.91,
0,3.039,13953.33,46.2,7/21/2026 16:18:08,16.5,0,24.11,0.91,
0,3.132,13936.67,46.2,7/21/2026 16:18:13,16.5,0,24.18,0.94,
0,3.244,13885.83,46.2,7/21/2026 16:18:17,16.5,0,24.11,0.93,
0,3.123,13900,46.2,7/21/2026 16:18:21,16.5,0,24.09,0.83,
0,3.178,13847.5,46.2,7/21/2026 16:18:26,16.5,0,24.11,1.17,
0,3.003,13760.83,46.2,7/21/2026 16:18:30,16.5,0,23.99,0.92,
0,3.005,13743.33,46.2,7/21/2026 16:18:34,16.5,0,24.1,1.25,
0,3.004,13723.33,46.2,7/21/2026 16:18:40,16.5,0,24.07,1.45,
0,2.888,13687.5,46.2,7/21/2026 16:18:45,16.5,0,23.75,1.02,
0,3.005,13689.17,46.2,7/21/2026 16:18:49,16.5,0,24.14,1.1,
0,3.011,13705,46.2,7/21/2026 16:18:54,16.5,0,24.01,1.1,
0,3.113,13654.17,46.2,7/21/2026 16:18:59,16.5,0,24.01,1.35,
0,3.082,13604.17,46.2,7/21/2026 16:19:03,16.5,0,24.01,0.99,
0,3.067,13543.33,46.2,7/21/2026 16:19:07,16.5,0,24.07,0.9,
0,3.067,13543.33,46.2,7/21/2026 16:19:08,16.5,0,24.07,0.9,
0,3.02,13534.17,46.2,7/21/2026 16:19:12,16.5,0,24.22,1.35,
0,3.129,13484.17,46.2,7/21/2026 16:19:16,16.5,0,24.06,1.4,
0,2.977,13440,46.2,7/21/2026 16:19:21,16.5,0,24.03,1.42,
0,3.236,13440,46.2,7/21/2026 16:19:26,16.5,0,23.94,1.48,
0,3.123,13414.17,46.2,7/21/2026 16:19:30,16.5,0,24.1,1.3,
0,3.17,13368.33,46.3,7/21/2026 16:19:34,16.5,0,24.11,0.84,
0,3.011,13336.67,47,7/21/2026 16:19:39,16.5,0,23.88,1.39,
0,3.05,13335,47,7/21/2026 16:19:39,16.5,0,23.88,1.39,
0,2.989,13309.17,47,7/21/2026 16:19:43,16.5,0,23.96,0.9,
0,3.095,13250.83,46.3,7/21/2026 16:19:48,16.5,0,23.85,1.27,
0,3.03,13270,46.2,7/21/2026 16:19:52,16.5,0,24.11,1.21,
0,3.089,13277.5,46.2,7/21/2026 16:19:52,16.5,0,24.11,1.21,
0,3.116,13292.5,46.2,7/21/2026 16:19:56,16.5,0,24.13,1.44,
0,3.098,13274.17,46.2,7/21/2026 16:20:01,16.5,0,24.05,0.95,
0,3.15,13250,46.2,7/21/2026 16:20:01,16.5,0,24.05,0.95,
0,3.011,13313.33,46.2,7/21/2026 16:20:12,16.5,0,24.17,0.89,
0,2.965,13307.5,46.2,7/21/2026 16:20:17,16.5,0,24.17,1.17,
0,3.036,13267.5,46.2,7/21/2026 16:20:21,16.5,0,24.04,1.33,
0,3.036,13267.5,46.2,7/21/2026 16:20:21,16.5,0,24.04,1.33,
0,3.031,13145.83,46.2,7/21/2026 16:20:25,16.5,0,24.06,1.11,
0,3.067,13015.83,46.2,7/21/2026 16:20:30,16.5,0,23.61,1.07,
0,3.067,13015.83,46.2,7/21/2026 16:20:34,16.5,0,24,0.97,
0,3.173,13026.67,46.2,7/21/2026 16:20:38,16.5,0,24.12,1.45,
0,3.049,13090.83,46.1,7/21/2026 16:20:42,16.5,0,23.98,1.43,
0,3.054,13200.83,45.7,7/21/2026 16:20:47,16.5,0,24.15,1.34,
0,3.099,13253.33,45.7,7/21/2026 16:20:52,16.5,0,23.91,0.97,
0,3.099,13253.33,45.7,7/21/2026 16:20:56,16.5,0,24.01,1.26,
0,3.051,13280,45.7,7/21/2026 16:21:00,16.5,0,24.07,1.39,
0,3.152,13320,45.7,7/21/2026 16:21:04,16.5,0,24.08,1.41,
0,3.141,13382.5,45.7,7/21/2026 16:21:08,16.5,0,24.01,0.89,
0,3.016,13417.5,45.7,7/21/2026 16:21:12,16.5,0,24.11,1,
0,3.059,13446.67,45.7,7/21/2026 16:21:16,16.5,0,24.07,0.83,
0,3.047,13435,45.7,7/21/2026 16:21:20,16.5,0,23.95,1.36,
0,3.06,13455.83,45.7,7/21/2026 16:21:20,16.5,0,23.95,1.36,
0,2.961,13470.83,45.7,7/21/2026 16:21:26,16.5,0,23.99,1.34,
0,3.161,13477.5,45.7,7/21/2026 16:21:30,16.5,0,24.18,1,
0,3.033,13499.17,45.7,7/21/2026 16:21:34,16.5,0,24.1,0.93,
0,3.001,13520,45.7,7/21/2026 16:21:38,16.5,0,24.2,1.25,
0,2.971,13523.33,45.8,7/21/2026 16:21:43,16.5,0,24.09,1.06,
0,2.919,13545,45.7,7/21/2026 16:21:48,16.5,0,24.06,1.48,
0,3.104,13548.33,45.7,7/21/2026 16:21:52,16.5,0,24.09,0.83,
0,3.092,13487.5,45.8,7/21/2026 16:21:56,16.5,0,24.11,1.3,
0,2.94,13450,46.2,7/21/2026 16:22:00,16.5,0,24.12,0.9,
0,3.002,13441.67,46.2,7/21/2026 16:22:05,16.5,0,23.92,1.3,
0,3.032,13445.83,46.2,7/21/2026 16:22:09,16.5,0,24.07,1.28,
0,3.079,13415,46.2,7/21/2026 16:22:20,16.5,0,24.22,0.91,
0,3.079,13415,46.2,7/21/2026 16:22:21,16.5,0,24.12,1.15,
0,3.079,13415,46.2,7/21/2026 16:22:25,16.5,0,24.28,1.05,
0,3.045,13441.67,46.2,7/21/2026 16:22:29,16.5,0,24.09,1.07,
0,3.099,13429.17,46.2,7/21/2026 16:22:33,16.5,0,24.04,0.9,
0,2.841,13443.33,46.2,7/21/2026 16:22:37,16.5,0,24,1.28,
0,2.953,13412.5,46.2,7/21/2026 16:22:42,16.5,0,23.92,1,
0,2.953,13412.5,46.2,7/21/2026 16:22:46,16.5,0,24.17,1.45,
0,3.101,13343.33,46.2,7/21/2026 16:22:46,16.5,0,24.17,1.45,
0,3.083,13310.83,46.2,7/21/2026 16:22:51,16.5,0,24.06,1.45,
0,3.013,13265.83,46.2,7/21/2026 16:22:55,16.5,0,24.2,1.21,
0,3.132,13257.5,46.2,7/21/2026 16:23:00,16.5,0,24.13,1.44,
0,2.902,13211.67,46.2,7/21/2026 16:23:04,16.5,0,24.14,1.45,
0,2.958,13175,46.2,7/21/2026 16:23:17,16.5,0,24.03,0.97,
0,3.048,13172.5,46.2,7/21/2026 16:23:19,16.5,0,24.12,0.84,
0,2.893,13178.33,46.2,7/21/2026 16:23:23,16.5,0,24.11,0.8,
0,2.998,13155,46.2,7/21/2026 16:23:23,16.5,0,24.11,0.8,
0,2.98,13097.5,46.2,7/21/2026 16:23:28,16.5,0,24.07,1.1,
0,3.038,12943.33,46.2,7/21/2026 16:23:32,16.5,0,24.07,1.49,
0,2.994,12930.83,46.2,7/21/2026 16:23:37,16.5,0,24.07,0.81,
0,3.046,12895,46.2,7/21/2026 16:23:38,16.5,0,24.07,0.81,
0,3.029,12865,46.2,7/21/2026 16:23:42,16.5,0,24.1,1.28,
0,3.033,12803.33,46.2,7/21/2026 16:23:46,16.5,0,24.04,1.19,
0,3.065,12779.17,46.2,7/21/2026 16:23:51,16.5,0,24.06,1.27,
0,3.168,12760.83,46.2,7/21/2026 16:23:55,16.5,0,23.61,0.91,
0,3.002,12776.67,46.2,7/21/2026 16:23:59,16.5,0,24.23,1.11,
0,2.987,12790.83,46.2,7/21/2026 16:24:04,16.5,0,24.08,1.29,
0,2.975,12785,45.8,7/21/2026 16:24:04,16.5,0,24.08,1.29,
0,3.02,12793.33,45.7,7/21/2026 16:24:08,16.5,0,24.1,0.85,
0,3.02,12788.33,45.7,7/21/2026 16:24:13,16.5,0,24.06,0.95,
0,3.05,12746.67,45.7,7/21/2026 16:24:13,16.5,0,24.06,0.95,
0,3.041,12726.67,45.7,7/21/2026 16:24:17,16.5,0,24.09,1.14,
0,2.888,12645.83,45.7,7/21/2026 16:24:21,16.5,0,24.09,0.95,
0,3.048,12609.17,45.7,7/21/2026 16:24:26,16.5,0,24.14,1.48,
0,3.029,12533.33,45.7,7/21/2026 16:24:30,16.5,0,24.03,0.87,
0,3.007,12470.83,45.7,7/21/2026 16:24:34,16.5,0,24.1,1.32,
0,2.947,12361.67,45.7,7/21/2026 16:24:39,16.5,0,24.03,0.86,
0,2.927,12320,45.7,7/21/2026 16:24:39,16.5,0,24.03,0.86,
0,3.065,12335,45.7,7/21/2026 16:24:44,16.5,0,24.01,0.98,
0,3.142,12323.33,45.3,7/21/2026 16:24:49,16.5,0,24,1.45,
0,3.038,12269.17,45.4,7/21/2026 16:24:48,16.5,0,24,1.45,
0,2.848,12315.83,45.3,7/21/2026 16:24:54,16.5,0,24.01,1.07,
0,3.022,12220.83,45.3,7/21/2026 16:24:59,16.5,0,24.14,1.16,
0,2.859,12307.5,45.3,7/21/2026 16:25:05,16.5,0,24.09,1.26,
0,2.907,12310,45.3,7/21/2026 16:25:09,16.5,0,24,1.1,
0,3.177,12307.5,45.3,7/21/2026 16:25:14,16.5,0,24.01,1.09,
0,2.57,12310.83,45.3,7/21/2026 16:25:19,16.5,0,23.61,0.83,
0,2.36,12366.67,45.3,7/21/2026 16:25:24,16.5,0,24.19,1.32,
0,2.405,12375,44.9,7/21/2026 16:25:28,16.5,0,24.09,1.36,
0,2.405,12375,44.9,7/21/2026 16:25:28,16.5,0,24.09,1.36,
0,2.383,12369.17,44.9,7/21/2026 16:25:33,16.5,0,24.05,0.97,
0,2.268,12342.5,44.8,7/21/2026 16:25:37,16.5,0,24.18,1.22,
0,2.212,12329.17,44.8,7/21/2026 16:25:42,16.5,0,23.98,1.29,
0,2.098,12317.5,44.8,7/21/2026 16:25:47,16.5,0,24.2,1.41,
0,2.073,12273.33,44.8,7/21/2026 16:25:52,16.5,0,24.31,0.9,
0,2.188,12290.83,44.8,7/21/2026 16:25:56,16.5,0,24.03,1.2,
0,2.201,12228.33,44.8,7/21/2026 16:26:01,16.5,0,24.09,0.86,
0,2.122,12232.5,44.8,7/21/2026 16:26:05,16.5,0,24.1,1.43,
0,2.183,12245.83,44.8,7/21/2026 16:26:09,16.5,0,24.05,1.38,
0,2.037,12191.67,44.8,7/21/2026 16:26:14,16.5,0,24.15,1.43,
0,2.009,12165,44.8,7/21/2026 16:26:18,16.5,0,23.95,1.26,
0,2.049,12160,44.8,7/21/2026 16:26:18,16.5,0,23.95,1.26,
0,2.142,12165.83,44.8,7/21/2026 16:26:22,16.5,0,24.03,0.94,
0,2.134,12164.17,44.8,7/21/2026 16:26:28,16.5,0,24.05,1.23,
0,2.01,12150.83,44.8,7/21/2026 16:26:32,16.5,0,24.05,1.33,
0,2.073,12135.83,44.9,7/21/2026 16:26:33,16.5,0,24.05,1.33,
0,2.122,12120.83,44.8,7/21/2026 16:26:36,16.5,0,24.12,1.48,
0,1.933,12122.5,44.8,7/21/2026 16:26:41,16.5,0,24.1,1.28,
0,2.031,12107.5,44.8,7/21/2026 16:26:46,16.5,0,24.04,1.42,
0,2.051,12114.17,44.8,7/21/2026 16:26:50,16.5,0,24.07,1.41,
0,2.135,12092.5,44.8,7/21/2026 16:26:55,16.5,0,24.1,1.18,
0,2.032,12083.33,44.8,7/21/2026 16:27:00,16.5,0,23.85,1.26,
0,2.124,12047.5,44.8,7/21/2026 16:27:04,16.5,0,24.09,1.48,
0,2.144,11995.83,44.9,7/21/2026 16:27:09,16.5,0,24.03,1.46,
0,2.083,11917.5,45.3,7/21/2026 16:27:13,16.5,0,24.03,0.8,
0,2.037,11885.83,45.3,7/21/2026 16:27:18,16.5,0,23.9,1.03,
0,2.141,11806.67,45.3,7/21/2026 16:27:23,16.5,0,24.03,1.4,
0,2.036,11813.33,45.2,7/21/2026 16:27:28,16.5,0,24.09,1.27,
0,2.132,11796.67,44.9,7/21/2026 16:27:33,16.5,0,24,1.42,
0,2.045,11787.5,44.8,7/21/2026 16:27:37,16.5,0,24.04,1.3,
0,1.981,11786.67,44.8,7/21/2026 16:27:42,16.5,0,24.04,1.24,
0,2.144,11805.83,44.8,7/21/2026 16:27:47,16.5,0,24.12,0.95,
0,2.172,11824.17,44.8,7/21/2026 16:27:52,16.5,0,24.07,1.18,
0,1.995,11820,44.8,7/21/2026 16:28:02,16.5,0,24.11,1.13,
0,2.167,11851.67,44.8,7/21/2026 16:28:05,16.5,0,23.93,1.21,
0,2.167,11851.67,44.8,7/21/2026 16:28:05,16.5,0,23.93,1.21,
0,2.016,11890,44.8,7/21/2026 16:28:10,16.5,0,24.2,1.3,
0,2.057,11926.67,44.8,7/21/2026 16:28:15,16.5,0,24.17,1.18,
0,2.046,11961.67,44.8,7/21/2026 16:28:20,16.5,0,24.08,0.91,
0,2.134,12050.83,44.8,7/21/2026 16:28:25,16.5,0,24.13,1.44,
0,2.049,12128.33,44.8,7/21/2026 16:28:29,16.5,0,24.17,1.29,
0,2.049,12128.33,44.8,7/21/2026 16:28:29,16.5,0,24.17,1.29,
0,2.127,12155,44.8,7/21/2026 16:28:35,16.5,0,24.03,0.82,
0,2.158,12162.5,44.8,7/21/2026 16:28:39,16.5,0,24.09,0.93,
0,2.158,12162.5,44.8,7/21/2026 16:28:44,16.5,0,24.02,1.29,
0,2.244,12149.17,44.8,7/21/2026 16:28:49,16.5,0,24.09,0.94,
0,2.188,12154.17,44.8,7/21/2026 16:28:53,16.5,0,24.06,1.28,
0,2.197,12159.17,44.8,7/21/2026 16:28:58,16.5,0,23.99,1.21,
0,2.041,12144.17,44.8,7/21/2026 16:29:02,16.5,0,24.01,0.95,
0,2.115,12115,44.8,7/21/2026 16:29:07,16.5,0,24.03,0.84,
0,2.137,12093.33,44.8,7/21/2026 16:29:12,16.5,0,24.04,0.8,
0,2.13,12035.83,44.8,7/21/2026 16:29:17,16.5,0,24.01,1.04,
0,1.995,12045.83,44.8,7/21/2026 16:29:22,16.5,0,24.06,1.14,
0,1.995,12045.83,44.8,7/21/2026 16:29:27,16.5,0,24.01,0.81,
0,2.178,12036.67,44.8,7/21/2026 16:29:32,16.5,0,24.1,0.85,
0,2.059,12053.33,44.8,7/21/2026 16:29:32,16.5,0,24.1,0.85,
0,2.108,11976.67,44.8,7/21/2026 16:29:37,16.5,0,24.02,1.33,
0,1.929,11957.5,44.8,7/21/2026 16:29:42,16.5,0,24.17,0.99,
0,2.107,11950,44.8,7/21/2026 16:29:47,16.5,0,23.91,1.4,
0,2.097,11948.33,44.8,7/21/2026 16:29:51,16.5,0,24.14,1.07,
0,1.931,11930.83,44.9,7/21/2026 16:29:56,16.5,0,24.02,1.2,
0,1.951,11890,44.9,7/21/2026 16:30:01,16.5,0,24.09,0.96,
0,1.848,11878.33,44.9,7/21/2026 16:30:06,16.5,0,24.02,1.19,
0,2.149,11883.33,44.9,7/21/2026 16:30:12,16.5,0,24.04,0.85,
0,1.952,11889.17,45.2,7/21/2026 16:30:17,16.5,0,24.04,1.21,
0,2.185,11900.83,45.3,7/21/2026 16:30:22,16.5,0,24,1.38,
0,1.997,11921.67,45.3,7/21/2026 16:30:27,16.5,0,24.17,1.11,
0,1.953,11987.5,45.3,7/21/2026 16:30:32,16.5,0,24.03,1.46,
0,1.876,12012.5,45.2,7/21/2026 16:30:37,16.5,0,24.09,0.9,
0,1.876,12012.5,45.2,7/21/2026 16:30:41,16.5,0,24.03,1.24,
0,1.366,1958.33,39.5,7/21/2026 17:05:52,16.5,0,23.42,1.32,
0,0.48,12784.17,39.5,7/21/2026 17:05:56,16.5,0,23.9,1.39,
0,0.391,6136.67,39.5,7/21/2026 17:06:01,16.5,0,23.85,1.26,
0,0.475,21980,39.3,7/21/2026 17:06:05,16.5,0,23.34,1.45,
0,0.547,22257.5,39.5,7/21/2026 17:06:09,16.5,0,23.61,1.4,
0,0.434,22380,39.5,7/21/2026 17:06:13,16.5,0,23.82,1.08,
0,0.406,22484.17,39.5,7/21/2026 17:06:19,16.5,0,23.91,1.13,
0,0.367,22429.17,39.5,7/21/2026 17:06:19,16.5,0,23.91,1.13,
0,0.366,22490,39.2,7/21/2026 17:06:23,16.5,0,23.88,1.16,
0,0.428,22495.83,39.1,7/21/2026 17:06:27,16.5,0,23.91,1.28,
0,0.425,22464.17,39,7/21/2026 17:06:30,16.5,0,23.91,0.98,
0,0.332,22471.67,39,7/21/2026 17:06:35,16.5,0,23.87,1.39,
0,0.413,22372.5,39,7/21/2026 17:06:40,16.5,0,23.85,0.9,
0,0.303,22318.33,39,7/21/2026 17:06:44,16.5,0,23.83,0.98,
0,0.4,22192.5,39.1,7/21/2026 17:06:49,16.5,0,23.85,1.49,
0,0.368,22159.17,39,7/21/2026 17:06:53,16.5,0,23.9,1.13,
0,0.302,22136.67,39.1,7/21/2026 17:06:53,16.5,0,23.9,1.13,
0,0.393,22096.67,39.4,7/21/2026 17:06:57,16.5,0,23.83,1.19,
0,0.351,22094.17,39.5,7/21/2026 17:07:02,16.5,0,23.81,1.18,
0,0.36,21982.5,39.5,7/21/2026 17:07:06,16.5,0,23.91,1.49,
0,0.427,21951.67,39.5,7/21/2026 17:07:11,16.5,0,23.98,1.2,
0,0.256,21776.67,39.5,7/21/2026 17:07:15,16.5,0,23.71,1.43,
0,0.308,21694.17,39.5,7/21/2026 17:07:20,16.5,0,23.82,0.93,
0,0.38,21561.67,39.5,7/21/2026 17:07:24,16.5,0,23.81,0.82,
0,0.425,21507.5,39.5,7/21/2026 17:07:28,16.5,0,23.72,1.27,
0,0.435,21380,39.5,7/21/2026 17:07:33,16.5,0,23.61,1.26,
0,0.435,21380,39.5,7/21/2026 17:07:38,16.5,0,23.85,1.15,
0,0.431,21332.5,39.5,7/21/2026 17:07:38,16.5,0,23.85,1.15,
0,0.307,21288.33,39.5,7/21/2026 17:07:42,16.5,0,23.81,1.34,
0,0.425,21230.83,39.5,7/21/2026 17:07:47,16.5,0,23.82,0.88,
0,0.425,21230.83,39.5,7/21/2026 17:07:51,16.5,0,23.66,0.87,
0,0.316,21285.83,39,7/21/2026 17:07:56,16.5,0,23.85,1.01,
0,0.358,21224.17,39,7/21/2026 17:08:00,16.5,0,23.83,0.89,
0,0.406,21215.83,39,7/21/2026 17:08:04,16.5,0,23.63,1.05,
0,0.371,21195,39,7/21/2026 17:08:09,16.5,0,23.82,1.11,
0,0.334,21168.33,39,7/21/2026 17:08:13,16.5,0,23.84,1.13,
0,0.347,21156.67,38.5,7/21/2026 17:08:18,16.5,0,24.01,1.36,
0,0.457,21148.33,38.5,7/21/2026 17:08:22,16.5,0,23.95,1.36,
0,0.304,21120,38.5,7/21/2026 17:08:27,16.5,0,23.87,1.25,
0,0.397,21087.5,38.5,7/21/2026 17:08:31,16.5,0,23.85,0.97,
0,0.363,21074.17,38.5,7/21/2026 17:08:35,16.5,0,23.62,0.8,
0,0.267,21072.5,38.5,7/21/2026 17:08:39,16.5,0,23.9,0.98,
0,0.399,21060,38.5,7/21/2026 17:08:44,16.5,0,23.91,1.49,
0,0.439,21152.5,38.5,7/21/2026 17:08:48,16.5,0,23.83,1.1,
0,0.348,21157.5,38.5,7/21/2026 17:08:52,16.5,0,23.71,0.97,
0,0.358,21172.5,38.5,7/21/2026 17:08:57,16.5,0,23.71,1.12,
0,0.435,21155.83,38.6,7/21/2026 17:09:01,16.5,0,23.88,0.94,
0,0.363,21190,38.5,7/21/2026 17:09:01,16.5,0,23.88,0.94,
0,0.325,21178.33,38.6,7/21/2026 17:09:05,16.5,0,23.82,0.98,
0,0.371,21200.83,38.5,7/21/2026 17:09:09,16.5,0,23.74,1.23,
0,0.355,21221.67,39,7/21/2026 17:09:14,16.5,0,23.91,0.93,
0,0.39,21420,39,7/21/2026 17:09:21,16.5,0,23.87,1.46,
0,0.373,21358.33,39,7/21/2026 17:09:21,16.5,0,23.87,1.46,
0,0.357,21414.17,39,7/21/2026 17:09:25,16.5,0,23.88,0.99,
0,0.385,21419.17,39,7/21/2026 17:09:29,16.5,0,23.85,1.29,
0,0.342,21391.67,39,7/21/2026 17:09:34,16.5,0,23.79,1.14,
0,0.426,21404.17,39.5,7/21/2026 17:09:39,16.5,0,23.85,1.13,
0,0.513,21405.83,39.5,7/21/2026 17:09:43,16.5,0,23.91,1.12,
0,0.362,21385.83,39.5,7/21/2026 17:09:48,16.5,0,23.9,1.06,
0,0.331,21405.83,39.5,7/21/2026 17:09:53,16.5,0,23.99,0.85,
0,0.426,21460.83,39.5,7/21/2026 17:09:58,16.5,0,23.83,0.98,
0,0.366,21493.33,39.5,7/21/2026 17:10:02,16.5,0,23.92,0.99,
0,0.333,21412.5,39.5,7/21/2026 17:10:07,16.5,0,23.88,1.06,
0,0.293,21390.83,39.5,7/21/2026 17:10:11,16.5,0,23.95,1.33,
0,0.406,21277.5,39.5,7/21/2026 17:10:16,16.5,0,24.01,1.25,
0,0.323,21315,39.5,7/21/2026 17:10:22,16.5,0,23.98,0.92,
0,0.335,21300,39.6,7/21/2026 17:10:26,16.5,0,23.85,1.24,
0,0.388,21279.17,40.1,7/21/2026 17:10:31,16.5,0,23.87,1.08,
0,0.415,21275.83,40.1,7/21/2026 17:10:37,16.5,0,23.87,1.25,
0,0.452,21300.83,40.1,7/21/2026 17:10:41,16.5,0,23.87,1.28,
0,0.464,21318.33,40.1,7/21/2026 17:10:46,16.5,0,23.86,1.04,
0,0.32,21300.83,40.1,7/21/2026 17:10:50,16.5,0,23.88,0.88,
0,0.347,21302.5,40.1,7/21/2026 17:10:55,16.5,0,23.75,1.06,
0,0.436,21285.83,40.1,7/21/2026 17:10:59,16.5,0,23.83,1.47,
0,0.235,21255,40.1,7/21/2026 17:11:03,16.5,0,23.81,1.34,
0,0.245,21330,40.1,7/21/2026 17:11:08,16.5,0,23.87,1.01,
0,0.332,21330.83,40.1,7/21/2026 17:11:12,16.5,0,23.88,1.2,
0,0.253,21332.5,40.1,7/21/2026 17:11:12,16.5,0,23.88,1.2,
0,0.334,21343.33,40.1,7/21/2026 17:11:16,16.5,0,23.75,1.11,
0,0.38,21335,40.1,7/21/2026 17:11:20,16.5,0,23.91,1.44,
0,0.227,21313.33,40.1,7/21/2026 17:11:21,16.5,0,23.91,1.44,
0,0.363,21231.67,40.1,7/21/2026 17:11:25,16.5,0,23.84,1.11,
0,0.244,21215.83,40.1,7/21/2026 17:11:29,16.5,0,23.87,1.07,
0,0.332,21174.17,40.1,7/21/2026 17:11:34,16.5,0,24,0.93,
0,0.42,21083.33,40.1,7/21/2026 17:11:39,16.5,0,23.83,1.28,
0,0.344,21065.83,40.1,7/21/2026 17:11:43,16.5,0,23.62,1,
0,0.346,20974.17,40.1,7/21/2026 17:11:48,16.5,0,23.88,0.9,
0,0.419,20952.5,40.1,7/21/2026 17:11:52,16.5,0,23.85,0.92,
0,0.476,20956.67,40.1,7/21/2026 17:11:56,16.5,0,23.71,1.49,
0,0.476,20956.67,40.1,7/21/2026 17:12:01,16.5,0,23.82,1.47,
0,0.408,20959.17,40.1,7/21/2026 17:12:05,16.5,0,23.9,1.19,
0,0.34,20820,39.5,7/21/2026 17:12:10,16.5,0,24.08,1.33,
0,0.318,20871.67,39.5,7/21/2026 17:12:14,16.5,0,23.77,1.17,
0,0.406,20843.33,39.5,7/21/2026 17:12:19,16.5,0,23.81,1.19,
0,0.291,20705,39.5,7/21/2026 17:12:24,16.5,0,23.82,0.9,
0,0.365,20680.83,39.5,7/21/2026 17:12:28,16.5,0,23.81,1.34,
0,0.285,20680,39.5,7/21/2026 17:12:32,16.5,0,23.85,0.87,
0,0.431,20700,39.5,7/21/2026 17:12:36,16.5,0,23.83,1.18,
0,0.354,20689.17,39.5,7/21/2026 17:12:40,16.5,0,23.79,1.18,
0,0.397,20640,39.2,7/21/2026 17:12:45,16.5,0,23.82,1.4,
0,0.353,20603.33,39.1,7/21/2026 17:12:49,16.5,0,23.82,0.98,
0,0.301,20629.17,39,7/21/2026 17:12:53,16.5,0,23.85,0.88,
0,0.339,20669.17,39,7/21/2026 17:12:59,16.5,0,23.83,0.82,
0,0.348,20707.5,39,7/21/2026 17:13:03,16.5,0,23.8,0.95,
0,0.357,20686.67,39,7/21/2026 17:13:08,16.5,0,23.95,1.01,
0,0.294,20664.17,39,7/21/2026 17:13:14,16.5,0,23.75,1.13,
0,0.206,20669.17,39.1,7/21/2026 17:13:18,16.5,0,23.75,1.37,
0,0.308,20618.33,39.5,7/21/2026 17:13:23,16.5,0,23.73,1.31,
0,0.272,20585.83,39.5,7/21/2026 17:13:27,16.5,0,23.83,1.29,
0,0.382,20525,39.5,7/21/2026 17:13:32,16.5,0,23.51,1.12,
0,0.414,20551.67,39.5,7/21/2026 17:13:37,16.5,0,23.73,1.2,
0,0.349,20430,39.5,7/21/2026 17:13:42,16.5,0,23.88,1.25,
0,0.307,20357.5,39.5,7/21/2026 17:13:46,16.5,0,23.8,0.97,
0,0.422,20347.5,39.5,7/21/2026 17:13:50,16.5,0,23.91,1.29,
0,0.399,20319.17,39.5,7/21/2026 17:14:01,16.5,0,23.87,1.16,
0,0.456,20268.33,39.5,7/21/2026 17:14:03,16.5,0,23.81,1.43,
0,0.386,20165,39.5,7/21/2026 17:14:10,16.5,0,23.46,0.95,
0,0.443,20152.5,39.5,7/21/2026 17:14:14,16.5,0,23.65,0.97,
0,0.348,20168.33,39.5,7/21/2026 17:14:18,16.5,0,23.88,0.83,
0,0.351,20190.83,39.5,7/21/2026 17:14:22,16.5,0,23.78,0.93,
0,0.261,20139.17,39.5,7/21/2026 17:14:27,16.5,0,23.83,0.97,
0,0.36,20147.5,39.6,7/21/2026 17:14:32,16.5,0,23.78,0.84,
0,0.404,20121.67,39.6,7/21/2026 17:14:37,16.5,0,23.79,1.03,
0,0.324,20072.5,39.5,7/21/2026 17:14:41,16.5,0,23.81,1.47,
0,0.441,19979.17,39.5,7/21/2026 17:14:45,16.5,0,23.77,1.06,
0,0.4,19936.67,39.5,7/21/2026 17:14:50,16.5,0,23.89,1.21,
0,0.419,19967.5,39.5,7/21/2026 17:14:55,16.5,0,23.8,1.35,
0,0.271,19928.33,39.5,7/21/2026 17:14:55,16.5,0,23.8,1.35,
0,0.345,19938.33,39.5,7/21/2026 17:14:59,16.5,0,23.95,0.87,
0,0.429,19941.67,39.5,7/21/2026 17:15:04,16.5,0,23.39,0.91,
0,0.366,19897.5,39.5,7/21/2026 17:15:04,16.5,0,23.39,0.91,
0,0.422,19844.17,39.5,7/21/2026 17:15:08,16.5,0,23.81,0.95,
0,0.279,19738.33,39.5,7/21/2026 17:15:15,16.5,0,23.72,1.36,
0,0.298,19697.5,39.6,7/21/2026 17:15:19,16.5,0,23.74,0.99,
0,0.338,19686.67,39.5,7/21/2026 17:15:23,16.5,0,23.77,1.05,
0,0.234,19588.33,39.6,7/21/2026 17:15:28,16.5,0,23.87,0.82,
0,0.36,19548.33,39.6,7/21/2026 17:15:33,16.5,0,23.7,1.47,
0,0.38,19517.5,39.5,7/21/2026 17:15:37,16.5,0,23.75,0.94,
0,0.274,19527.5,39.5,7/21/2026 17:15:42,16.5,0,23.83,1.1,
0,0.354,19495,39.5,7/21/2026 17:15:42,16.5,0,23.83,1.1,
0,0.285,19503.33,39.5,7/21/2026 17:15:46,16.5,0,23.63,1.04,
0,0.263,19472.5,39.5,7/21/2026 17:15:51,16.5,0,23.63,0.93,
0,0.303,19425.83,39.5,7/21/2026 17:15:56,16.5,0,23.45,1.04,
0,0.345,19423.33,39.5,7/21/2026 17:15:56,16.5,0,23.45,1.04,
0,0.262,19342.5,39.5,7/21/2026 17:16:00,16.5,0,23.75,1.2,
0,0.261,19327.5,39.1,7/21/2026 17:16:05,16.5,0,23.81,1.41,
0,0.314,19270.83,39,7/21/2026 17:16:09,16.5,0,23.73,0.98,
0,0.414,19225.83,39.1,7/21/2026 17:16:22,16.5,0,23.9,1.07,
0,0.25,19236.67,39,7/21/2026 17:16:26,16.5,0,23.78,1.2,
0,0.25,19236.67,39,7/21/2026 17:16:26,16.5,0,23.63,1.04,
0,0.282,19251.67,39,7/21/2026 17:16:32,16.5,0,23.81,1,
0,0.359,19304.17,39,7/21/2026 17:16:36,16.5,0,23.72,1.14,
0,0.294,19337.5,39,7/21/2026 17:16:42,16.5,0,23.83,0.82,
0,0.342,19378.33,39,7/21/2026 17:16:46,16.5,0,23.85,1.37,
0,0.227,19326.67,39,7/21/2026 17:16:51,16.5,0,23.72,0.93,
0,0.358,19280,39.2,7/21/2026 17:16:55,16.5,0,23.83,0.89,
0,0.369,19239.17,39,7/21/2026 17:17:00,16.5,0,23.73,1.1,
0,0.302,19251.67,39,7/21/2026 17:17:01,16.5,0,23.73,1.1,
0,0.463,19263.33,39,7/21/2026 17:17:05,16.5,0,23.75,0.8,
0,0.448,19301.67,39,7/21/2026 17:17:10,16.5,0,23.74,0.92,
0,0.4,19250.83,39,7/21/2026 17:17:15,16.5,0,23.74,1.18,
0,0.348,19176.67,39,7/21/2026 17:17:19,16.5,0,23.63,0.86,
0,0.266,19129.17,39,7/21/2026 17:17:24,16.5,0,23.75,0.95,
0,0.434,18923.33,39,7/21/2026 17:17:28,16.5,0,23.75,1.28,
0,0.313,18737.5,39,7/21/2026 17:17:32,16.5,0,23.72,0.81,
0,0.392,18670.83,39,7/21/2026 17:17:37,16.5,0,23.8,0.9,
0,0.427,18720,39,7/21/2026 17:17:41,16.5,0,23.72,1.15,
0,0.36,18785.83,39,7/21/2026 17:17:45,16.5,0,23.74,0.8,
0,0.304,18826.67,38.5,7/21/2026 17:17:50,16.5,0,23.72,1.26,
0,0.3,18866.67,38.5,7/21/2026 17:17:54,16.5,0,23.44,0.91,
0,0.3,18866.67,38.5,7/21/2026 17:17:59,16.5,0,23.79,0.98,
0,0.359,18935.83,38.5,7/21/2026 17:18:06,16.5,0,23.77,1.26,
0,0.446,18885.83,38.5,7/21/2026 17:18:06,16.5,0,23.77,1.26,
0,0.348,18928.33,38.5,7/21/2026 17:18:11,16.5,0,23.72,0.95,
0,0.372,18929.17,38.5,7/21/2026 17:18:15,16.5,0,23.81,1.49,
0,0.355,18949.17,38.5,7/21/2026 17:18:19,16.5,0,23.85,1.38,
0,0.279,18939.17,38.5,7/21/2026 17:18:25,16.5,0,23.61,1.24,
0,0.365,18645.83,38,7/21/2026 17:18:29,16.5,0,23.33,1.37,
0,0.257,18625,38,7/21/2026 17:18:33,16.5,0,23.75,1.43,
0,0.274,18420,38,7/21/2026 17:18:38,16.5,0,23.82,1.24,
0,0.202,18386.67,38,7/21/2026 17:18:42,16.5,0,23.42,1.17,
0,0.423,18328.33,38,7/21/2026 17:18:47,16.5,0,23.72,1.38,
0,0.197,18164.17,38,7/21/2026 17:18:51,16.5,0,23.61,0.84,
0,0.295,17335.83,38,7/21/2026 17:18:55,16.5,0,23.6,1.42,
0,0.389,17841.67,38,7/21/2026 17:19:04,16.5,0,23.71,1.38,
0,0.278,18225.83,38,7/21/2026 17:19:04,16.5,0,23.71,1.38,
0,0.437,18351.67,38,7/21/2026 17:19:07,16.5,0,23.64,1.38,
0,0.388,18489.17,38,7/21/2026 17:19:14,16.5,0,23.69,1.42,
0,0.419,18440.83,38,7/21/2026 17:19:18,16.5,0,23.79,1.01,
0,0.307,18487.5,38,7/21/2026 17:19:24,16.5,0,23.71,1.38,
0,0.406,18380.83,38,7/21/2026 17:19:29,16.5,0,23.7,1.05,
0,0.334,18310,38,7/21/2026 17:19:34,16.5,0,23.72,1.19,
0,0.245,18171.67,38,7/21/2026 17:19:38,16.5,0,23.81,1.37,
0,0.337,18145.83,38,7/21/2026 17:19:43,16.5,0,23.71,1.09,
0,0.341,18203.33,38,7/21/2026 17:19:48,16.5,0,23.79,1.04,
0,0.36,18179.17,38,7/21/2026 17:19:52,16.5,0,23.69,0.96,
0,0.326,18175.83,38,7/21/2026 17:19:57,16.5,0,23.51,1.28,
0,0.364,18073.33,38.5,7/21/2026 17:20:01,16.5,0,23.72,0.98,
0,0.364,18073.33,38.5,7/21/2026 17:20:01,16.5,0,23.72,0.98,
0,0.285,18070.83,38.5,7/21/2026 17:20:06,16.5,0,23.71,0.85,
0,0.376,18085,38.5,7/21/2026 17:20:10,16.5,0,23.61,1.08,
0,0.324,18060,38.5,7/21/2026 17:20:15,16.5,0,23.51,0.9,
0,0.342,18059.17,38.5,7/21/2026 17:20:20,16.5,0,23.63,1.27,
0,0.268,17768.33,38.5,7/21/2026 17:20:24,16.5,0,23.63,0.97,
0,0.343,17535,38.5,7/21/2026 17:20:30,16.5,0,23.51,1.2,
0,0.454,17256.67,38.5,7/21/2026 17:20:34,16.5,0,23.4,1.08,
0,0.432,15504.17,38.5,7/21/2026 17:20:39,16.5,0,23.28,0.82,
0,0.432,15504.17,38.5,7/21/2026 17:20:44,16.5,0,23.43,0.9,
0,0.338,16160,38.5,7/21/2026 17:20:49,16.5,0,23.28,0.93,
0,0.241,11829.17,38.5,7/21/2026 17:20:54,16.5,0,22.61,0.91,
0,0.332,11090,38.5,7/21/2026 17:20:58,16.5,0,22.28,1.14,
0,0.221,10855.83,38.5,7/21/2026 17:21:03,16.5,0,22.43,0.9,
0,0.285,10850,38.5,7/21/2026 17:21:07,16.5,0,22.34,0.91,
0,0.321,10909.17,38.5,7/21/2026 17:21:12,16.5,0,22.3,1.12,
0,0.36,12325.83,38.5,7/21/2026 17:21:19,16.5,0,22.75,0.99,
0,0.287,13222.5,38.5,7/21/2026 17:21:19,16.5,0,22.75,0.99,
0,0.348,13913.33,38,7/21/2026 17:21:23,16.5,0,23.21,1.27,
0,0.294,16241.67,38,7/21/2026 17:21:28,16.5,0,23.49,1.32,
0,0.294,16241.67,38,7/21/2026 17:21:28,16.5,0,23.49,1.32,
0,0.317,16535,38,7/21/2026 17:21:33,16.5,0,23.61,1.04,
0,0.185,16740.83,38,7/21/2026 17:21:37,16.5,0,23.43,1.31,
0,0.245,16902.5,38,7/21/2026 17:21:42,16.5,0,23.77,0.95,
0,0.309,16955.83,38,7/21/2026 17:21:47,16.5,0,23.63,1.1,
0,0.233,17004.17,38,7/21/2026 17:21:51,16.5,0,23.6,1.09,
0,0.37,17015,38,7/21/2026 17:21:55,16.5,0,23.67,1.49,
0,0.303,17084.17,37.5,7/21/2026 17:21:59,16.5,0,23.5,1.32,
0,0.267,17104.17,37.4,7/21/2026 17:22:05,16.5,0,23.68,0.86,
0,0.236,16989.17,37.4,7/21/2026 17:22:09,16.5,0,23.4,1.48,
0,0.329,16995.83,37.4,7/21/2026 17:22:17,16.5,0,23.85,0.91,
0,0.188,17015.83,37.4,7/21/2026 17:22:22,16.5,0,23.64,1.12,
0,0.253,17065,37.4,7/21/2026 17:22:31,16.5,0,23.5,1.41,
0,0.3,17050.83,37.4,7/21/2026 17:22:38,16.5,0,23.64,0.91,
0,0.263,17061.67,37.4,7/21/2026 17:22:45,16.5,0,23.64,1.27,
0,0.35,17036.67,37.4,7/21/2026 17:22:50,16.5,0,23.64,0.81,
0,0.258,17013.33,37.4,7/21/2026 17:22:50,16.5,0,23.64,0.81,
0,0.399,17032.5,37.4,7/21/2026 17:22:55,16.5,0,23.61,1.2,
0,0.315,17043.33,37.4,7/21/2026 17:22:59,16.5,0,23.78,1.38,
0,0.287,17041.67,37.4,7/21/2026 17:23:04,16.5,0,23.72,1.33,
0,0.334,17043.33,37.5,7/21/2026 17:23:09,16.5,0,23.24,0.83,
0,0.304,16994.17,37.4,7/21/2026 17:23:13,16.5,0,23.65,0.89,
0,0.376,16956.67,37.4,7/21/2026 17:23:18,16.5,0,23.62,1.15,
0,0.298,16952.5,37.4,7/21/2026 17:23:22,16.5,0,23.61,1.05,
0,0.333,16964.17,37.4,7/21/2026 17:23:27,16.5,0,23.64,1.11,
0,0.357,16963.33,37.4,7/21/2026 17:23:31,16.5,0,23.87,1.38,
0,0.331,16955,37.4,7/21/2026 17:23:36,16.5,0,23.63,1.19,
0,0.282,16962.5,37.4,7/21/2026 17:23:40,16.5,0,23.71,1.42,
0,0.364,16965.83,37.4,7/21/2026 17:23:44,16.5,0,23.68,1.02,
0,0.248,16971.67,37.4,7/21/2026 17:23:44,16.5,0,23.68,1.02,
0,0.331,16970.83,37.4,7/21/2026 17:23:48,16.5,0,23.63,1.13,
0,0.331,16970.83,37.4,7/21/2026 17:23:52,16.5,0,23.64,1.18,
0,0.332,17010,37.4,7/21/2026 17:23:59,16.5,0,23.63,1.29,
0,0.228,17031.67,37.5,7/21/2026 17:24:04,16.5,0,23.83,1.09,
0,0.34,17017.5,37.4,7/21/2026 17:24:08,16.5,0,23.64,0.94,
0,0.296,17042.5,37.4,7/21/2026 17:24:13,16.5,0,23.68,1.14,
0,0.38,17002.5,37.4,7/21/2026 17:24:13,16.5,0,23.68,1.14,
0,0.39,17024.17,37.4,7/21/2026 17:24:17,16.5,0,23.64,1.34,
0,0.281,17050.83,37.4,7/21/2026 17:24:21,16.5,0,23.65,0.95,
0,0.334,17023.33,37.4,7/21/2026 17:24:25,16.5,0,23.8,1.43,
0,0.305,17066.67,37.4,7/21/2026 17:24:30,16.5,0,23.68,0.91,
0,0.289,16920,37.4,7/21/2026 17:24:35,16.5,0,23.65,0.84,
0,0.314,16698.33,37.4,7/21/2026 17:24:39,16.5,0,23.48,1.35,
0,0.323,16515.83,37.4,7/21/2026 17:24:44,16.5,0,23.63,1.11,
0,0.394,16398.33,37.9,7/21/2026 17:24:49,16.5,0,23.61,1.34,
0,0.448,16342.5,38,7/21/2026 17:24:53,16.5,0,23.51,1.11,
0,0.396,16310.83,38,7/21/2026 17:24:57,16.5,0,23.51,1.26,
0,0.41,16223.33,37.7,7/21/2026 17:25:01,16.5,0,23.73,1.42,
0,0.34,16187.5,37.5,7/21/2026 17:25:06,16.5,0,23.51,1.12,
0,0.355,16201.67,37.5,7/21/2026 17:25:06,16.5,0,23.51,1.12,
0,0.376,16204.17,37.4,7/21/2026 17:25:10,16.5,0,23.61,0.85,
0,0.422,16219.17,37.5,7/21/2026 17:25:17,16.5,0,23.51,0.94,
0,0.41,16301.67,37.4,7/21/2026 17:25:22,16.5,0,23.73,1.41,
0,0.447,16325.83,37.4,7/21/2026 17:25:26,16.5,0,23.28,1.3,
0,0.305,16348.33,37.4,7/21/2026 17:25:30,16.5,0,23.51,1.22,
0,0.42,16367.5,37.4,7/21/2026 17:25:35,16.5,0,23.2,0.86,
0,0.437,16323.33,37.4,7/21/2026 17:25:39,16.5,0,23.61,0.87,
0,0.368,16319.17,37.7,7/21/2026 17:25:43,16.5,0,23.61,0.88,
0,0.401,16347.5,38,7/21/2026 17:25:47,16.5,0,23.61,1.01,
0,0.356,16305.83,38,7/21/2026 17:25:51,16.5,0,23.36,1.08,
0,0.37,16298.33,38,7/21/2026 17:25:51,16.5,0,23.36,1.08,
0,0.381,16234.17,38,7/21/2026 17:25:57,16.5,0,23.79,1.26,
0,0.376,16233.33,38,7/21/2026 17:26:02,16.5,0,23.75,1.25,
0,0.327,16271.67,38,7/21/2026 17:26:06,16.5,0,23.61,1.06,
0,0.402,16318.33,38,7/21/2026 17:26:10,16.5,0,23.61,1.46,
0,0.29,16290,38,7/21/2026 17:26:15,16.5,0,23.62,1.15,
0,0.433,16275.83,38,7/21/2026 17:26:20,16.5,0,23.64,1.46,
0,0.384,16275.83,38,7/21/2026 17:26:24,16.5,0,23.61,1.45,
0,0.417,16214.17,38,7/21/2026 17:26:29,16.5,0,23.6,0.93,
0,0.381,16134.17,38,7/21/2026 17:26:29,16.5,0,23.6,0.93,
0,0.432,16135,38,7/21/2026 17:26:33,16.5,0,23.51,1.07,
0,0.409,16076.67,38,7/21/2026 17:26:37,16.5,0,23.51,1.2,
0,0.291,16032.5,38,7/21/2026 17:26:42,16.5,0,23.68,0.97,
0,0.268,16083.33,37.9,7/21/2026 17:26:47,16.5,0,23.63,1.13,
0,0.348,16140.83,37.9,7/21/2026 17:26:52,16.5,0,23.51,1.47,
0,0.322,16174.17,37.5,7/21/2026 17:26:56,16.5,0,23.51,1.3,
0,0.386,16246.67,37.4,7/21/2026 17:27:03,16.5,0,23.61,1.38,
0,0.386,16246.67,37.4,7/21/2026 17:27:03,16.5,0,23.61,1.38,
0,0.325,16260.83,37.4,7/21/2026 17:27:10,16.5,0,23.61,1.41,
0,0.29,16207.5,37.4,7/21/2026 17:27:15,16.5,0,23.51,0.87,
0,0.221,16185.83,37.4,7/21/2026 17:27:20,16.5,0,23.6,1.46,
0,0.304,16136.67,37.4,7/21/2026 17:27:24,16.5,0,23.51,1.44,
0,0.42,16076.67,37.5,7/21/2026 17:27:29,16.5,0,23.09,1.19,
0,0.27,16053.33,37.4,7/21/2026 17:27:34,16.5,0,23.51,1.05,
0,0.332,15876.67,37.5,7/21/2026 17:27:40,16.5,0,23.5,1.19,
0,0.253,15841.67,37.9,7/21/2026 17:27:44,16.5,0,23.63,1.44,
0,0.23,15870.83,38,7/21/2026 17:27:49,16.5,0,23.6,0.9,
0,0.402,15842.5,37.5,7/21/2026 17:28:00,16.5,0,23.51,1.17,
0,0.313,15855.83,37.4,7/21/2026 17:28:08,16.5,0,23.51,1.48,
0,0.313,15855.83,37.4,7/21/2026 17:28:09,16.5,0,23.51,1.32,
0,0.354,15858.33,37.4,7/21/2026 17:28:09,16.5,0,23.51,1.32,
0,0.353,15845.83,37.4,7/21/2026 17:28:13,16.5,0,23.51,0.92,
0,0.338,15868.33,37.4,7/21/2026 17:28:17,16.5,0,23.48,0.95,
0,0.308,15883.33,37.4,7/21/2026 17:28:22,16.5,0,23.71,0.98,
0,0.463,15892.5,37.4,7/21/2026 17:28:26,16.5,0,23.51,1.23,
0,0.352,15934.17,37.4,7/21/2026 17:28:31,16.5,0,23.51,1.26,
0,0.255,15995,37.4,7/21/2026 17:28:35,16.5,0,23.64,1.13,
0,0.255,15995,37.4,7/21/2026 17:28:35,16.5,0,23.64,1.13,
0,0.271,16003.33,37.4,7/21/2026 17:28:40,16.5,0,23.51,0.8,
0,0.38,15996.67,37.4,7/21/2026 17:28:45,16.5,0,23.61,0.82,
0,0.199,15960,37.4,7/21/2026 17:28:50,16.5,0,23.58,1.31,
0,0.322,15928.33,37.4,7/21/2026 17:28:50,16.5,0,23.58,1.31,
0,0.272,15960,37.4,7/21/2026 17:28:54,16.5,0,23.61,1.25,
0,0.244,15959.17,37.4,7/21/2026 17:28:58,16.5,0,23.34,1.24,
0,0.267,15940,37.4,7/21/2026 17:29:03,16.5,0,23.51,1.27,
0,0.442,15995.83,37.1,7/21/2026 17:29:07,16.5,0,23.61,1.09,
0,0.442,15995.83,37.1,7/21/2026 17:29:12,16.5,0,23.51,1.16,
0,0.221,15997.5,37,7/21/2026 17:29:17,16.5,0,23.42,1,
0,0.273,15729.17,36.9,7/21/2026 17:29:24,16.5,0,23.43,1.32,
0,0.273,15123.33,36.9,7/21/2026 17:29:28,16.5,0,23.44,1.13,
0,0.309,15017.5,36.9,7/21/2026 17:29:34,16.5,0,23.47,0.97,
0,0.424,15168.33,36.9,7/21/2026 17:29:39,16.5,0,23.5,1.18,
0,0.395,15195.83,36.9,7/21/2026 17:29:44,16.5,0,23.48,1.2,
0,0.349,15185.83,36.9,7/21/2026 17:29:48,16.5,0,23.51,0.96,
0,0.247,15190,36.9,7/21/2026 17:29:52,16.5,0,23.51,0.8,
0,0.295,15237.5,36.9,7/21/2026 17:29:57,16.5,0,23.48,1.15,
0,0.182,15287.5,36.9,7/21/2026 17:30:01,16.5,0,23.47,1.1,
0,0.324,15340,36.9,7/21/2026 17:30:06,16.5,0,23.51,1.06,
0,0.325,15325.83,36.9,7/21/2026 17:30:10,16.5,0,23.51,1.19,
0,0.316,15305.83,36.9,7/21/2026 17:30:15,16.5,0,23.44,0.9,
0,0.305,15207.5,36.9,7/21/2026 17:30:19,16.5,0,23.44,1.37,
0,0.391,15120,36.9,7/21/2026 17:30:26,16.5,0,23.44,1.22,
0,0.33,15071.67,36.9,7/21/2026 17:30:30,16.5,0,23.61,0.84,
0,0.378,15084.17,36.9,7/21/2026 17:30:34,16.5,0,23.44,1,
0,0.341,15056.67,36.9,7/21/2026 17:30:39,16.5,0,23.51,1.29,
0,0.19,15017.5,36.9,7/21/2026 17:30:43,16.5,0,23.5,0.9,
0,0.253,15006.67,36.9,7/21/2026 17:30:47,16.5,0,23.43,1.3,
0,0.314,14994.17,36.5,7/21/2026 17:30:53,16.5,0,23.42,1.12,
0,0.359,14970.83,36.4,7/21/2026 17:30:57,16.5,0,23.42,1.44,
0,0.314,14934.17,36.3,7/21/2026 17:31:02,16.5,0,23.44,1.36,
0,0.347,14894.17,36.3,7/21/2026 17:31:06,16.5,0,23.6,1.29,
0,0.394,14865.83,36.3,7/21/2026 17:31:11,16.5,0,23.44,1.35,
0,0.337,14847.5,36.4,7/21/2026 17:31:11,16.5,0,23.44,1.35,
0,0.29,14822.5,36.4,7/21/2026 17:31:16,16.5,0,23.4,1.34,
0,0.272,14782.5,36.4,7/21/2026 17:31:20,16.5,0,23.42,0.84,
0,0.353,14785.83,36.3,7/21/2026 17:31:24,16.5,0,23.43,1.44,
0,0.281,14795,36.3,7/21/2026 17:31:24,16.5,0,23.43,1.44,
0,0.292,14754.17,36.3,7/21/2026 17:31:28,16.5,0,23.3,1.1,
0,0.25,14656.67,36.3,7/21/2026 17:31:37,16.5,0,23.32,1.05,
0,0.341,14635,36.3,7/21/2026 17:31:37,16.5,0,23.32,1.05,
0,0.341,14635,36.3,7/21/2026 17:31:40,16.5,0,23.4,1.19,
0,0.283,14614.17,36.3,7/21/2026 17:31:45,16.5,0,23.42,1.01,
0,0.369,14610.83,36.3,7/21/2026 17:31:49,16.5,0,23.31,1.28,
0,0.212,14637.5,36.3,7/21/2026 17:31:53,16.5,0,23.51,1.49,
0,0.394,14640.83,36.3,7/21/2026 17:31:58,16.5,0,23.44,0.89,
0,0.36,14619.17,36.3,7/21/2026 17:32:02,16.5,0,23.44,0.81,
0,0.323,14623.33,36.3,7/21/2026 17:32:07,16.5,0,23.45,1.24,
0,0.3,14615.83,36.3,7/21/2026 17:32:07,16.5,0,23.45,1.24,
0,0.3,14617.5,36.3,7/21/2026 17:32:12,16.5,0,23.4,1.29,
0,0.298,14616.67,36.3,7/21/2026 17:32:17,16.5,0,23.6,1.18,
0,0.339,14581.67,36.3,7/21/2026 17:32:21,16.5,0,23.44,1.45,
0,0.305,14554.17,36.3,7/21/2026 17:32:26,16.5,0,23.61,0.83,
0,0.212,14589.17,36.3,7/21/2026 17:32:30,16.5,0,23.51,1.23,
0,0.288,14579.17,36.3,7/21/2026 17:32:35,16.5,0,23.61,1.15,
0,0.288,14579.17,36.3,7/21/2026 17:32:39,16.5,0,23.61,1.13,
0,0.251,14548.33,36.3,7/21/2026 17:32:43,16.5,0,23.43,1.45,
0,0.4,14583.33,36.3,7/21/2026 17:32:44,16.5,0,23.43,1.45,
0,0.146,14504.17,36.3,7/21/2026 17:32:51,16.5,0,23.32,1.28,
0,0.397,14488.33,36.3,7/21/2026 17:32:51,16.5,0,23.32,1.28,
0,0.258,14494.17,36.3,7/21/2026 17:32:56,16.5,0,23.34,1.2,
0,0.363,14470.83,36.3,7/21/2026 17:33:01,16.5,0,23.46,1.24,
0,0.376,14500,36.3,7/21/2026 17:33:07,16.5,0,23.48,1.32,
0,0.332,14488.33,36.3,7/21/2026 17:33:11,16.5,0,23.51,1.3,
0,0.293,14417.5,36.3,7/21/2026 17:33:19,16.5,0,23.4,1.34,
0,0.389,14395,36.3,7/21/2026 17:33:23,16.5,0,23.42,1.09,
0,0.337,14379.17,36.4,7/21/2026 17:33:28,16.5,0,23.41,1.35,
0,0.406,14380,36.5,7/21/2026 17:33:33,16.5,0,23.39,1.42,
0,0.431,14317.5,36.3,7/21/2026 17:33:37,16.5,0,23.51,1.12,
0,0.431,14317.5,36.3,7/21/2026 17:33:37,16.5,0,23.51,1.12,
0,0.411,14290,36.3,7/21/2026 17:33:42,16.5,0,23.39,1.27,
0,0.344,14203.33,36.3,7/21/2026 17:33:47,16.5,0,23.35,1.45,
0,0.278,14185,36.3,7/21/2026 17:33:52,16.5,0,23.51,1.03,
0,0.316,14093.33,36.3,7/21/2026 17:33:56,16.5,0,23.17,1.49,
0,0.36,14071.67,36.3,7/21/2026 17:34:01,16.5,0,23.34,1.39,
0,0.326,14050.83,36.3,7/21/2026 17:34:06,16.5,0,23.26,1.22,
0,0.324,14033.33,36.3,7/21/2026 17:34:10,16.5,0,23.41,0.86,
0,0.351,13988.33,36.3,7/21/2026 17:34:15,16.5,0,23.45,1.09,
0,0.338,13965,36.4,7/21/2026 17:34:19,16.5,0,23.39,1.42,
0,0.378,13957.5,36.7,7/21/2026 17:34:25,16.5,0,23.34,0.82,
0,0.323,13949.17,36.6,7/21/2026 17:34:30,16.5,0,23.31,1.1,
0,0.304,13861.67,36.3,7/21/2026 17:34:35,16.5,0,23.4,1.39,
0,0.22,13726.67,36.3,7/21/2026 17:34:40,16.5,0,23.31,1.04,
0,0.415,13684.17,36.3,7/21/2026 17:34:45,16.5,0,23.32,1.42,
0,0.342,13600.83,36.4,7/21/2026 17:34:49,16.5,0,23.29,0.94,
0,0.391,13592.5,36.7,7/21/2026 17:34:53,16.5,0,23.26,1.18,
0,0.263,13610,36.9,7/21/2026 17:34:54,16.5,0,23.26,1.18,
0,0.257,13640,36.9,7/21/2026 17:34:58,16.5,0,23.39,0.81,
0,0.257,13640,36.9,7/21/2026 17:35:02,16.5,0,23.28,0.97,
0,0.234,13610.83,36.6,7/21/2026 17:35:06,16.5,0,23.29,1.45,
0,0.265,13471.67,36.3,7/21/2026 17:35:10,16.5,0,23.26,1.36,
0,0.324,13355,36.3,7/21/2026 17:35:16,16.5,0,23.26,1.27,
0,0.38,13276.67,36.3,7/21/2026 17:35:21,16.5,0,23.22,1.08,
0,0.303,13260.83,36.3,7/21/2026 17:35:26,16.5,0,23.29,1.44,
0,0.331,13159.17,35.6,7/21/2026 17:35:30,16.5,0,23.22,1.28,
0,0.464,13184.17,35.6,7/21/2026 17:35:35,16.5,0,23.26,0.91,
0,0.388,13220.83,35.6,7/21/2026 17:35:39,16.5,0,23.29,1.08,
0,0.313,13219.17,36.3,7/21/2026 17:35:44,16.5,0,23.04,1.37,
0,0.348,13245.83,36.3,7/21/2026 17:35:48,16.5,0,23.29,1.23,
0,0.276,13252.5,36.3,7/21/2026 17:35:53,16.5,0,23.4,1.09,
0,0.285,13246.67,36.3,7/21/2026 17:35:58,16.5,0,23.32,0.96,
0,0.354,13180,36.3,7/21/2026 17:36:02,16.5,0,23.22,0.8,
0,0.372,13105.83,36.3,7/21/2026 17:36:07,16.5,0,23.26,1.31,
0,0.289,13085,36.4,7/21/2026 17:36:11,16.5,0,23.12,0.87,
0,0.307,13070.83,36.9,7/21/2026 17:36:16,16.5,0,23.25,1.16,
0,0.287,13062.5,36.9,7/21/2026 17:36:20,16.5,0,23.02,1.05,
0,0.313,13071.67,36.9,7/21/2026 17:36:25,16.5,0,23.24,1.07,
0,0.184,13078.33,36.9,7/21/2026 17:36:29,16.5,0,23.22,1.07,
0,0.362,13015.83,36.9,7/21/2026 17:36:34,16.5,0,23.22,1.05,
0,0.428,12973.33,36.9,7/21/2026 17:36:38,16.5,0,23.42,1.37,
0,0.212,12944.17,36.9,7/21/2026 17:36:43,16.5,0,23.25,0.96,
0,0.341,12897.5,36.9,7/21/2026 17:36:47,16.5,0,23.18,0.84,
0,0.25,12885,36.9,7/21/2026 17:36:47,16.5,0,23.18,0.84,
0,0.378,12890,36.9,7/21/2026 17:36:52,16.5,0,23.22,0.86,
0,0.273,12761.67,36.9,7/21/2026 17:36:58,16.5,0,22.84,1.01,
0,0.273,12761.67,36.9,7/21/2026 17:37:03,16.5,0,23.37,1.14,
0,0.252,12725,36.9,7/21/2026 17:37:08,16.5,0,23.12,1.21,
0,0.341,12695.83,36.9,7/21/2026 17:37:13,16.5,0,23.34,1.22,
0,0.371,12687.5,36.9,7/21/2026 17:37:18,16.5,0,23.21,1.08,
0,0.299,12707.5,36.9,7/21/2026 17:37:22,16.5,0,23.23,0.83,
0,0.299,12707.5,36.9,7/21/2026 17:37:26,16.5,0,23.12,0.87,
0,0.324,12585,36.9,7/21/2026 17:37:31,16.5,0,23.21,1.25,
0,0.257,12484.17,36.9,7/21/2026 17:37:35,16.5,0,23.16,1.37,
0,0.406,12479.17,36.9,7/21/2026 17:37:40,16.5,0,23.15,0.97,
0,0.333,12441.67,36.9,7/21/2026 17:37:41,16.5,0,23.15,0.97,
0,0.236,12408.33,36.9,7/21/2026 17:37:45,16.5,0,22.74,0.88,
0,0.244,12420.83,36.9,7/21/2026 17:37:49,16.5,0,23.26,1.18,
0,0.223,12415,36.9,7/21/2026 17:37:54,16.5,0,23.12,1.11,
0,0.397,12392.5,36.9,7/21/2026 17:37:59,16.5,0,23.15,1.42,
0,0.319,12387.5,36.9,7/21/2026 17:38:04,16.5,0,23.21,1.39,
0,0.352,12347.5,36.9,7/21/2026 17:38:08,16.5,0,23.02,0.83,
0,0.282,12328.33,36.9,7/21/2026 17:38:12,16.5,0,23.13,0.83,
0,0.315,12313.33,36.9,7/21/2026 17:38:17,16.5,0,23.19,1.46,
0,0.359,12258.33,36.9,7/21/2026 17:38:21,16.5,0,23.17,1.06,
0,0.295,12258.33,36.9,7/21/2026 17:38:26,16.5,0,23.12,0.84,
0,0.287,12272.5,36.9,7/21/2026 17:38:31,16.5,0,23.15,1.28,
0,0.323,12291.67,36.9,7/21/2026 17:38:35,16.5,0,23.14,1.09,
0,0.288,12379.17,36.9,7/21/2026 17:38:40,16.5,0,23.12,1.13,
0,0.465,12413.33,36.9,7/21/2026 17:38:45,16.5,0,23.28,1.22,
0,0.415,12412.5,36.9,7/21/2026 17:38:49,16.5,0,23.06,0.97,
0,0.332,12420,36.9,7/21/2026 17:38:53,16.5,0,23.15,1.45,
0,0.319,12342.5,36.9,7/21/2026 17:38:57,16.5,0,23.14,1.38,
0,0.308,12340,36.9,7/21/2026 17:39:01,16.5,0,23.12,1.06,
0,0.385,12345.83,36.9,7/21/2026 17:39:06,16.5,0,22.94,1.24,
0,0.286,12325.83,36.9,7/21/2026 17:39:11,16.5,0,23.15,1.25,
0,0.446,12282.5,36.9,7/21/2026 17:39:11,16.5,0,23.15,1.25,
0,0.303,12293.33,36.9,7/21/2026 17:39:15,16.5,0,23.14,1.43,
0,0.39,12305,36.9,7/21/2026 17:39:19,16.5,0,23.13,1.01,
0,0.366,12260.83,36.9,7/21/2026 17:39:20,16.5,0,23.13,1.01,
0,0.242,12269.17,36.9,7/21/2026 17:39:24,16.5,0,23.16,1.44,
0,0.288,12221.67,36.9,7/21/2026 17:39:29,16.5,0,23.15,1.06,
0,0.252,12195,36.9,7/21/2026 17:39:33,16.5,0,23.12,1,
0,0.286,12192.5,36.9,7/21/2026 17:39:37,16.5,0,23.11,0.9,
0,0.225,12188.33,36.9,7/21/2026 17:39:41,16.5,0,23.09,1.31,
0,0.36,12200.83,36.9,7/21/2026 17:39:46,16.5,0,23.23,0.82,
0,0.392,12304.17,36.9,7/21/2026 17:39:50,16.5,0,23.28,1.4,
0,0.372,12343.33,36.9,7/21/2026 17:39:54,16.5,0,23.19,1.29,
0,0.318,12384.17,36.8,7/21/2026 17:39:58,16.5,0,23.2,1.13,
0,0.329,12380,36.3,7/21/2026 17:40:03,16.5,0,23.24,1.32,
0,0.46,12346.67,36.3,7/21/2026 17:40:07,16.5,0,23.31,0.86,
0,0.166,12378.33,36.3,7/21/2026 17:40:12,16.5,0,23.16,1.06,
0,0.458,12364.17,36.3,7/21/2026 17:40:11,16.5,0,23.16,1.06,
0,0.303,12377.5,36.3,7/21/2026 17:40:16,16.5,0,23.02,1.32,
0,0.39,12420,36.3,7/21/2026 17:40:20,16.5,0,22.94,1.3,
0,0.26,12467.5,36.3,7/21/2026 17:40:25,16.5,0,23.18,0.87,
0,0.3,12445,36.3,7/21/2026 17:40:30,16.5,0,23.16,1.31,
0,0.3,12445,36.3,7/21/2026 17:40:34,16.5,0,23.17,0.92,
0,0.34,12426.67,36.3,7/21/2026 17:40:38,16.5,0,23.29,1.43,
0,0.364,12415.83,36.3,7/21/2026 17:40:42,16.5,0,23.17,1.39,
0,0.406,12411.67,36.3,7/21/2026 17:40:46,16.5,0,23.15,1.05,
0,0.285,12425,36.3,7/21/2026 17:40:51,16.5,0,23.14,1.38,
0,0.406,12439.17,36.3,7/21/2026 17:40:55,16.5,0,23.26,1,
0,0.406,12439.17,36.3,7/21/2026 17:40:59,16.5,0,23.31,1.46,
0,0.449,12295,36.3,7/21/2026 17:41:04,16.5,0,23.17,1.24,
0,0.412,12196.67,36.3,7/21/2026 17:41:08,16.5,0,23.22,1.31,
0,0.37,12125.83,36.3,7/21/2026 17:41:12,16.5,0,23.12,1.24,
0,0.353,12085.83,36.7,7/21/2026 17:41:16,16.5,0,23.12,1.29,
0,0.421,12078.33,36.3,7/21/2026 17:41:20,16.5,0,23.14,0.87,
0,0.372,12063.33,36.7,7/21/2026 17:41:20,16.5,0,23.14,0.87,
0,0.398,12099.17,36.3,7/21/2026 17:41:25,16.5,0,23.14,1.34,
0,0.376,12034.17,36.3,7/21/2026 17:41:29,16.5,0,23.12,0.96,
0,0.32,11967.5,36.3,7/21/2026 17:41:33,16.5,0,23.36,0.93,
0,0.302,11765,36.3,7/21/2026 17:41:37,16.5,0,23.09,1.1,
0,0.31,11769.17,35.7,7/21/2026 17:41:41,16.5,0,23.04,1.47,
0,0.369,11742.5,35.6,7/21/2026 17:41:45,16.5,0,22.99,0.9,
0,0.43,11678.33,35.6,7/21/2026 17:41:45,16.5,0,22.99,0.9,
0,0.195,11596.67,35.6,7/21/2026 17:41:50,16.5,0,23.15,1.36,
0,0.367,11548.33,35.6,7/21/2026 17:41:55,16.5,0,23.04,1.25,
0,0.341,11551.67,35.6,7/21/2026 17:41:59,16.5,0,23.03,1.43,
0,0.319,11578.33,35.6,7/21/2026 17:42:04,16.5,0,23.15,0.89,
0,0.388,11585.83,35.6,7/21/2026 17:42:08,16.5,0,23.07,1.26,
0,0.346,11690.83,35.6,7/21/2026 17:42:12,16.5,0,23.08,1.39,
0,0.352,11677.5,35.6,7/21/2026 17:42:16,16.5,0,23.13,1.05,
0,0.292,11630,35.6,7/21/2026 17:42:20,16.5,0,23.08,1.13,
0,0.367,11645.83,35.6,7/21/2026 17:42:25,16.5,0,23.09,1.23,
0,0.365,11641.67,35.6,7/21/2026 17:42:29,16.5,0,23.09,1.36,
0,0.354,11596.67,35.7,7/21/2026 17:42:29,16.5,0,23.09,1.36,
0,0.312,11600.83,35.9,7/21/2026 17:42:33,16.5,0,23.04,0.83,
0,0.317,11607.5,36.3,7/21/2026 17:42:37,16.5,0,23.03,1.05,
0,0.345,11604.17,36.3,7/21/2026 17:42:42,16.5,0,23.03,1.18,
0,0.243,11605,36.3,7/21/2026 17:42:46,16.5,0,23.1,1.03,
0,0.334,11652.5,36.3,7/21/2026 17:42:50,16.5,0,23.22,1.23,
0,0.336,11685.83,36.3,7/21/2026 17:42:50,16.5,0,23.22,1.23,
0,0.377,11733.33,36.3,7/21/2026 17:42:56,16.5,0,23.16,1.34,
0,0.387,11741.67,36.3,7/21/2026 17:43:02,16.5,0,23.16,0.96,
0,0.195,11749.17,36.3,7/21/2026 17:43:06,16.5,0,23.09,0.9,
0,0.195,11749.17,36.3,7/21/2026 17:43:11,16.5,0,23.11,1.29,
0,0.32,11629.17,36.3,7/21/2026 17:43:15,16.5,0,23.12,1.1,
0,0.406,11618.33,36.3,7/21/2026 17:43:19,16.5,0,23.29,1.26,
0,0.353,11575,36.3,7/21/2026 17:43:23,16.5,0,23.12,1.21,
0,0.298,11540.83,36.3,7/21/2026 17:43:27,16.5,0,23.03,1.06,
0,0.332,11525,36.3,7/21/2026 17:43:32,16.5,0,23.14,1.04,
0,0.267,11525,36.3,7/21/2026 17:43:36,16.5,0,23.05,0.83,
0,0.235,11514.17,36.3,7/21/2026 17:43:40,16.5,0,23.14,1.18,
0,0.228,11520,36.3,7/21/2026 17:43:44,16.5,0,23.11,1.15,
0,0.241,11508.33,36.3,7/21/2026 17:43:48,16.5,0,23.14,1.24,
0,0.234,11510,36.3,7/21/2026 17:43:53,16.5,0,23.09,0.84,
0,0.356,11485,36.3,7/21/2026 17:43:57,16.5,0,23.03,0.83,
0,0.321,11468.33,36.3,7/21/2026 17:44:01,16.5,0,23.09,1.13,
0,0.228,11463.33,36.3,7/21/2026 17:44:06,16.5,0,23.07,0.94,
0,0.256,11470.83,35.6,7/21/2026 17:44:10,16.5,0,23.1,0.96,
0,0.295,11462.5,35.6,7/21/2026 17:44:15,16.5,0,23.07,0.92,
0,0.243,11455.83,35.6,7/21/2026 17:44:20,16.5,0,23.22,1.2,
0,0.243,11455.83,35.6,7/21/2026 17:44:20,16.5,0,23.22,1.2,
0,0.344,11463.33,35.6,7/21/2026 17:44:24,16.5,0,23.05,1.49,
0,0.344,11463.33,35.6,7/21/2026 17:44:28,16.5,0,23.06,1.42,
0,0.392,11424.17,35.6,7/21/2026 17:44:32,16.5,0,23.1,1.48,
0,0.273,11378.33,35.6,7/21/2026 17:44:37,16.5,0,23.23,1.46,
0,0.318,11346.67,35.6,7/21/2026 17:44:41,16.5,0,23.1,1.27,
0,0.316,11284.17,35.2,7/21/2026 17:44:46,16.5,0,23.04,1.46,
0,0.407,11150,35.2,7/21/2026 17:44:51,16.5,0,23.21,1.01,
0,0.375,11032.5,35.2,7/21/2026 17:44:55,16.5,0,23.04,1.45,
0,0.42,10920,35.2,7/21/2026 17:45:00,16.5,0,23.09,0.82,
0,0.35,10915.83,35.2,7/21/2026 17:45:00,16.5,0,23.09,0.82,
0,0.292,10922.5,35.2,7/21/2026 17:45:04,16.5,0,23.01,1.02,
0,0.309,10980.83,35.2,7/21/2026 17:45:09,16.5,0,23.12,0.88,
0,0.3,11004.17,35.2,7/21/2026 17:45:09,16.5,0,23.12,0.88,
0,0.3,11004.17,35.2,7/21/2026 17:45:12,16.5,0,23.07,1.24,
0,0.387,10774.17,35.2,7/21/2026 17:45:18,16.5,0,23.13,1.01,
0,0.309,10717.5,35.2,7/21/2026 17:45:23,16.5,0,23.1,1.07,
0,0.338,10368.33,35.2,7/21/2026 17:45:27,16.5,0,22.92,1.32,
0,0.338,10368.33,35.2,7/21/2026 17:45:31,16.5,0,22.92,0.97,
0,0.237,10477.5,35.2,7/21/2026 17:45:36,16.5,0,23.09,0.9,
0,0.274,10562.5,35.2,7/21/2026 17:45:40,16.5,0,22.94,1.45,
0,0.317,10645,35.2,7/21/2026 17:45:44,16.5,0,22.99,1.24,
0,0.443,10662.5,35.2,7/21/2026 17:45:48,16.5,0,22.81,1.27,
0,0.261,10621.67,35.2,7/21/2026 17:45:52,16.5,0,23.18,0.97,
0,0.31,10474.17,35.2,7/21/2026 17:45:57,16.5,0,22.83,1.18,
0,0.454,10393.33,35.2,7/21/2026 17:46:01,16.5,0,23.09,1.3,
0,0.249,10517.5,35.2,7/21/2026 17:46:06,16.5,0,22.99,1.32,
0,0.307,10508.33,35.2,7/21/2026 17:46:11,16.5,0,22.89,1.28,
0,0.216,10380.83,34.8,7/21/2026 17:46:15,16.5,0,22.89,0.98,
0,0.286,10296.67,34.7,7/21/2026 17:46:19,16.5,0,23.02,0.89,
0,0.267,10297.5,34.7,7/21/2026 17:46:23,16.5,0,22.88,1.26,
0,0.405,10213.33,34.7,7/21/2026 17:46:23,16.5,0,22.88,1.26,
0,0.244,9981.67,34.7,7/21/2026 17:46:28,16.5,0,22.99,1.12,
0,0.333,9957.5,34.7,7/21/2026 17:46:33,16.5,0,22.83,1.41,
0,0.333,9957.5,34.7,7/21/2026 17:46:37,16.5,0,22.97,0.91,
0,0.282,9906.67,34.7,7/21/2026 17:46:41,16.5,0,22.84,1.19,
0,0.269,10105.83,34.7,7/21/2026 17:46:45,16.5,0,22.72,0.82,
0,0.347,9990,34.7,7/21/2026 17:46:49,16.5,0,22.84,0.97,
0,0.359,9834.17,34.7,7/21/2026 17:46:53,16.5,0,22.86,0.85,
0,0.312,9687.5,34.7,7/21/2026 17:46:58,16.5,0,22.66,0.8,
0,0.214,8752.5,34.7,7/21/2026 17:47:02,16.5,0,22.46,1.03,
0,0.298,8507.5,34.7,7/21/2026 17:47:06,16.5,0,22.37,1.37,
0,0.282,8985.83,34.6,7/21/2026 17:47:11,16.5,0,22.59,1.42,
0,0.329,8082.5,34.4,7/21/2026 17:47:16,16.5,0,21.91,1.02,
0,0.197,6809.17,34.2,7/21/2026 17:47:21,16.5,0,21.54,0.96,
0,0.424,6993.33,34.2,7/21/2026 17:47:25,16.5,0,21.71,0.97,
0,0.482,7508.33,34.2,7/21/2026 17:47:29,16.5,0,22.21,0.96,
0,0.626,8420.83,34.2,7/21/2026 17:47:33,16.5,0,22.43,0.85,
0,0.72,9015,34.2,7/21/2026 17:47:38,16.5,0,22.72,1.15,
0,0.769,9738.33,33.8,7/21/2026 17:47:42,16.5,0,22.8,1.16,
0,0.657,9740.83,33.8,7/21/2026 17:47:46,16.5,0,22.83,1.27,
0,0.667,9580.83,33.8,7/21/2026 17:47:50,16.5,0,22.82,1.26,
0,0.619,9750,33.8,7/21/2026 17:47:54,16.5,0,22.74,1.1,
0,0.667,9850.83,33.8,7/21/2026 17:47:59,16.5,0,22.89,0.83,
0,0.604,9930.83,33.8,7/21/2026 17:48:05,16.5,0,23.13,1.26,
0,0.705,9964.17,33.8,7/21/2026 17:48:09,16.5,0,23.03,1.45,
0,0.65,9985,33.8,7/21/2026 17:48:14,16.5,0,22.92,0.86,
0,0.628,9951.67,33.8,7/21/2026 17:48:18,16.5,0,22.94,0.97,
0,0.746,9945.83,33.8,7/21/2026 17:48:22,16.5,0,22.86,1.18,
0,0.739,9946.67,33.8,7/21/2026 17:48:26,16.5,0,23.01,1.28,
0,0.716,9932.5,33.8,7/21/2026 17:48:31,16.5,0,23.1,1.02,
0,0.681,9930.83,33.8,7/21/2026 17:48:36,16.5,0,23.02,1.08,
0,0.681,9930.83,33.8,7/21/2026 17:48:36,16.5,0,23.02,1.08,
0,0.593,9955,33.8,7/21/2026 17:48:48,16.5,0,22.79,1.45,
0,0.593,9955,33.8,7/21/2026 17:48:52,16.5,0,23.1,1.23,
0,0.551,9862.5,33.8,7/21/2026 17:48:53,16.5,0,23.1,1.23,
0,0.628,9846.67,33.8,7/21/2026 17:48:57,16.5,0,22.93,0.88,
0,0.675,9808.33,33.8,7/21/2026 17:49:02,16.5,0,22.9,1.02,
0,0.588,9819.17,33.8,7/21/2026 17:49:07,16.5,0,22.93,1.06,
0,0.821,9830.83,33.8,7/21/2026 17:49:12,16.5,0,22.91,1.2,
0,0.821,9830.83,33.8,7/21/2026 17:49:12,16.5,0,22.91,1.2,
0,0.643,9767.5,33.8,7/21/2026 17:49:16,16.5,0,22.87,1.06,
0,0.667,9685,33.8,7/21/2026 17:49:21,16.5,0,22.97,0.82,
0,0.65,9603.33,33.8,7/21/2026 17:49:25,16.5,0,22.74,1.37,
0,0.746,9615,34.2,7/21/2026 17:49:30,16.5,0,22.83,1.16,
0,0.746,9615,34.2,7/21/2026 17:49:30,16.5,0,22.83,1.16,
0,0.716,9604.17,34.2,7/21/2026 17:49:34,16.5,0,22.83,1.45,
0,0.671,9638.33,34.2,7/21/2026 17:49:38,16.5,0,22.85,1.12,
0,0.84,9631.67,34.2,7/21/2026 17:49:43,16.5,0,23.04,1.18,
0,0.739,9663.33,34.2,7/21/2026 17:49:48,16.5,0,22.83,1.08,
0,0.581,9666.67,34.2,7/21/2026 17:49:52,16.5,0,22.94,1.38,
0,0.72,9690.83,34.2,7/21/2026 17:49:57,16.5,0,22.83,1.04,
0,0.744,9640,34.2,7/21/2026 17:50:02,16.5,0,22.81,0.93,
0,0.892,9555.83,34.2,7/21/2026 17:50:07,16.5,0,22.91,1.19,
0,0.734,9537.5,34.2,7/21/2026 17:50:12,16.5,0,22.62,1.16,
0,0.736,9579.17,34.2,7/21/2026 17:50:16,16.5,0,22.76,0.84,
0,0.734,9123.33,34.2,7/21/2026 17:50:21,16.5,0,22.99,1.45,
0,0.78,8997.5,34.2,7/21/2026 17:50:26,16.5,0,22.63,1.42,
0,0.658,8904.17,34.2,7/21/2026 17:50:32,16.5,0,22.33,0.91,
0,0.66,9138.33,34.2,7/21/2026 17:50:37,16.5,0,22.64,1.03,
0,0.672,9190.83,34.2,7/21/2026 17:50:42,16.5,0,22.66,1.45,
0,0.716,9290.83,34.2,7/21/2026 17:50:42,16.5,0,22.66,1.45,
0,0.772,9363.33,34.2,7/21/2026 17:50:46,16.5,0,22.53,1.37,
0,0.733,9356.67,34.2,7/21/2026 17:50:53,16.5,0,22.63,0.85,
0,0.622,9361.67,34.2,7/21/2026 17:50:57,16.5,0,22.78,1.33,
0,0.715,9397.5,34.2,7/21/2026 17:51:02,16.5,0,22.64,1.42,
0,0.814,9403.33,34.2,7/21/2026 17:51:06,16.5,0,22.57,1.02,
0,0.803,9448.33,34.2,7/21/2026 17:51:11,16.5,0,22.89,1.04,
0,0.735,9505,34.2,7/21/2026 17:51:17,16.5,0,22.45,1.02,
0,0.781,9495.83,34.2,7/21/2026 17:51:21,16.5,0,22.51,1.38,
0,0.708,9530,34.2,7/21/2026 17:51:26,16.5,0,22.51,1.12,
0,0.867,9518.33,34.2,7/21/2026 17:51:30,16.5,0,22.5,0.91,
0,0.714,9500,34.2,7/21/2026 17:51:35,16.5,0,22.37,1.11,
0,0.714,9500,34.2,7/21/2026 17:51:40,16.5,0,22.43,1.14,
0,0.756,9509.17,34.2,7/21/2026 17:51:45,16.5,0,22.4,1.14,
0,0.728,9502.5,34.2,7/21/2026 17:51:49,16.5,0,22.4,0.96,
0,0.746,9495.83,34.2,7/21/2026 17:51:53,16.5,0,22.37,1.26,
0,0.77,9493.33,34.2,7/21/2026 17:51:58,16.5,0,22.27,1.25,
0,0.953,9469.17,34.2,7/21/2026 17:51:58,16.5,0,22.27,1.25,
0,0.742,9453.33,34.2,7/21/2026 17:52:02,16.5,0,22.5,1.01,
0,0.746,9428.33,34.2,7/21/2026 17:52:06,16.5,0,22.25,1.25,
0,0.713,9415.83,34.2,7/21/2026 17:52:06,16.5,0,22.25,1.25,
0,0.737,9400.83,34.2,7/21/2026 17:52:11,16.5,0,22.33,1.21,
0,0.697,9389.17,34.2,7/21/2026 17:52:16,16.5,0,22.24,1.21,
0,0.763,9385.83,34.2,7/21/2026 17:52:20,16.5,0,22.08,1.37,
0,0.749,9359.17,34.2,7/21/2026 17:52:24,16.5,0,22.18,1.18,
0,0.842,9345.83,34.2,7/21/2026 17:52:29,16.5,0,22.07,1.42,
0,0.779,9325.83,34.2,7/21/2026 17:52:34,16.5,0,22.04,1.21,
0,0.745,9334.17,34.2,7/21/2026 17:52:38,16.5,0,21.96,1.23,
0,0.776,9325.83,34.2,7/21/2026 17:52:43,16.5,0,21.91,1.2,
0,0.823,9309.17,34.2,7/21/2026 17:52:47,16.5,0,22.13,1.43,
0,0.749,9304.17,34.2,7/21/2026 17:52:52,16.5,0,21.76,1.32,
0,0.75,9270.83,34.2,7/21/2026 17:52:56,16.5,0,21.62,1.32,
0,0.877,9235.83,34.2,7/21/2026 17:53:01,16.5,0,21.84,1.42,
0,0.835,9214.17,34.2,7/21/2026 17:53:05,16.5,0,21.74,0.86,
0,0.821,9125,33.8,7/21/2026 17:53:09,16.5,0,21.93,1.37,
0,0.726,9080.83,33.8,7/21/2026 17:53:13,16.5,0,21.67,1.2,
0,0.903,8959.17,33.8,7/21/2026 17:53:18,16.5,0,21.9,0.99,
0,0.989,8900.83,33.8,7/21/2026 17:53:22,16.5,0,21.65,1.17,
0,1.041,8839.17,33.4,7/21/2026 17:53:26,16.5,0,21.59,1.07,
0,1.137,8680,33.3,7/21/2026 17:53:31,16.5,0,21.86,0.84,
0,1.13,8528.33,32.9,7/21/2026 17:53:35,16.5,0,21.56,1.3,
0,1.241,8472.5,32.8,7/21/2026 17:53:40,16.5,0,21.35,1.41,
0,1.315,8392.5,32.8,7/21/2026 17:53:40,16.5,0,21.35,1.41,
0,1.315,8392.5,32.8,7/21/2026 17:53:44,16.5,0,21.49,1.03,
0,1.389,8279.17,32.8,7/21/2026 17:53:49,16.5,0,21.45,1.22,
0,1.26,8011.67,32.8,7/21/2026 17:53:53,16.5,0,21.49,1.1,
0,1.353,7896.67,32.8,7/21/2026 17:53:58,16.5,0,21.54,1.32,
0,1.364,7703.33,32.8,7/21/2026 17:54:02,16.5,0,21.45,1.18,
0,1.392,7511.67,32.8,7/21/2026 17:54:07,16.5,0,21.36,1.11,
0,1.392,7511.67,32.8,7/21/2026 17:54:07,16.5,0,21.36,1.11,
0,1.294,7413.33,32.8,7/21/2026 17:54:12,16.5,0,21.42,1.26,
0,1.213,7316.67,32.8,7/21/2026 17:54:16,16.5,0,21.69,1.44,
0,1.242,7204.17,32.8,7/21/2026 17:54:21,16.5,0,21.53,1,
0,1.242,7204.17,32.8,7/21/2026 17:54:25,16.5,0,21.32,1.32,
0,1.364,6834.17,32.8,7/21/2026 17:54:29,16.5,0,21.38,1.13,
0,1.241,6735,32.8,7/21/2026 17:54:34,16.5,0,21.37,1.14,
0,1.242,6591.67,32.8,7/21/2026 17:54:38,16.5,0,21.39,1.02,
0,1.338,6525,32.8,7/21/2026 17:54:42,16.5,0,21.32,1.49,
0,1.213,6368.33,32.8,7/21/2026 17:54:46,16.5,0,21.65,1.19,
0,1.399,6305,32.8,7/21/2026 17:54:50,16.5,0,21.34,1.33,
0,1.226,6140.83,32.8,7/21/2026 17:54:55,16.5,0,21.38,1.37,
0,1.423,6065.83,32.8,7/21/2026 17:55:00,16.5,0,21.29,1.36,
0,1.289,5956.67,32.8,7/21/2026 17:55:05,16.5,0,21.28,1.25,
0,1.281,5897.5,32.8,7/21/2026 17:55:09,16.5,0,21.08,1.04,
0,1.313,5824.17,32.9,7/21/2026 17:55:14,16.5,0,20.93,1.03,
0,1.353,5826.67,33.3,7/21/2026 17:55:19,16.5,0,21.56,1.3,
0,1.194,5826.67,33.3,7/21/2026 17:55:23,16.5,0,21.29,1.15,
0,1.288,5824.17,33.3,7/21/2026 17:55:28,16.5,0,21.35,0.8,
0,1.306,5823.33,33.3,7/21/2026 17:55:32,16.5,0,21.62,1.27,
0,1.32,5821.67,33.3,7/21/2026 17:55:36,16.5,0,21.45,1.15,
0,1.244,5793.33,33.3,7/21/2026 17:55:41,16.5,0,21.54,1.25,
0,1.276,5784.17,33.3,7/21/2026 17:55:45,16.5,0,21.22,1.04,
0,1.344,5746.67,33.3,7/21/2026 17:55:49,16.5,0,21.08,1.17,
0,1.384,5755.83,33.3,7/21/2026 17:55:54,16.5,0,21.45,1.05,
0,1.209,5725.83,33.3,7/21/2026 17:55:58,16.5,0,21.13,1.23,
0,1.163,5710.83,33.3,7/21/2026 17:56:02,16.5,0,21.22,1.41,
0,1.369,5734.17,32.8,7/21/2026 17:56:07,16.5,0,21.24,1.37,
0,1.265,5710.83,32.8,7/21/2026 17:56:12,16.5,0,21.19,1.38,
0,1.38,5574.17,32.8,7/21/2026 17:56:16,16.5,0,21.41,0.88,
0,1.301,5581.67,32.8,7/21/2026 17:56:22,16.5,0,21.09,1.32,
0,1.351,5565,32.8,7/21/2026 17:56:27,16.5,0,21.38,0.8,
0,1.271,5547.5,32.8,7/21/2026 17:56:32,16.5,0,21.37,1.28,
0,1.41,5534.17,32.8,7/21/2026 17:56:36,16.5,0,21.09,1.03,
0,1.312,5520,32.8,7/21/2026 17:56:41,16.5,0,21.1,0.9,
0,1.219,5496.67,32.8,7/21/2026 17:56:45,16.5,0,20.99,0.81,
0,1.251,5490,32.8,7/21/2026 17:56:49,16.5,0,21.05,0.92,
0,1.399,5475,32.8,7/21/2026 17:56:53,16.5,0,20.86,0.92,
0,1.284,5459.17,32.8,7/21/2026 17:56:59,16.5,0,21.06,1.15,
0,1.243,5451.67,32.8,7/21/2026 17:57:03,16.5,0,21.03,0.95,
0,1.348,5446.67,32.8,7/21/2026 17:57:08,16.5,0,21.24,1.29,
0,1.389,5440.83,32.8,7/21/2026 17:57:12,16.5,0,21,1.23,
0,1.321,5442.5,32.8,7/21/2026 17:57:18,16.5,0,21.1,1.29,
0,1.22,5438.33,32.8,7/21/2026 17:57:18,16.5,0,21.1,1.29,
0,1.243,5437.5,32.8,7/21/2026 17:57:23,16.5,0,20.95,1.1,
0,1.234,5425.83,32.8,7/21/2026 17:57:28,16.5,0,21.19,0.88,
0,1.404,5415,32.8,7/21/2026 17:57:33,16.5,0,20.95,1.11,
0,1.35,5410.83,32.8,7/21/2026 17:57:37,16.5,0,21,0.86,
0,1.305,5410,32.8,7/21/2026 17:57:41,16.5,0,21,1.19,
0,1.268,5428.33,32.8,7/21/2026 17:57:46,16.5,0,21.02,1.09,
0,1.238,5476.67,32.8,7/21/2026 17:57:50,16.5,0,21.15,1.49,
0,1.284,5512.5,32.8,7/21/2026 17:57:55,16.5,0,21.24,1.2,
0,1.181,5528.33,32.8,7/21/2026 17:57:59,16.5,0,21.39,1.4,
0,1.295,5525,32.8,7/21/2026 17:58:03,16.5,0,21.42,1.04,
0,1.339,5520.83,32.8,7/21/2026 17:58:08,16.5,0,21.06,0.92,
0,1.319,5512.5,33.3,7/21/2026 17:58:12,16.5,0,21.25,1.26,
0,1.364,5505.83,33.3,7/21/2026 17:58:16,16.5,0,21.36,1.31,
0,1.267,5492.5,33.3,7/21/2026 17:58:20,16.5,0,21.18,1.38,
0,1.234,5486.67,33.3,7/21/2026 17:58:25,16.5,0,21.18,1.34,
0,1.348,5478.33,33.3,7/21/2026 17:58:30,16.5,0,21.19,1.09,
0,1.304,5472.5,33.3,7/21/2026 17:58:35,16.5,0,21.16,0.96,
0,1.304,5472.5,33.3,7/21/2026 17:58:39,16.5,0,21.11,0.96,
0,1.358,5457.5,33.3,7/21/2026 17:58:44,16.5,0,21.06,1.4,
0,1.294,5469.17,33.3,7/21/2026 17:58:52,16.5,0,21.14,1.42,
0,1.233,5440.83,33.3,7/21/2026 17:58:56,16.5,0,21.45,0.89,
0,1.234,5439.17,33.3,7/21/2026 17:59:01,16.5,0,21.16,1.37,
0,1.395,5425.83,33.3,7/21/2026 17:59:06,16.5,0,21.18,0.81,
0,1.269,5417.5,33.3,7/21/2026 17:59:10,16.5,0,21.51,0.84,
0,1.232,5405.83,33.3,7/21/2026 17:59:14,16.5,0,21.47,1.31,
0,1.232,5405.83,33.3,7/21/2026 17:59:18,16.5,0,21.15,1.09,
0,1.357,5397.5,33.3,7/21/2026 17:59:22,16.5,0,20.94,1.23,
0,1.296,5387.5,33.3,7/21/2026 17:59:22,16.5,0,20.94,1.23,
0,1.279,5380.83,33.3,7/21/2026 17:59:26,16.5,0,21.16,1.11,
0,1.344,5373.33,33.3,7/21/2026 17:59:31,16.5,0,21.3,1.1,
0,1.303,5357.5,33.3,7/21/2026 17:59:35,16.5,0,21.16,0.98,
0,1.208,5340,33.3,7/21/2026 17:59:41,16.5,0,21.18,0.81,
0,1.368,5333.33,32.9,7/21/2026 17:59:45,16.5,0,21.1,1.31,
0,1.351,5318.33,32.8,7/21/2026 17:59:50,16.5,0,21.14,1.43,
0,1.162,5299.17,32.8,7/21/2026 17:59:55,16.5,0,21.18,1.44,
0,1.162,5299.17,32.8,7/21/2026 17:59:55,16.5,0,21.18,1.44,
0,1.475,5290.83,32.8,7/21/2026 17:59:59,16.5,0,21.14,0.81,
0,1.255,5274.17,32.8,7/21/2026 18:00:05,16.5,0,21.25,1.08,
0,1.349,5253.33,32.8,7/21/2026 18:00:10,16.5,0,21.19,1.05,
0,1.229,5243.33,32.8,7/21/2026 18:00:15,16.5,0,21.06,1.27,
0,1.271,5225,32.8,7/21/2026 18:00:20,16.5,0,21.08,1.32,
0,1.298,5214.17,32.8,7/21/2026 18:00:24,16.5,0,21.02,1.03,
0,1.262,5199.17,32.8,7/21/2026 18:00:29,16.5,0,21.15,1.27,
0,1.284,5178.33,32.8,7/21/2026 18:00:33,16.5,0,21,1.08,
0,1.284,5178.33,32.8,7/21/2026 18:00:33,16.5,0,21,1.08,
0,1.291,5170,32.8,7/21/2026 18:00:38,16.5,0,21.14,1.17,
0,1.36,5132.5,32.8,7/21/2026 18:00:49,16.5,0,21.06,0.83,
0,1.307,5123.33,32.8,7/21/2026 18:00:54,16.5,0,21.06,1.22,
0,1.345,5127.5,32.8,7/21/2026 18:00:54,16.5,0,21.06,1.22,
0,1.336,5121.67,32.8,7/21/2026 18:00:59,16.5,0,21.09,1.3,
0,1.339,5116.67,32.8,7/21/2026 18:01:04,16.5,0,21.01,0.9,
0,1.468,5104.17,32.8,7/21/2026 18:01:08,16.5,0,21.06,0.89,
0,1.433,5093.33,32.8,7/21/2026 18:01:13,16.5,0,21.26,0.8,
0,1.336,5087.5,32.8,7/21/2026 18:01:17,16.5,0,21.29,1.09,
0,1.303,5077.5,32.8,7/21/2026 18:01:21,16.5,0,21.11,0.82,
0,1.31,5071.67,32.8,7/21/2026 18:01:25,16.5,0,21.03,1.24,
0,1.339,5064.17,32.8,7/21/2026 18:01:30,16.5,0,21.04,0.97,
0,1.393,5050,32.8,7/21/2026 18:01:39,16.5,0,21.09,0.85,
0,1.386,5034.17,32.8,7/21/2026 18:01:43,16.5,0,21.12,1.17,
0,1.386,5034.17,32.8,7/21/2026 18:01:44,16.5,0,21.12,1.17,
0,1.168,5020,32.8,7/21/2026 18:01:57,16.5,0,21,1.4,
0,1.403,5014.17,32.8,7/21/2026 18:01:59,16.5,0,21.06,1.15,
0,1.397,5008.33,32.8,7/21/2026 18:02:02,16.5,0,20.77,1.13,
0,1.352,4997.5,32.8,7/21/2026 18:02:07,16.5,0,20.85,1.06,
0,1.263,4991.67,32.8,7/21/2026 18:02:11,16.5,0,21.02,1,
0,1.242,4973.33,32.8,7/21/2026 18:02:22,16.5,0,21.03,1.29,
0,1.233,4966.67,32.8,7/21/2026 18:02:26,16.5,0,20.96,1.31,
0,1.318,4960,32.3,7/21/2026 18:02:31,16.5,0,21.1,1.48,
0,1.307,4955,32.3,7/21/2026 18:02:35,16.5,0,20.89,0.92,
0,1.282,4944.17,32.3,7/21/2026 18:02:40,16.5,0,21.03,1.08,
0,1.285,4933.33,32.3,7/21/2026 18:02:45,16.5,0,20.79,1.06,
0,1.31,4927.5,32.3,7/21/2026 18:02:49,16.5,0,20.86,1.45,
0,1.357,4922.5,32.3,7/21/2026 18:02:54,16.5,0,20.95,0.86,
0,1.204,4910,32.3,7/21/2026 18:02:58,16.5,0,20.9,0.81,
0,1.273,4906.67,32.3,7/21/2026 18:03:02,16.5,0,20.95,1.1,
0,1.273,4906.67,32.3,7/21/2026 18:03:02,16.5,0,20.95,1.1,
0,1.333,4903.33,32.3,7/21/2026 18:03:06,16.5,0,21,1.14,
0,1.277,4900,32.3,7/21/2026 18:03:10,16.5,0,21.02,1.31,
0,1.481,4894.17,32.3,7/21/2026 18:03:11,16.5,0,21.02,1.31,
0,1.282,4881.67,32.3,7/21/2026 18:03:22,16.5,0,20.86,1.25,
0,1.26,4871.67,32.3,7/21/2026 18:03:27,16.5,0,20.92,1.44,
0,1.243,4866.67,32.2,7/21/2026 18:03:31,16.5,0,20.86,1.19,
0,1.28,4865,31.9,7/21/2026 18:03:32,16.5,0,20.9,1.26,
0,1.243,4866.67,32.2,7/21/2026 18:03:32,16.5,0,20.9,1.26,
0,1.261,4860,31.8,7/21/2026 18:03:37,16.5,0,20.89,0.84,
0,1.302,4849.17,31.8,7/21/2026 18:03:48,16.5,0,21.26,1.35,
0,1.269,4844.17,31.8,7/21/2026 18:03:52,16.5,0,20.93,1.47,
0,1.297,4835,31.8,7/21/2026 18:03:57,16.5,0,21.19,0.83,
0,1.235,4830.83,31.8,7/21/2026 18:04:02,16.5,0,20.76,0.97,
0,1.268,4820.83,31.8,7/21/2026 18:04:06,16.5,0,21.04,1.06,
0,1.215,4816.67,31.8,7/21/2026 18:04:10,16.5,0,20.84,0.95,
0,1.349,4808.33,31.8,7/21/2026 18:04:16,16.5,0,21.2,1.42,
0,1.349,4808.33,31.8,7/21/2026 18:04:21,16.5,0,20.92,0.97,
0,1.209,4790,32.2,7/21/2026 18:04:25,16.5,0,20.83,1.08,
0,1.24,4770,32,7/21/2026 18:04:29,16.5,0,20.98,0.87,
0,1.24,4770,32,7/21/2026 18:04:29,16.5,0,20.98,0.87,
0,1.363,4761.67,31.9,7/21/2026 18:04:33,16.5,0,20.82,1.04,
0,1.424,4750,31.8,7/21/2026 18:04:38,16.5,0,20.77,1.08,
0,1.207,4747.5,31.9,7/21/2026 18:04:43,16.5,0,20.84,1.17,
0,1.372,4739.17,31.9,7/21/2026 18:04:48,16.5,0,21.24,1.3,
0,1.29,4729.17,31.8,7/21/2026 18:04:52,16.5,0,20.86,1.03,
0,1.311,4723.33,31.8,7/21/2026 18:04:56,16.5,0,20.73,1,
0,1.326,4716.67,32,7/21/2026 18:05:01,16.5,0,20.78,1.12,
0,1.326,4716.67,32,7/21/2026 18:05:05,16.5,0,21.13,0.89,
0,1.38,4712.5,32.1,7/21/2026 18:05:09,16.5,0,21.17,1.22,
0,1.42,4695,32.2,7/21/2026 18:05:14,16.5,0,20.8,0.89,
0,1.42,4695,32.2,7/21/2026 18:05:14,16.5,0,20.8,0.89,
0,1.278,4692.5,31.9,7/21/2026 18:05:18,16.5,0,20.84,1.35,
0,1.275,4688.33,31.8,7/21/2026 18:05:22,16.5,0,21,1.22,
0,1.188,4661.67,31.8,7/21/2026 18:05:28,16.5,0,21.06,1.19,
0,1.298,4592.5,31.8,7/21/2026 18:05:32,16.5,0,20.6,1.22,
0,1.367,4585,31.8,7/21/2026 18:05:37,16.5,0,20.79,1.49,
0,1.444,4570.83,31.8,7/21/2026 18:05:42,16.5,0,20.68,1.17,
0,1.343,4565,31.8,7/21/2026 18:05:46,16.5,0,20.54,1.47,
0,1.219,4566.67,31.8,7/21/2026 18:05:50,16.5,0,20.61,0.96,
0,1.372,4584.17,31.8,7/21/2026 18:05:55,16.5,0,20.54,1.23,
0,1.322,4607.5,31.8,7/21/2026 18:06:00,16.5,0,20.78,1.22,
0,1.294,4610,31.8,7/21/2026 18:06:04,16.5,0,20.76,0.87,
0,1.404,4605.83,31.8,7/21/2026 18:06:09,16.5,0,20.68,1.08,
0,1.357,4592.5,31.8,7/21/2026 18:06:13,16.5,0,20.74,0.81,
0,1.311,4587.5,31.8,7/21/2026 18:06:18,16.5,0,20.76,0.9,
0,1.366,4571.67,31.8,7/21/2026 18:06:23,16.5,0,20.75,0.95,
0,1.336,4546.67,31.8,7/21/2026 18:06:27,16.5,0,20.58,1.13,
0,1.294,4538.33,31.8,7/21/2026 18:06:31,16.5,0,20.47,1.43,
0,1.472,4544.17,31.7,7/21/2026 18:06:36,16.5,0,20.61,1.33,
0,1.396,4530.83,31.8,7/21/2026 18:06:42,16.5,0,20.7,1.11,
0,1.321,4521.67,31.8,7/21/2026 18:06:46,16.5,0,20.63,0.91,
0,1.47,4514.17,31.8,7/21/2026 18:06:51,16.5,0,20.66,1.01,
0,1.362,4506.67,31.8,7/21/2026 18:06:57,16.5,0,20.82,0.99,
0,1.335,4486.67,31.8,7/21/2026 18:07:02,16.5,0,20.68,1.37,
0,1.31,4480,31.8,7/21/2026 18:07:06,16.5,0,20.59,1.08,
0,1.401,4465,31.4,7/21/2026 18:07:12,16.5,0,20.86,1.33,
0,1.435,4458.33,31.3,7/21/2026 18:07:12,16.5,0,20.86,1.33,
0,1.381,4450.83,31.3,7/21/2026 18:07:16,16.5,0,20.64,0.93,
0,1.279,4445,31.3,7/21/2026 18:07:20,16.5,0,20.67,1.33,
0,1.428,4431.67,31.3,7/21/2026 18:07:25,16.5,0,20.67,0.82,
0,1.371,4419.17,31.3,7/21/2026 18:07:30,16.5,0,21.02,1.27,
0,1.359,4410.83,31.3,7/21/2026 18:07:34,16.5,0,21.06,0.89,
0,1.384,4397.5,31.3,7/21/2026 18:07:39,16.5,0,20.58,1.21,
0,1.343,4389.17,31.3,7/21/2026 18:07:43,16.5,0,20.57,0.82,
0,1.523,4378.33,31.3,7/21/2026 18:07:48,16.5,0,20.68,1.45,
0,1.434,4369.17,31.3,7/21/2026 18:07:52,16.5,0,20.56,0.81,
0,1.434,4350,31.3,7/21/2026 18:07:59,16.5,0,20.44,0.83,
0,1.343,4341.67,31.3,7/21/2026 18:08:04,16.5,0,20.61,1.09,
0,1.251,4337.5,31.3,7/21/2026 18:08:09,16.5,0,20.36,1.47,
0,1.362,4330,31.3,7/21/2026 18:08:09,16.5,0,20.36,1.47,
0,1.32,4321.67,31.3,7/21/2026 18:08:13,16.5,0,20.58,1.4,
0,1.302,4317.5,31.4,7/21/2026 18:08:18,16.5,0,20.55,1.36,
0,1.357,4310.83,31.4,7/21/2026 18:08:23,16.5,0,20.48,1.49,
0,1.188,4289.17,31.5,7/21/2026 18:08:29,16.5,0,20.27,0.93,
0,1.431,4282.5,31.7,7/21/2026 18:08:34,16.5,0,20.51,1.24,
0,1.41,4268.33,31.8,7/21/2026 18:08:38,16.5,0,20.44,0.93,
0,1.365,4260,31.8,7/21/2026 18:08:43,16.5,0,20.36,1.45,
0,1.343,4241.67,31.8,7/21/2026 18:08:48,16.5,0,20.43,1.35,
0,1.422,4235.83,31.8,7/21/2026 18:08:52,16.5,0,20.47,1.17,
0,1.379,4219.17,31.8,7/21/2026 18:08:57,16.5,0,20.33,0.88,
0,1.304,4213.33,31.8,7/21/2026 18:09:01,16.5,0,20.36,1.31,
0,1.341,4204.17,31.8,7/21/2026 18:09:05,16.5,0,20.44,0.92,
0,1.461,4190,31.3,7/21/2026 18:09:10,16.5,0,20.28,0.93,
0,1.242,4169.17,31.3,7/21/2026 18:09:14,16.5,0,20.32,1.44,
0,1.379,4152.5,31.3,7/21/2026 18:09:19,16.5,0,20.13,1.28,
0,1.378,4117.5,31.3,7/21/2026 18:09:26,16.5,0,20.17,0.82,
0,1.333,4109.17,31.3,7/21/2026 18:09:30,16.5,0,20.11,1.49,
0,1.234,4102.5,31.3,7/21/2026 18:09:35,16.5,0,20.11,1.06,
0,1.338,4089.17,31.3,7/21/2026 18:09:40,16.5,0,20.18,1.45,
0,1.346,4085.83,31.3,7/21/2026 18:09:44,16.5,0,20.19,1.49,
0,1.502,4077.5,31.3,7/21/2026 18:09:49,16.5,0,20.67,1.37,
0,1.317,4073.33,31.3,7/21/2026 18:09:53,16.5,0,20.14,1.18,
0,1.477,4079.17,31.3,7/21/2026 18:09:57,16.5,0,20.61,1.49,
0,1.39,4085.83,31.3,7/21/2026 18:10:02,16.5,0,20.25,1.22,
0,1.416,4080.83,31.3,7/21/2026 18:10:08,16.5,0,20.27,0.88,
0,1.332,4075,31.3,7/21/2026 18:10:12,16.5,0,20.27,0.8,
0,1.332,4075,31.3,7/21/2026 18:10:17,16.5,0,20.3,1.06,
0,1.319,4057.5,31.3,7/21/2026 18:10:21,16.5,0,20.24,1.03,
0,1.458,4049.17,31.3,7/21/2026 18:10:25,16.5,0,20.32,1.15,
0,1.477,4053.33,31.3,7/21/2026 18:10:25,16.5,0,20.32,1.15,
0,1.458,4049.17,31.3,7/21/2026 18:10:29,16.5,0,20.2,1.38,
0,1.414,4043.33,31.4,7/21/2026 18:10:34,16.5,0,20.16,1.4,
0,1.38,4027.5,31.3,7/21/2026 18:10:38,16.5,0,20.19,1,
0,1.299,4023.33,31.3,7/21/2026 18:10:42,16.5,0,20.51,0.88,
0,1.411,4012.5,31.4,7/21/2026 18:10:49,16.5,0,20.11,1.16,
0,1.279,4000.83,31.3,7/21/2026 18:10:54,16.5,0,20.28,1.1,
0,1.388,3996.67,31.3,7/21/2026 18:10:58,16.5,0,20.36,1.03,
0,1.392,3990.83,31.3,7/21/2026 18:11:02,16.5,0,20.71,0.89,
0,1.238,3974.17,31.3,7/21/2026 18:11:06,16.5,0,20.04,1.37,
0,1.361,3980,31.3,7/21/2026 18:11:06,16.5,0,20.04,1.37,
0,1.337,3970,31.3,7/21/2026 18:11:11,16.5,0,20.19,1.23,
0,1.382,3959.17,31.3,7/21/2026 18:11:17,16.5,0,20.18,0.92,
0,1.295,3951.67,31.3,7/21/2026 18:11:21,16.5,0,20.07,1.38,
0,1.366,3940,31.3,7/21/2026 18:11:26,16.5,0,20.16,0.94,
0,1.431,3929.17,31.3,7/21/2026 18:11:31,16.5,0,20.06,1.32,
0,1.43,3924.17,31.3,7/21/2026 18:11:35,16.5,0,20.67,1.27,
0,1.404,3919.17,31.3,7/21/2026 18:11:39,16.5,0,20.65,1.38,
0,1.359,3905,31.3,7/21/2026 18:11:46,16.5,0,20.14,1.39,
0,1.478,3894.17,31.3,7/21/2026 18:11:50,16.5,0,19.99,1.43,
0,1.478,3894.17,31.3,7/21/2026 18:11:55,16.5,0,20.06,0.86,
0,1.5,3875.83,31.3,7/21/2026 18:11:59,16.5,0,19.96,1.16,
0,1.47,3867.5,31.3,7/21/2026 18:12:04,16.5,0,19.99,1.22,
0,1.441,3862.5,31.3,7/21/2026 18:12:09,16.5,0,19.94,1.49,
0,1.53,3855.83,31.3,7/21/2026 18:12:13,16.5,0,19.96,1.26,
0,1.574,3845.83,31.3,7/21/2026 18:12:18,16.5,0,19.96,0.86,
0,1.462,3840,31.3,7/21/2026 18:12:18,16.5,0,19.96,0.86,
0,1.497,3834.17,31.3,7/21/2026 18:12:22,16.5,0,19.96,0.87,
0,1.481,3828.33,31.3,7/21/2026 18:12:26,16.5,0,19.92,0.89,
0,1.434,3817.5,31.3,7/21/2026 18:12:30,16.5,0,19.87,1,
0,1.492,3810,31.3,7/21/2026 18:12:34,16.5,0,19.97,1.02,
0,1.422,3804.17,31.3,7/21/2026 18:12:39,16.5,0,20.03,1.37,
0,1.317,3792.5,31.3,7/21/2026 18:12:43,16.5,0,19.82,0.9,
0,1.391,3781.67,31.3,7/21/2026 18:12:47,16.5,0,19.97,1.15,
0,1.391,3781.67,31.3,7/21/2026 18:12:47,16.5,0,19.97,1.15,
0,1.487,3773.33,31.3,7/21/2026 18:12:51,16.5,0,19.84,1.42,
0,1.58,3767.5,31.3,7/21/2026 18:12:56,16.5,0,19.7,1.04,
0,1.406,3763.33,31.3,7/21/2026 18:13:01,16.5,0,19.88,1.12,
0,1.425,3750.83,31.3,7/21/2026 18:13:01,16.5,0,19.88,1.12,
0,1.425,3745.83,31.3,7/21/2026 18:13:05,16.5,0,19.62,1.24,
0,1.399,3742.5,31.3,7/21/2026 18:13:09,16.5,0,19.88,1.14,
0,1.497,3731.67,31.3,7/21/2026 18:13:13,16.5,0,19.82,0.9,
0,1.371,3720,31.3,7/21/2026 18:13:18,16.5,0,19.91,1.07,
0,1.475,3713.33,31.3,7/21/2026 18:13:22,16.5,0,19.9,0.82,
0,1.474,3707.5,31.3,7/21/2026 18:13:27,16.5,0,19.74,0.87,
0,1.413,3695,31.3,7/21/2026 18:13:31,16.5,0,19.53,1.14,
0,1.465,3689.17,31.3,7/21/2026 18:13:36,16.5,0,19.85,0.86,
0,1.362,3682.5,31.3,7/21/2026 18:13:40,16.5,0,19.68,0.98,
0,1.524,3669.17,31.3,7/21/2026 18:13:45,16.5,0,20.04,1.49,
0,1.341,3662.5,31.3,7/21/2026 18:13:49,16.5,0,19.68,1.06,
0,1.474,3657.5,31.3,7/21/2026 18:13:50,16.5,0,19.68,1.06,
0,1.399,3651.67,31.3,7/21/2026 18:13:54,16.5,0,19.61,1.24,
0,1.465,3645,31.3,7/21/2026 18:13:58,16.5,0,20.44,1.4,
0,1.478,3633.33,31.3,7/21/2026 18:14:02,16.5,0,19.39,1.21,
0,1.486,3627.5,31.3,7/21/2026 18:14:07,16.5,0,19.59,1.33,
0,1.53,3614.17,31.3,7/21/2026 18:14:11,16.5,0,19.65,1.13,
0,1.482,3609.17,31.3,7/21/2026 18:14:16,16.5,0,19.69,1.22,
0,1.596,3597.5,31.3,7/21/2026 18:14:20,16.5,0,19.77,1.38,
0,1.561,3586.67,31.3,7/21/2026 18:14:24,16.5,0,19.43,1.1,
0,1.463,3580.83,31.3,7/21/2026 18:14:28,16.5,0,19.93,1.04,
0,1.43,3568.33,31.3,7/21/2026 18:14:33,16.5,0,19.79,0.86,
0,1.487,3562.5,31.3,7/21/2026 18:14:37,16.5,0,19.62,1.42,
0,1.351,3549.17,31.3,7/21/2026 18:14:41,16.5,0,19.52,0.88,
0,1.461,3544.17,31.3,7/21/2026 18:14:45,16.5,0,19.46,1.12,
0,1.335,3539.17,31.3,7/21/2026 18:14:49,16.5,0,19.63,0.91,
0,1.535,3525.83,31.3,7/21/2026 18:14:54,16.5,0,19.42,0.85,
0,1.402,3513.33,31.3,7/21/2026 18:15:00,16.5,0,19.5,0.81,
0,1.622,3508.33,31.3,7/21/2026 18:15:04,16.5,0,19.49,1.16,
0,1.482,3497.5,31.3,7/21/2026 18:15:09,16.5,0,19.47,1.1,
0,1.497,3493.33,31.3,7/21/2026 18:15:13,16.5,0,19.29,0.8,
0,1.597,3486.67,31.4,7/21/2026 18:15:17,16.5,0,19.68,1.42,
0,1.459,3474.17,31.5,7/21/2026 18:15:22,16.5,0,19.4,1.24,
0,1.554,3461.67,31.4,7/21/2026 18:15:26,16.5,0,19.46,1.09,
0,1.525,3456.67,31.5,7/21/2026 18:15:30,16.5,0,19.55,0.81,
0,1.479,3446.67,31.7,7/21/2026 18:15:34,16.5,0,19.3,1.32,
0,1.437,3442.5,31.8,7/21/2026 18:15:39,16.5,0,19.46,1.46,
0,1.461,3431.67,31.8,7/21/2026 18:15:43,16.5,0,19.58,1.01,
0,1.404,3427.5,31.8,7/21/2026 18:15:48,16.5,0,19.11,1.01,
0,1.452,3415,31.8,7/21/2026 18:15:52,16.5,0,19.32,0.83,
0,1.558,3405,31.8,7/21/2026 18:15:57,16.5,0,19.28,1.15,
0,1.515,3399.17,31.8,7/21/2026 18:16:01,16.5,0,19.29,1.08,
0,1.534,3389.17,31.8,7/21/2026 18:16:06,16.5,0,19.21,0.95,
0,1.49,3384.17,31.8,7/21/2026 18:16:10,16.5,0,19.47,0.9,
0,1.466,3379.17,31.7,7/21/2026 18:16:15,16.5,0,19.28,1,
0,1.546,3367.5,31.6,7/21/2026 18:16:20,16.5,0,19.11,1.38,
0,1.378,3361.67,31.5,7/21/2026 18:16:24,16.5,0,19.18,1.12,
0,1.526,3350,31.3,7/21/2026 18:16:29,16.5,0,19.26,0.95,
0,1.4,3339.17,31.3,7/21/2026 18:16:33,16.5,0,19.87,0.97,
0,1.49,3331.67,31.3,7/21/2026 18:16:37,16.5,0,19.16,0.94,
0,1.551,3324.17,31.3,7/21/2026 18:16:42,16.5,0,18.98,1.13,
0,1.491,3315.83,31.3,7/21/2026 18:16:49,16.5,0,19.01,0.88,
0,1.53,3310.83,31.3,7/21/2026 18:16:53,16.5,0,19.25,0.86,
0,1.456,3301.67,31.3,7/21/2026 18:16:58,16.5,0,18.99,1.44,
0,1.435,3292.5,31.3,7/21/2026 18:17:02,16.5,0,19.37,1.33,
0,1.406,3286.67,31.3,7/21/2026 18:17:07,16.5,0,19.12,1.38,
0,1.485,3275.83,31.3,7/21/2026 18:17:12,16.5,0,19.05,0.99,
0,1.608,3268.33,31.3,7/21/2026 18:17:17,16.5,0,19,1.07,
0,1.453,3258.33,31.3,7/21/2026 18:17:23,16.5,0,19.23,0.92,
0,1.431,3245,31.3,7/21/2026 18:17:28,16.5,0,19.16,1.37,
0,1.497,3235,31.3,7/21/2026 18:17:33,16.5,0,19.53,1.09,
0,1.503,3230.83,31.3,7/21/2026 18:17:38,16.5,0,19.06,1.26,
0,1.605,3226.67,31.3,7/21/2026 18:17:38,16.5,0,19.06,1.26,
0,1.408,3220,31.3,7/21/2026 18:17:43,16.5,0,18.9,0.92,
0,1.476,3215,31.3,7/21/2026 18:17:47,16.5,0,19.09,1.23,
0,1.53,3210,31.3,7/21/2026 18:17:51,16.5,0,18.9,1.2,
0,1.483,3194.17,31.3,7/21/2026 18:17:57,16.5,0,18.81,1.34,
0,1.575,3184.17,31.3,7/21/2026 18:18:02,16.5,0,18.93,0.94,
0,1.485,3179.17,31.3,7/21/2026 18:18:06,16.5,0,18.7,1,
0,1.474,3172.5,31.3,7/21/2026 18:18:06,16.5,0,18.7,1,
0,1.45,3165.83,31.3,7/21/2026 18:18:11,16.5,0,18.72,1.15,
0,1.431,3153.33,31.3,7/21/2026 18:18:15,16.5,0,18.89,1.02,
0,1.598,3149.17,31.3,7/21/2026 18:18:20,16.5,0,19.71,1.16,
0,1.555,3137.5,31.3,7/21/2026 18:18:25,16.5,0,18.62,1.44,
0,1.566,3130.83,31.3,7/21/2026 18:18:29,16.5,0,18.82,1.35,
0,1.587,3109.17,31.3,7/21/2026 18:18:41,16.5,0,18.64,1.19,
0,1.587,3109.17,31.3,7/21/2026 18:18:41,16.5,0,18.61,0.92,
0,1.519,3112.5,31.3,7/21/2026 18:18:41,16.5,0,18.64,1.19,
0,1.568,3105.83,31.3,7/21/2026 18:18:46,16.5,0,18.56,1.33,
0,1.429,3096.67,31.3,7/21/2026 18:18:50,16.5,0,18.59,1.09,
0,1.535,3091.67,31.3,7/21/2026 18:18:55,16.5,0,18.95,0.98,
0,1.588,3085.83,31.3,7/21/2026 18:18:55,16.5,0,18.95,0.98,
0,1.439,3080.83,31.3,7/21/2026 18:19:00,16.5,0,18.56,1.41,
0,1.593,3076.67,31.3,7/21/2026 18:19:04,16.5,0,18.61,1.08,
0,1.593,3076.67,31.3,7/21/2026 18:19:04,16.5,0,18.61,1.08,
0,1.593,3076.67,31.3,7/21/2026 18:19:10,16.5,0,19.69,1.45,
0,1.498,3057.5,31.3,7/21/2026 18:19:15,16.5,0,19.62,1.04,
0,1.463,3068.33,31.3,7/21/2026 18:19:19,16.5,0,18.53,0.89,
0,1.577,3048.33,31.3,7/21/2026 18:19:19,16.5,0,18.53,0.89,
0,1.548,3044.17,31.3,7/21/2026 18:19:24,16.5,0,19.04,1.07,
0,1.539,3035.83,31.3,7/21/2026 18:19:29,16.5,0,18.44,0.87,
0,1.56,3031.67,31.3,7/21/2026 18:19:33,16.5,0,18.45,1.44,
0,1.533,3022.5,31.3,7/21/2026 18:19:38,16.5,0,18.7,1.35,
0,1.551,3014.17,31.3,7/21/2026 18:19:42,16.5,0,18.5,1.23,
0,1.562,3009.17,31.3,7/21/2026 18:19:47,16.5,0,18.63,1.31,
0,1.45,3004.17,31.3,7/21/2026 18:19:52,16.5,0,18.6,1.43,
0,1.494,2982.5,31.3,7/21/2026 18:20:03,16.5,0,18.96,0.83,
0,1.57,2977.5,31.3,7/21/2026 18:20:06,16.5,0,18.5,1.19,
0,1.455,2969.17,31.3,7/21/2026 18:20:11,16.5,0,18.5,1.04,
0,1.516,2960.83,31.3,7/21/2026 18:20:19,16.5,0,18.74,0.86,
0,1.431,2952.5,31.3,7/21/2026 18:20:23,16.5,0,18.41,0.84,
0,1.641,2948.33,31.3,7/21/2026 18:20:27,16.5,0,18.96,0.99,
0,1.449,2941.67,31.3,7/21/2026 18:20:32,16.5,0,18.7,1.46,
0,1.557,2936.67,31.3,7/21/2026 18:20:36,16.5,0,18.53,1.38,
0,1.372,2928.33,31.3,7/21/2026 18:20:41,16.5,0,18.23,1.25,
0,1.549,2921.67,31.3,7/21/2026 18:20:46,16.5,0,19.12,1.39,
0,1.559,2917.5,31.3,7/21/2026 18:20:51,16.5,0,18.24,1.34,
0,1.493,2915,31.3,7/21/2026 18:20:51,16.5,0,18.24,1.34,
0,1.431,2910.83,31.3,7/21/2026 18:20:55,16.5,0,18.57,1.02,
0,1.423,2905.83,31.3,7/21/2026 18:20:59,16.5,0,18.32,1.35,
0,1.567,2897.5,31.3,7/21/2026 18:21:03,16.5,0,18.32,1.21,
0,1.364,2890.83,31.3,7/21/2026 18:21:08,16.5,0,18.26,1.07,
0,1.496,2885.83,31.3,7/21/2026 18:21:12,16.5,0,18.15,0.84,
0,1.486,2879.17,31.3,7/21/2026 18:21:17,16.5,0,18.5,1.39,
0,1.464,2875.83,31.3,7/21/2026 18:21:21,16.5,0,18.99,0.93,
0,1.569,2868.33,31.3,7/21/2026 18:21:26,16.5,0,17.99,0.81,
0,1.589,2861.67,31.3,7/21/2026 18:21:30,16.5,0,18.11,0.94,
0,1.413,2856.67,31.3,7/21/2026 18:21:35,16.5,0,18.01,1.17,
0,1.492,2849.17,31.3,7/21/2026 18:21:41,16.5,0,19.07,0.94,
0,1.413,2841.67,31.3,7/21/2026 18:21:46,16.5,0,18.1,0.83,
0,1.609,2836.67,31.3,7/21/2026 18:21:50,16.5,0,18.05,0.99,
0,1.374,2829.17,31.3,7/21/2026 18:21:54,16.5,0,18.5,1.12,
0,1.34,2825.83,31.3,7/21/2026 18:21:58,16.5,0,18.08,0.8,
0,1.469,2819.17,31.3,7/21/2026 18:22:03,16.5,0,18.03,1.41,
0,1.433,2816.67,31.3,7/21/2026 18:22:07,16.5,0,18.1,1.22,
0,1.46,2809.17,31.3,7/21/2026 18:22:12,16.5,0,18.08,1.49,
0,1.444,2804.17,31.3,7/21/2026 18:22:16,16.5,0,18.4,0.94,
0,1.514,2796.67,31.3,7/21/2026 18:22:21,16.5,0,18.12,0.99,
0,1.486,2793.33,31.3,7/21/2026 18:22:25,16.5,0,17.89,0.91,
0,1.434,2781.67,31.3,7/21/2026 18:22:32,16.5,0,17.88,1.47,
0,1.569,2777.5,31.3,7/21/2026 18:22:37,16.5,0,17.83,1.04,
0,1.646,2774.17,31.3,7/21/2026 18:22:41,16.5,0,19.07,1.11,
0,1.602,2765,30.8,7/21/2026 18:22:48,16.5,0,17.72,1.09,
0,1.498,2762.5,30.8,7/21/2026 18:22:48,16.5,0,17.72,1.09,
0,1.498,2762.5,30.8,7/21/2026 18:22:52,16.5,0,17.76,0.91,
0,1.463,2758.33,30.8,7/21/2026 18:22:53,16.5,0,17.76,0.91,
0,1.434,2753.33,30.8,7/21/2026 18:22:57,16.5,0,18.22,1.27,
0,1.489,2745,30.8,7/21/2026 18:23:01,16.5,0,17.72,0.93,
0,1.518,2741.67,30.8,7/21/2026 18:23:06,16.5,0,17.9,1.09,
0,1.361,2735,30.8,7/21/2026 18:23:12,16.5,0,17.7,1.04,
0,1.496,2726.67,30.8,7/21/2026 18:23:16,16.5,0,17.75,1.25,
0,1.542,2723.33,30.8,7/21/2026 18:23:20,16.5,0,17.77,1.46,
0,1.459,2716.67,30.8,7/21/2026 18:23:24,16.5,0,18.3,0.91,
0,1.459,2716.67,30.8,7/21/2026 18:23:29,16.5,0,18.29,0.9,
0,1.557,2710,30.8,7/21/2026 18:23:29,16.5,0,18.29,0.9,
0,1.462,2704.17,30.8,7/21/2026 18:23:33,16.5,0,19.1,0.85,
0,1.569,2697.5,30.8,7/21/2026 18:23:38,16.5,0,17.62,0.91,
0,1.54,2689.17,30.8,7/21/2026 18:23:43,16.5,0,18.29,1.49,
0,1.503,2685,30.8,7/21/2026 18:23:48,16.5,0,18.37,1.1,
0,1.505,2680.83,30.8,7/21/2026 18:23:52,16.5,0,18.99,1.25,
0,1.421,2670.83,30.8,7/21/2026 18:23:56,16.5,0,17.41,1.21,
0,1.47,2662.5,30.8,7/21/2026 18:24:01,16.5,0,17.55,1.22,
0,1.47,2662.5,30.8,7/21/2026 18:24:05,16.5,0,17.91,1.35,
0,1.466,2648.33,30.8,7/21/2026 18:24:11,16.5,0,17.72,1.29,
0,1.648,2640,30.8,7/21/2026 18:24:16,16.5,0,17.38,1.11,
0,1.531,2630.83,30.8,7/21/2026 18:24:20,16.5,0,18.52,1.49,
0,1.463,2626.67,30.8,7/21/2026 18:24:25,16.5,0,17.51,1.37,
0,1.517,2621.67,30.5,7/21/2026 18:24:25,16.5,0,17.51,1.37,
0,1.517,2621.67,30.5,7/21/2026 18:24:30,16.5,0,17.48,0.87,
0,1.481,2606.67,30.2,7/21/2026 18:24:34,16.5,0,17.21,1.02,
0,1.505,2603.33,30.2,7/21/2026 18:24:38,16.5,0,18.33,1.06,
0,1.538,2590,30.2,7/21/2026 18:24:45,16.5,0,17.46,1.37,
0,1.488,2584.17,30.2,7/21/2026 18:24:50,16.5,0,17.55,1.36,
0,1.494,2575.83,30.2,7/21/2026 18:24:54,16.5,0,17.66,0.8,
0,1.563,2570.83,30.2,7/21/2026 18:24:59,16.5,0,17.51,1.34,
0,1.429,2566.67,30.2,7/21/2026 18:24:59,16.5,0,17.51,1.34,
0,1.38,2562.5,30.2,7/21/2026 18:25:03,16.5,0,17.72,1.03,
0,1.478,2553.33,30.2,7/21/2026 18:25:07,16.5,0,17.19,1.31,
0,1.464,2548.33,30.2,7/21/2026 18:25:11,16.5,0,16.92,0.94,
0,1.674,2539.17,30.2,7/21/2026 18:25:16,16.5,0,17.75,1.26,
0,1.674,2539.17,30.2,7/21/2026 18:25:16,16.5,0,17.75,1.26,
0,1.391,2535,30.2,7/21/2026 18:25:21,16.5,0,17.11,1.03,
0,1.528,2530,30.2,7/21/2026 18:25:25,16.5,0,17.44,1.06,
0,1.393,2517.5,30.2,7/21/2026 18:25:30,16.5,0,17.15,0.94,
0,1.468,2513.33,30.2,7/21/2026 18:25:34,16.5,0,16.9,1.47,
0,1.432,2509.17,30.2,7/21/2026 18:25:38,16.5,0,17.05,1.01,
0,1.499,2503.33,30.2,7/21/2026 18:25:43,16.5,0,17.02,0.94,
0,1.459,2493.33,30.2,7/21/2026 18:25:48,16.5,0,16.54,1.34,
0,1.529,2488.33,30.2,7/21/2026 18:25:53,16.5,0,17.01,1.4,
0,1.628,2479.17,30.2,7/21/2026 18:25:53,16.5,0,17.01,1.4,
0,1.494,2473.33,30.2,7/21/2026 18:25:58,16.5,0,17.08,0.98,
0,1.39,2462.5,30.2,7/21/2026 18:26:02,16.5,0,18.2,1.08,
0,1.502,2457.5,30.2,7/21/2026 18:26:07,16.5,0,16.93,0.95,
0,1.51,2448.33,30.2,7/21/2026 18:26:14,16.5,0,16.73,0.93,
0,1.546,2442.5,30.2,7/21/2026 18:26:14,16.5,0,16.73,0.93,
0,1.442,2430.83,30.2,7/21/2026 18:26:21,16.5,0,16.6,1.25,
0,1.425,2422.5,30.2,7/21/2026 18:26:27,16.5,0,16.94,1,
0,1.535,2414.17,30.2,7/21/2026 18:26:33,16.5,0,16.24,1.21,
0,1.62,2404.17,30.2,7/21/2026 18:26:38,16.5,0,16.34,1.03,
0,1.415,2398.33,30.2,7/21/2026 18:26:45,16.5,0,16.87,1.36,
0,1.431,2380.83,30.2,7/21/2026 18:26:52,16.5,0,18.11,0.97,
0,1.492,2376.67,30.2,7/21/2026 18:26:56,16.5,0,16.32,1.03,
0,1.476,2367.5,30.2,7/21/2026 18:27:00,16.5,0,16.67,1.13,
0,1.589,2363.33,30.2,7/21/2026 18:27:06,16.5,0,16.86,0.86,
0,1.508,2351.67,30.2,7/21/2026 18:27:10,16.5,0,16.79,1.08,
0,1.412,2346.67,30.2,7/21/2026 18:27:14,16.5,0,17.81,1.25,
0,1.578,2336.67,30.2,7/21/2026 18:27:19,16.5,0,16.74,1.31,
0,1.524,2332.5,30.2,7/21/2026 18:27:23,16.5,0,15.89,0.92,
0,1.55,2322.5,30.2,7/21/2026 18:27:28,16.5,0,16.4,1.01,
0,1.587,2318.33,30.2,7/21/2026 18:27:32,16.5,0,15.97,1.31,
0,1.588,2305,30.2,7/21/2026 18:27:39,16.5,0,16.06,1.47,
0,1.544,2300,30.2,7/21/2026 18:27:44,16.5,0,17.61,1.02,
0,1.616,2295.83,30.2,7/21/2026 18:27:49,16.5,0,16.24,1.03,
0,1.505,2286.67,30.2,7/21/2026 18:27:55,16.5,0,15.34,1.28,
0,1.45,2277.5,30.2,7/21/2026 18:27:59,16.5,0,15.69,0.96,
0,1.434,2268.33,30.2,7/21/2026 18:28:04,16.5,0,17.11,0.95,
0,1.37,2257.5,30.2,7/21/2026 18:28:12,16.5,0,17.36,1.09,
0,1.37,2257.5,30.2,7/21/2026 18:28:12,16.5,0,17.36,1.09,
0,1.574,2250,30.2,7/21/2026 18:28:16,16.474,0,15.35,0.85,
0,1.559,2245,30.1,7/21/2026 18:28:20,16.461,0,15.5,1.41,
0,1.361,2238.33,30.1,7/21/2026 18:28:24,16.463,0,16.54,1.25,
0,1.53,2234.17,30.1,7/21/2026 18:28:28,16.404,0,15.54,0.85,
0,1.422,2226.67,30.2,7/21/2026 18:28:33,16.366,0,14.97,1.12,
0,1.521,2223.33,30.2,7/21/2026 18:28:37,16.483,0,15.34,1.44,
0,1.491,2216.67,30.2,7/21/2026 18:28:42,16.343,0,16.58,0.99,
0,1.509,2209.17,30.2,7/21/2026 18:28:46,16.357,0,16.54,1.42,
0,1.504,2205.83,30.2,7/21/2026 18:28:50,16.252,0,14.6,1.46,
0,1.505,2199.17,30.2,7/21/2026 18:28:55,16.099,0,15.5,1.03,
0,1.601,2195,30.2,7/21/2026 18:29:00,4.504,0,4.8,0.84,
0,1.506,2187.5,30.2,7/21/2026 18:29:05,4.491,0,4.8,1.01,
0,1.522,2184.17,30.2,7/21/2026 18:29:09,4.49,0,4.82,1.46,
0,1.648,2179.17,30.2,7/21/2026 18:29:13,4.486,0,4.79,1,
0,1.622,2171.67,30.2,7/21/2026 18:29:18,4.48,0,4.79,0.84,
0,1.617,2164.17,30.2,7/21/2026 18:29:22,4.475,0,4.76,1.06,
0,1.532,2160,30.2,7/21/2026 18:29:27,4.471,0,4.77,1.45,
0,1.576,2155,30.2,7/21/2026 18:29:31,4.467,0,4.76,1.36,
0,1.601,2151.67,30.2,7/21/2026 18:29:31,4.463,0,4.76,1.36,
0,1.513,2148.33,30.2,7/21/2026 18:29:35,4.458,0,4.77,0.88,
0,1.574,2145,30.2,7/21/2026 18:29:40,4.454,0,4.75,0.85,
0,1.567,2141.67,30.2,7/21/2026 18:29:44,4.453,0,4.74,1.4,
0,1.605,2131.67,30.2,7/21/2026 18:29:49,4.442,0,4.75,0.91,
0,1.554,2124.17,29.8,7/21/2026 18:29:54,4.436,0,4.74,0.96,
0,1.555,2121.67,29.8,7/21/2026 18:29:59,4.434,0,4.74,1.07,
0,1.506,2115.83,29.8,7/21/2026 18:30:03,4.426,0,4.79,1.2,
0,1.635,2109.17,29.8,7/21/2026 18:30:08,4.42,0,4.74,0.99,
0,1.635,2109.17,29.8,7/21/2026 18:30:08,4.42,0,4.74,0.99,
0,1.491,2105.83,29.8,7/21/2026 18:30:13,4.421,0,4.74,1.38,
0,1.471,2100,29.8,7/21/2026 18:30:17,4.415,0,4.75,1.13,
0,1.525,2097.5,29.8,7/21/2026 18:30:22,4.414,0,4.74,1.27,
0,1.627,2090,29.8,7/21/2026 18:30:27,4.405,0,4.73,1.33,
0,1.653,2083.33,29.8,7/21/2026 18:30:31,4.399,0,4.73,0.83,
0,1.579,2080,29.8,7/21/2026 18:30:36,4.395,0,4.74,1.03,
0,1.579,2080,29.8,7/21/2026 18:30:41,4.395,0,4.74,1.14,
0,1.583,2068.33,29.8,7/21/2026 18:30:45,4.381,0,4.71,1.16,
0,1.502,2077.5,29.8,7/21/2026 18:30:49,4.389,0,4.72,1.27,
0,1.475,2061.67,29.8,7/21/2026 18:30:53,4.375,0,4.64,1.18,
0,1.548,2050.83,29.8,7/21/2026 18:30:59,4.362,0,4.64,1.09,
0,1.548,2050.83,29.8,7/21/2026 18:30:59,4.362,0,4.64,1.09,
0,1.54,2047.5,29.8,7/21/2026 18:31:04,4.361,0,4.71,1.08,
0,1.627,2039.17,29.8,7/21/2026 18:31:09,4.355,0,4.64,0.92,
0,1.515,2036.67,29.8,7/21/2026 18:31:15,4.349,0,4.64,1.17,
0,1.587,2025.83,29.8,7/21/2026 18:31:20,4.344,0,4.63,1.11,
0,1.588,2022.5,29.8,7/21/2026 18:31:24,4.341,0,4.63,1.16,
0,1.638,2015,30.2,7/21/2026 18:31:29,4.336,0,4.71,1.19,
0,1.561,2010.83,30.2,7/21/2026 18:31:33,4.334,0,4.63,0.89,
0,1.616,2007.5,30.2,7/21/2026 18:31:33,4.326,0,4.63,0.89,
0,1.548,2004.17,30.2,7/21/2026 18:31:38,4.325,0,4.63,1.22,
0,1.654,2000,30.2,7/21/2026 18:31:42,4.321,0,4.62,1.28,
0,1.543,1990.83,30.2,7/21/2026 18:31:47,4.312,0,4.64,1.42,
0,1.371,1988.33,30.2,7/21/2026 18:31:51,4.307,0,4.63,0.91,
0,1.524,1985,30.2,7/21/2026 18:31:55,4.303,0,4.62,1.2,
0,1.448,1977.5,30.2,7/21/2026 18:31:59,4.296,0,4.61,1.22,
0,1.611,1973.33,30.2,7/21/2026 18:32:05,4.295,0,4.58,1.01,
0,1.2,1965,30.2,7/21/2026 18:32:09,4.288,0,4.55,1.26,
0,1.475,1949.17,30.2,7/21/2026 18:32:20,4.276,0,4.6,1.49,
0,1.475,1949.17,30.2,7/21/2026 18:32:21,4.276,0,4.55,0.95,
0,1.51,1944.17,30.2,7/21/2026 18:32:21,4.273,0,4.55,0.95,
0,1.54,1940.83,30.2,7/21/2026 18:32:25,4.271,0,4.58,0.89,
0,1.499,1935.83,30.2,7/21/2026 18:32:30,4.266,0,4.57,1.39,
0,1.446,1928.33,30.2,7/21/2026 18:32:34,4.258,0,4.55,0.88,
0,1.546,1924.17,30.2,7/21/2026 18:32:38,4.252,0,4.55,0.85,
0,1.534,1915,30.2,7/21/2026 18:32:42,4.243,0,4.55,1.29,
0,1.491,1912.5,30.2,7/21/2026 18:32:47,4.242,0,4.55,1.17,
0,1.597,1907.5,30.2,7/21/2026 18:32:51,4.239,0,4.54,1.14,
0,1.536,1902.5,30.2,7/21/2026 18:32:56,4.235,0,4.55,1.11,
0,1.633,1885.83,30.2,7/21/2026 18:33:05,4.225,0,4.55,1.19,
0,1.412,1877.5,30.2,7/21/2026 18:33:10,4.219,0,4.53,1.02,
0,1.541,1874.17,30.2,7/21/2026 18:33:14,4.218,0,4.53,1.16,
0,1.564,1866.67,30.2,7/21/2026 18:33:19,4.21,0,4.5,1.43,
0,1.518,1861.67,30.2,7/21/2026 18:33:24,4.21,0,4.52,0.9,
0,1.485,1853.33,30.2,7/21/2026 18:33:29,4.205,0,4.55,0.99,
0,1.485,1853.33,30.2,7/21/2026 18:33:29,4.205,0,4.55,0.99,
0,1.431,1848.33,30.2,7/21/2026 18:33:33,4.198,0,4.55,1.41,
0,1.52,1845,30.2,7/21/2026 18:33:38,4.197,0,4.49,0.87,
0,1.541,1841.67,30.2,7/21/2026 18:33:42,4.199,0,4.5,1.47,
0,1.524,1831.67,29.8,7/21/2026 18:33:47,4.19,0,4.49,1.4,
0,1.434,1827.5,29.8,7/21/2026 18:33:51,4.191,0,4.51,1.47,
0,1.405,1821.67,29.8,7/21/2026 18:33:56,4.187,0,4.49,1.22,
0,1.368,1815,29.8,7/21/2026 18:34:01,4.178,0,4.55,1.09,
0,1.404,1812.5,29.8,7/21/2026 18:34:05,4.179,0,4.52,1.02,
0,1.414,1805.83,29.8,7/21/2026 18:34:09,4.176,0,4.53,1.45,
0,1.552,1802.5,29.8,7/21/2026 18:34:13,4.175,0,4.49,1.17,
0,1.419,1794.17,29.8,7/21/2026 18:34:17,4.17,0,4.49,1.24,
0,1.433,1787.5,29.8,7/21/2026 18:34:22,4.17,0,4.49,0.81,
0,1.424,1784.17,29.8,7/21/2026 18:34:27,4.165,0,4.53,1.25,
0,1.446,1780.83,29.8,7/21/2026 18:34:31,4.165,0,4.47,1.2,
0,1.547,1770,29.8,7/21/2026 18:34:35,4.164,0,4.49,1.44,
0,1.439,1765.83,29.8,7/21/2026 18:34:40,4.16,0,4.47,1.37,
0,1.332,1760.83,29.8,7/21/2026 18:34:45,4.152,0,4.49,1.15,
0,1.484,1757.5,29.8,7/21/2026 18:34:45,4.15,0,4.49,1.15,
0,1.478,1752.5,29.8,7/21/2026 18:34:50,4.156,0,4.44,1.2,
0,1.294,1743.33,29.8,7/21/2026 18:34:54,4.141,0,4.46,1.25,
0,1.392,1740,29.8,7/21/2026 18:34:58,4.146,0,4.44,1.44,
0,1.427,1731.67,29.8,7/21/2026 18:35:03,4.14,0,4.5,1.22,
0,1.461,1727.5,29.8,7/21/2026 18:35:08,4.135,0,4.45,1.38,
0,1.508,1720,29.8,7/21/2026 18:35:13,4.138,0,4.47,0.9,
0,1.471,1710.83,29.8,7/21/2026 18:35:17,4.126,0,4.42,1.03,
0,1.494,1705,29.8,7/21/2026 18:35:22,4.124,0,4.47,1.12,
0,1.529,1707.5,29.8,7/21/2026 18:35:22,4.121,0,4.47,1.12,
0,1.391,1700.83,29.8,7/21/2026 18:35:27,4.113,0,4.47,0.92,
0,1.458,1693.33,29.8,7/21/2026 18:35:32,4.111,0,4.47,1.33,
0,1.557,1690,29.8,7/21/2026 18:35:36,4.11,0,4.44,1.26,
0,1.444,1686.67,29.8,7/21/2026 18:35:41,4.108,0,4.45,1.2,
0,1.399,1675,29.8,7/21/2026 18:35:46,4.099,0,4.42,0.85,
0,1.38,1667.5,29.8,7/21/2026 18:35:51,4.095,0,4.42,1.34,
0,1.496,1664.17,29.8,7/21/2026 18:35:55,4.094,0,4.41,1.43,
0,1.388,1660,29.8,7/21/2026 18:36:00,4.093,0,4.43,1.2,
0,1.424,1650.83,29.8,7/21/2026 18:36:05,4.083,0,4.42,0.96,
0,1.401,1644.17,29.8,7/21/2026 18:36:09,4.078,0,4.38,1.32,
0,1.448,1634.17,29.8,7/21/2026 18:36:17,4.072,0,4.41,1.18,
0,1.448,1634.17,29.8,7/21/2026 18:36:17,4.072,0,4.41,1.18,
0,1.408,1630.83,29.8,7/21/2026 18:36:21,4.069,0,4.41,1.17,
0,1.422,1623.33,29.8,7/21/2026 18:36:27,4.065,0,4.36,1.37,
0,1.451,1616.67,29.8,7/21/2026 18:36:31,4.059,0,4.39,1,
0,1.478,1613.33,29.8,7/21/2026 18:36:36,4.055,0,4.42,1.22,
0,1.437,1601.67,29.8,7/21/2026 18:36:43,4.05,0,4.39,0.81,
0,1.457,1599.17,29.7,7/21/2026 18:36:47,4.046,0,4.36,1.35,
0,1.439,1595,29.4,7/21/2026 18:36:52,4.045,0,4.39,1.35,
0,1.579,1591.67,29.3,7/21/2026 18:36:52,4.041,0,4.39,1.35,
0,1.507,1588.33,29.3,7/21/2026 18:36:56,4.038,0,4.39,0.89,
0,1.413,1582.5,29.3,7/21/2026 18:37:00,4.033,0,4.35,1.01,
0,1.405,1579.17,29.3,7/21/2026 18:37:05,4.033,0,4.36,1.32,
0,1.355,1575.83,29.3,7/21/2026 18:37:09,4.031,0,4.36,1.1,
0,1.461,1570,29.3,7/21/2026 18:37:13,4.026,0,4.36,1.1,
0,1.463,1564.17,29.3,7/21/2026 18:37:17,4.018,0,4.38,1.48,
0,1.373,1560,29.3,7/21/2026 18:37:22,4.016,0,4.35,1.31,
0,1.344,1549.17,29.3,7/21/2026 18:37:29,4.005,0,4.35,0.89,
0,1.381,1546.67,29.3,7/21/2026 18:37:33,4.004,0,4.34,1.44,
0,1.395,1543.33,29.3,7/21/2026 18:37:39,4.002,0,4.35,1.01,
0,1.456,1534.17,29.3,7/21/2026 18:37:45,3.991,0,4.29,1.31,
0,1.412,1528.33,29.3,7/21/2026 18:37:49,3.985,0,4.38,1.13,
0,1.427,1524.17,29.3,7/21/2026 18:37:54,3.981,0,4.33,0.95,
0,1.39,1518.33,29.3,7/21/2026 18:37:59,3.976,0,4.31,0.83,
0,1.446,1515,29.3,7/21/2026 18:38:04,3.972,0,4.32,1.23,
0,1.324,1506.67,29.3,7/21/2026 18:38:09,3.965,0,4.39,1.25,
0,1.501,1499.17,29.3,7/21/2026 18:38:13,3.96,0,4.29,0.84,
0,1.514,1493.33,29.3,7/21/2026 18:38:18,3.956,0,4.28,1.15,
0,1.514,1493.33,29.3,7/21/2026 18:38:18,3.956,0,4.28,1.15,
0,1.509,1490,29.3,7/21/2026 18:38:23,3.95,0,4.32,1.16,
0,1.54,1482.5,29.3,7/21/2026 18:38:28,3.943,0,4.35,1.16,
0,1.467,1478.33,29.3,7/21/2026 18:38:33,3.945,0,4.29,1,
0,1.395,1475,29.3,7/21/2026 18:38:37,3.934,0,4.26,0.98,
0,1.542,1466.67,29.3,7/21/2026 18:38:41,3.925,0,4.28,0.9,
0,1.497,1462.5,29.3,7/21/2026 18:38:46,3.923,0,4.26,0.93,
0,1.484,1455.83,29.3,7/21/2026 18:38:50,3.916,0,4.28,1.04,
0,1.505,1451.67,29.3,7/21/2026 18:38:54,3.91,0,4.25,1.29,
0,1.585,1447.5,29.3,7/21/2026 18:38:58,3.908,0,4.22,1.41,
0,1.439,1441.67,29.3,7/21/2026 18:39:02,3.902,0,4.25,1.38,
0,1.521,1434.17,29.3,7/21/2026 18:39:07,3.896,0,4.25,1.33,
0,1.379,1430.83,29.3,7/21/2026 18:39:11,3.893,0,4.25,0.87,
0,1.449,1422.5,29.3,7/21/2026 18:39:16,3.88,0,4.26,0.85,
0,1.457,1419.17,29.3,7/21/2026 18:39:21,3.881,0,4.23,1.29,
0,1.373,1415,29.3,7/21/2026 18:39:25,3.873,0,4.26,1.03,
0,1.387,1411.67,29.3,7/21/2026 18:39:25,3.866,0,4.26,1.03,
0,1.433,1406.67,29.3,7/21/2026 18:39:29,3.855,0,4.23,1.35,
0,1.311,1400,29.3,7/21/2026 18:39:34,3.85,0,4.23,1.03,
0,1.311,1400,29.3,7/21/2026 18:39:34,3.85,0,4.23,1.03,
0,1.362,1395.83,29.3,7/21/2026 18:39:38,3.847,0,4.22,0.92,
0,1.326,1392.5,29.3,7/21/2026 18:39:42,3.841,0,4.17,1.2,
0,1.357,1386.67,29.3,7/21/2026 18:39:47,3.837,0,4.18,0.93,
0,1.314,1380,29.3,7/21/2026 18:39:51,3.83,0,4.17,1.17,
0,1.313,1376.67,29.3,7/21/2026 18:39:56,3.826,0,4.16,0.96,
0,1.311,1370,29.3,7/21/2026 18:40:00,3.817,0,4.22,1.1,
0,1.399,1366.67,29.3,7/21/2026 18:40:05,3.812,0,4.17,1.05,
0,1.359,1359.17,29.3,7/21/2026 18:40:08,3.801,0,4.19,0.82,
0,1.382,1355,29.3,7/21/2026 18:40:12,3.797,0,4.17,1.01,
0,1.421,1351.67,29.3,7/21/2026 18:40:17,3.797,0,4.15,0.82,
0,1.291,1345,29.3,7/21/2026 18:40:21,3.786,0,4.17,1.02,
0,1.395,1341.67,29.3,7/21/2026 18:40:25,3.782,0,4.15,1.35,
0,1.369,1333.33,29.3,7/21/2026 18:40:30,3.775,0,4.12,0.93,
0,1.376,1326.67,29.3,7/21/2026 18:40:35,3.768,0,4.12,1.09,
0,1.305,1323.33,29.3,7/21/2026 18:40:39,3.765,0,4.14,0.9,
0,1.367,1315.83,29.3,7/21/2026 18:40:44,3.754,0,4.14,0.91,
0,1.369,1310,29.3,7/21/2026 18:40:48,3.746,0,4.15,1.29,
0,1.49,1307.5,29.3,7/21/2026 18:40:52,3.742,0,4.14,1.22,
0,1.342,1301.67,29.3,7/21/2026 18:40:56,3.73,0,4.11,1.39,
0,1.358,1298.33,29.3,7/21/2026 18:41:00,3.727,0,4.12,1.17,
0,1.535,1294.17,29.3,7/21/2026 18:41:05,3.719,0,4.12,1.16,
0,1.535,1294.17,29.3,7/21/2026 18:41:09,3.719,0,4.07,1.12,
0,1.327,1280.83,29.3,7/21/2026 18:41:14,3.704,0,4.12,0.97,
0,1.385,1291.67,29.3,7/21/2026 18:41:14,3.719,0,4.12,0.97,
0,1.385,1291.67,29.3,7/21/2026 18:41:18,3.719,0,4.09,0.9,
0,1.496,1275,29.3,7/21/2026 18:41:18,3.691,0,4.09,0.9,
0,1.215,1272.5,29.3,7/21/2026 18:41:22,3.696,0,4.09,1.15,
0,1.316,1266.67,29.3,7/21/2026 18:41:27,3.686,0,4.06,1.34,
0,1.357,1263.33,29.3,7/21/2026 18:41:31,3.676,0,4.07,1.07,
0,1.364,1256.67,29.3,7/21/2026 18:41:35,3.665,0,4.04,1.18,
0,1.455,1253.33,29.3,7/21/2026 18:41:39,3.658,0,4.05,1.24,
0,1.361,1248.33,29.3,7/21/2026 18:41:44,3.654,0,3.99,0.99,
0,1.256,1241.67,29.3,7/21/2026 18:41:48,3.643,0,4.04,0.9,
0,1.256,1241.67,29.3,7/21/2026 18:41:52,3.643,0,4,1.4,
0,1.478,1230.83,29.3,7/21/2026 18:41:58,3.617,0,3.97,1.15,
0,1.348,1228.33,29.3,7/21/2026 18:42:03,3.611,0,3.99,1.41,
0,1.394,1222.5,29.3,7/21/2026 18:42:07,3.596,0,3.99,1.14,
0,1.252,1219.17,29.3,7/21/2026 18:42:11,3.591,0,3.98,1.26,
0,1.252,1219.17,29.3,7/21/2026 18:42:15,3.591,0,3.96,1.2,
0,1.296,1209.17,29.3,7/21/2026 18:42:20,3.57,0,3.96,1.42,
0,1.353,1202.5,29.3,7/21/2026 18:42:24,3.551,0,3.96,1.45,
0,1.363,1195.83,29.3,7/21/2026 18:42:30,3.531,0,3.96,1.08,
0,1.363,1195.83,29.3,7/21/2026 18:42:30,3.531,0,3.96,1.08,
0,1.301,1190,29.3,7/21/2026 18:42:35,3.524,0,3.9,0.8,
0,1.301,1190,29.3,7/21/2026 18:42:35,3.524,0,3.9,0.8,
0,1.368,1185.83,29.3,7/21/2026 18:42:40,3.521,0,3.93,0.93,
0,1.21,1183.33,29.3,7/21/2026 18:42:44,3.516,0,3.89,0.95,
0,1.29,1177.5,29.3,7/21/2026 18:42:48,3.513,0,3.93,0.86,
0,1.321,1174.17,29.3,7/21/2026 18:42:49,3.51,0,3.93,0.86,
0,1.204,1171.67,29.3,7/21/2026 18:42:53,3.505,0,3.9,1.16,
0,1.177,1165.83,29.3,7/21/2026 18:42:58,3.498,0,3.9,1.09,
0,1.438,1161.67,29.3,7/21/2026 18:43:02,3.498,0,3.89,1.07,
0,1.227,1155,29.3,7/21/2026 18:43:07,3.485,0,3.87,1.03,
0,1.284,1151.67,29.3,7/21/2026 18:43:12,3.481,0,3.86,0.95,
0,1.23,1148.33,29.3,7/21/2026 18:43:12,3.48,0,3.86,0.95,
0,1.248,1144.17,29.3,7/21/2026 18:43:17,3.472,0,3.86,0.95,
0,1.321,1135,29.3,7/21/2026 18:43:24,3.462,0,3.84,0.83,
0,1.247,1132.5,29.3,7/21/2026 18:43:29,3.46,0,3.85,0.89,
0,1.305,1125.83,29.3,7/21/2026 18:43:34,3.449,0,3.86,1.42,
0,1.034,1123.33,29.3,7/21/2026 18:43:38,3.446,0,3.82,1.32,
0,1.168,1120,29.3,7/21/2026 18:43:38,3.447,0,3.82,1.32,
0,1.23,1116.67,29.3,7/21/2026 18:43:43,3.445,0,3.85,1.18,
0,1.17,1110.83,29.3,7/21/2026 18:43:48,3.435,0,3.83,0.92,
0,1.185,1104.17,29.3,7/21/2026 18:43:53,3.423,0,3.82,0.89,
0,1.113,1101.67,29.3,7/21/2026 18:43:56,3.423,0,3.84,0.91,
0,1.189,1095,29.3,7/21/2026 18:44:00,3.417,0,3.82,1.19,
0,1.186,1092.5,29.3,7/21/2026 18:44:05,3.41,0,3.79,1.39,
0,1.233,1087.5,29.3,7/21/2026 18:44:09,3.407,0,3.82,1.02,
0,1.36,1080.83,29.3,7/21/2026 18:44:13,3.401,0,3.77,1.23,
0,1.36,1080.83,29.3,7/21/2026 18:44:13,3.401,0,3.77,1.23,
0,1.229,1078.33,29.3,7/21/2026 18:44:18,3.395,0,3.8,1.13,
0,1.276,1072.5,29.3,7/21/2026 18:44:22,3.392,0,3.77,1.13,
0,1.17,1070,29.3,7/21/2026 18:44:26,3.39,0,3.8,1.32,
0,1.341,1066.67,29.3,7/21/2026 18:44:30,3.386,0,3.77,0.85,
0,1.273,1060.83,29.3,7/21/2026 18:44:34,3.377,0,3.77,0.98,
0,1.23,1055.83,29.3,7/21/2026 18:44:38,3.373,0,3.76,0.87,
0,1.343,1052.5,29.3,7/21/2026 18:44:42,3.368,0,3.81,0.8,
0,1.277,1045.83,29.3,7/21/2026 18:44:47,3.353,0,3.78,1.39,
0,1.201,1040.83,29.3,7/21/2026 18:44:52,3.345,0,3.77,0.85,
0,1.19,1036.67,29.3,7/21/2026 18:44:56,3.339,0,3.77,0.94,
0,1.253,1030.83,29.3,7/21/2026 18:45:03,3.334,0,3.76,1.3,
0,1.186,1024.17,29.3,7/21/2026 18:45:08,3.328,0,3.77,1.18,
0,1.154,1021.67,29.3,7/21/2026 18:45:14,3.325,0,3.75,1.19,
0,1.23,1012.5,29.3,7/21/2026 18:45:19,3.315,0,3.72,1.17,
0,1.335,1009.17,29.3,7/21/2026 18:45:24,3.311,0,3.69,1.4,
0,1.227,1005.83,29.3,7/21/2026 18:45:24,3.309,0,3.69,1.4,
0,1.098,1003.33,29.3,7/21/2026 18:45:28,3.303,0,3.72,1.42,
0,1.188,997.5,29.3,7/21/2026 18:45:33,3.298,0,3.72,1.39,
0,1.277,994.17,29.3,7/21/2026 18:45:37,3.294,0,3.68,1.48,
0,1.232,988.33,29.3,7/21/2026 18:45:44,3.283,0,3.74,0.96,
0,1.255,981.67,29.3,7/21/2026 18:45:49,3.274,0,3.74,1.48,
0,1.198,979.17,29.3,7/21/2026 18:45:53,3.275,0,3.71,1.11,
0,1.198,979.17,29.3,7/21/2026 18:45:57,3.275,0,3.69,1.45,
0,1.349,966.67,29.3,7/21/2026 18:46:02,3.263,0,3.68,1.24,
0,1.184,975.83,29.3,7/21/2026 18:46:02,3.269,0,3.68,1.24,
0,1.126,963.33,29.3,7/21/2026 18:46:08,3.259,0,3.69,1.23,
0,1.16,958.33,29.3,7/21/2026 18:46:12,3.255,0,3.72,1.25,
0,1.211,952.5,29.3,7/21/2026 18:46:17,3.249,0,3.67,1.42,
0,1.173,949.17,29.3,7/21/2026 18:46:24,3.245,0,3.67,1.31,
0,1.09,943.33,29.3,7/21/2026 18:46:28,3.241,0,3.66,1.38,
0,1.257,938.33,29.3,7/21/2026 18:46:32,3.233,0,3.67,1.05,
0,1.181,933.33,29.3,7/21/2026 18:46:37,3.23,0,3.63,1.32,
0,1.256,927.5,29.3,7/21/2026 18:46:44,3.224,0,3.65,0.9,
0,1.223,922.5,29.3,7/21/2026 18:46:49,3.22,0,3.62,0.84,
0,1.192,916.67,29.3,7/21/2026 18:46:53,3.215,0,3.64,1.15,
0,1.256,914.17,29.3,7/21/2026 18:46:58,3.211,0,3.61,1.26,
0,1.311,909.17,29.3,7/21/2026 18:47:02,3.209,0,3.6,1.49,
0,1.295,907.5,29.3,7/21/2026 18:47:07,3.208,0,3.61,0.89,
0,1.247,902.5,29.3,7/21/2026 18:47:12,3.204,0,3.64,1.11,
0,1.216,896.67,29.3,7/21/2026 18:47:16,3.199,0,3.64,1.16,
0,1.127,894.17,29.3,7/21/2026 18:47:21,3.196,0,3.61,0.95,
0,1.281,892.5,29.3,7/21/2026 18:47:22,3.197,0,3.61,0.95,
0,1.36,888.33,29.3,7/21/2026 18:47:26,3.195,0,3.65,0.89,
0,1.368,883.33,29.3,7/21/2026 18:47:31,3.191,0,3.59,1.09,
0,1.315,880,29.3,7/21/2026 18:47:35,3.189,0,3.56,1,
0,1.158,875,29.3,7/21/2026 18:47:40,3.184,0,3.63,1.09,
0,1.164,871.67,29.3,7/21/2026 18:47:44,3.183,0,3.59,1.01,
0,1.141,870,29.3,7/21/2026 18:47:45,3.18,0,3.59,1.01,
0,1.102,867.5,29.3,7/21/2026 18:47:50,3.179,0,3.59,1.17,
0,1.206,861.67,29.3,7/21/2026 18:47:54,3.174,0,3.6,0.96,
0,1.039,859.17,29.3,7/21/2026 18:47:59,3.174,0,3.56,1.31,
0,1.25,847.5,29.3,7/21/2026 18:48:10,3.161,0,3.58,1.27,
0,1.251,845,29.3,7/21/2026 18:48:12,3.159,0,3.56,1.35,
0,1.25,847.5,29.3,7/21/2026 18:48:11,3.161,0,3.56,1.35,
0,1.08,842.5,29.3,7/21/2026 18:48:15,3.158,0,3.56,1.11,
0,1.123,837.5,29.3,7/21/2026 18:48:20,3.156,0,3.57,1.14,
0,1.136,835,29.3,7/21/2026 18:48:25,3.155,0,3.57,1.13,
0,1.176,829.17,29.3,7/21/2026 18:48:29,3.15,0,3.56,1.23,
0,1.088,826.67,29.3,7/21/2026 18:48:33,3.15,0,3.56,0.9,
0,1.08,824.17,29.3,7/21/2026 18:48:37,3.146,0,3.56,1.11,
0,1.147,818.33,29.3,7/21/2026 18:48:41,3.14,0,3.56,1.45,
0,1.084,815.83,29.3,7/21/2026 18:48:45,3.137,0,3.53,1.4,
0,1.083,810.83,29.3,7/21/2026 18:48:49,3.126,0,3.56,0.94,
0,1.035,808.33,29.3,7/21/2026 18:48:53,3.126,0,3.53,1.12,
0,1.127,805.83,29.3,7/21/2026 18:48:57,3.123,0,3.56,1.1,
0,1.221,800.83,29.3,7/21/2026 18:49:03,3.117,0,3.52,1.33,
0,1.089,798.33,29.3,7/21/2026 18:49:03,3.113,0,3.52,1.33,
0,1.025,795,29.3,7/21/2026 18:49:07,3.105,0,3.56,1.12,
0,1.145,792.5,29.3,7/21/2026 18:49:13,3.103,0,3.55,1.36,
0,1.167,785.83,29.3,7/21/2026 18:49:18,3.086,0,3.51,0.85,
0,1.121,782.5,29.3,7/21/2026 18:49:22,3.088,0,3.56,1.13,
0,1.17,777.5,29.3,7/21/2026 18:49:27,3.076,0,3.51,1.42,
0,1.158,775,29.3,7/21/2026 18:49:31,3.071,0,3.54,1.48,
0,1.157,770,29.3,7/21/2026 18:49:36,3.065,0,3.53,1.39,
0,1.128,765,29.3,7/21/2026 18:49:40,3.057,0,3.51,1.47,
0,1.037,761.67,29.3,7/21/2026 18:49:44,3.052,0,3.48,1,
0,1.095,759.17,29.3,7/21/2026 18:49:49,3.046,0,3.48,1.27,
0,1.048,753.33,29.3,7/21/2026 18:49:54,3.035,0,3.5,0.84,
0,1.056,747.5,29.3,7/21/2026 18:49:59,3.022,0,3.45,0.86,
0,1.204,744.17,29.3,7/21/2026 18:50:04,3.015,0,3.47,1.47,
0,1.05,740.83,29.3,7/21/2026 18:50:08,3.008,0,3.45,0.8,
0,1.083,735.83,29.3,7/21/2026 18:50:13,2.995,0,3.48,1.12,
0,1.322,730,29.3,7/21/2026 18:50:18,2.984,0,3.4,1.44,
0,1.322,730,29.3,7/21/2026 18:50:18,2.984,0,3.4,1.44,
0,1.209,727.5,29.3,7/21/2026 18:50:24,2.98,0,3.39,0.92,
0,1.244,721.67,29.3,7/21/2026 18:50:28,2.965,0,3.4,1.06,
0,1.067,716.67,29.3,7/21/2026 18:50:34,2.95,0,3.42,0.81,
0,1.191,714.17,29.3,7/21/2026 18:50:38,2.944,0,3.4,1.39,
0,1.191,714.17,29.3,7/21/2026 18:50:43,2.944,0,3.39,1.1,
0,1.133,708.33,29.3,7/21/2026 18:50:47,2.934,0,3.37,0.85,
0,1.085,700,29.3,7/21/2026 18:50:51,2.921,0,3.37,0.88,
0,1.052,697.5,29.3,7/21/2026 18:50:56,2.915,0,3.31,1.26,
0,1.154,692.5,29.3,7/21/2026 18:51:01,2.913,0,3.37,1.12,
0,1.176,689.17,29.3,7/21/2026 18:51:05,2.908,0,3.37,1.15,
0,1.078,684.17,29.3,7/21/2026 18:51:11,2.903,0,3.37,1.15,
0,1.096,679.17,29.3,7/21/2026 18:51:15,2.898,0,3.35,1.06,
0,1.115,676.67,29.3,7/21/2026 18:51:20,2.894,0,3.35,0.91,
0,1.286,674.17,29.3,7/21/2026 18:51:20,2.892,0,3.35,0.91,
0,1.207,671.67,29.3,7/21/2026 18:51:25,2.888,0,3.28,0.95,
0,1.212,666.67,29.3,7/21/2026 18:51:30,2.884,0,3.34,1.37,
0,1.121,661.67,29.3,7/21/2026 18:51:35,2.874,0,3.34,1.01,
0,1.137,660,29.3,7/21/2026 18:51:40,2.87,0,3.31,1.2,
0,1.15,655,29.3,7/21/2026 18:51:44,2.86,0,3.29,1.44,
0,1.076,650,29.3,7/21/2026 18:51:49,2.853,0,3.31,1.4,
0,1.153,648.33,29.3,7/21/2026 18:51:53,2.851,0,3.29,0.87,
0,1.155,643.33,29.3,7/21/2026 18:51:58,2.832,0,3.34,1.45,
0,1.139,640.83,29.3,7/21/2026 18:52:02,2.834,0,3.29,1.35,
0,0.984,639.17,29.3,7/21/2026 18:52:06,2.826,0,3.28,0.87,
0,1.004,635.83,29.3,7/21/2026 18:52:06,2.814,0,3.28,0.87,
0,1.074,633.33,29.3,7/21/2026 18:52:10,2.809,0,3.28,1,
0,1.076,629.17,29.3,7/21/2026 18:52:14,2.802,0,3.26,0.9,
0,1.152,626.67,29.3,7/21/2026 18:52:19,2.794,0,3.26,1.04,
0,1.103,622.5,29.3,7/21/2026 18:52:23,2.787,0,3.28,1.01,
0,1.244,618.33,29.3,7/21/2026 18:52:28,2.788,0,3.21,1.25,
0,1.082,615.83,29.3,7/21/2026 18:52:32,2.785,0,3.27,1.46,
0,1.173,611.67,29.3,7/21/2026 18:52:37,2.782,0,3.25,1.02,
0,1.249,607.5,29.3,7/21/2026 18:52:42,2.772,0,3.21,1.38,
0,1.086,605,29.3,7/21/2026 18:52:46,2.766,0,3.2,1.09,
0,1.069,601.67,29.3,7/21/2026 18:52:51,2.764,0,3.23,0.95,
0,1.105,599.17,29.3,7/21/2026 18:52:51,2.759,0,3.23,0.95,
0,1.142,597.5,29.3,7/21/2026 18:52:56,2.755,0,3.21,0.83,
0,1.129,595,29.3,7/21/2026 18:53:02,2.752,0,3.17,1.16,
0,1.169,587.5,29.3,7/21/2026 18:53:06,2.737,0,3.25,1.46,
0,1.169,587.5,29.3,7/21/2026 18:53:06,2.737,0,3.25,1.46,
0,1.229,585,29.3,7/21/2026 18:53:11,2.73,0,3.19,1.18,
0,1.125,583.33,29.3,7/21/2026 18:53:16,2.723,0,3.18,1.13,
0,1.147,580,29.3,7/21/2026 18:53:16,2.719,0,3.18,1.13,
0,1.133,577.5,29.3,7/21/2026 18:53:20,2.707,0,3.18,1.04,
0,1.146,573.33,29.3,7/21/2026 18:53:25,2.702,0,3.17,1.29,
0,1.125,570,29.3,7/21/2026 18:53:29,2.699,0,3.17,1.1,
0,1.123,568.33,29.3,7/21/2026 18:53:34,2.695,0,3.16,1.49,
0,1.068,562.5,29.3,7/21/2026 18:53:38,2.691,0,3.17,1.12,
0,1.044,557.5,29.3,7/21/2026 18:53:44,2.689,0,3.17,0.88,
0,1.139,560,29.3,7/21/2026 18:53:42,2.69,0,3.17,0.88,
0,1.062,555,29.3,7/21/2026 18:53:48,2.691,0,3.12,1.06,
0,1.189,551.67,29.3,7/21/2026 18:53:52,2.688,0,3.14,1.42,
0,1.062,549.17,29.3,7/21/2026 18:53:56,2.684,0,3.16,1.37,
0,1.185,545,29.3,7/21/2026 18:54:01,2.684,0,3.17,1.49,
0,1.065,542.5,29.3,7/21/2026 18:54:05,2.684,0,3.16,1.3,
0,1.081,540,29.3,7/21/2026 18:54:10,2.685,0,3.16,0.92,
0,1.1,538.33,29.3,7/21/2026 18:54:10,2.68,0,3.16,0.92,
0,1.123,535.83,29.3,7/21/2026 18:54:14,2.68,0,3.13,1.01,
0,1.093,532.5,29.3,7/21/2026 18:54:23,2.679,0,3.17,1.26,
0,1.124,529.17,29.3,7/21/2026 18:54:29,2.68,0,3.15,0.97,
0,1.138,525,29.3,7/21/2026 18:54:29,2.676,0,3.15,0.97,
0,1.163,522.5,29.3,7/21/2026 18:54:35,2.678,0,3.13,1.43,
0,1.159,518.33,29.3,7/21/2026 18:54:39,2.677,0,3.15,1.43,
0,1.107,516.67,29.3,7/21/2026 18:54:44,2.676,0,3.17,1.02,
0,1.084,511.67,29.3,7/21/2026 18:54:48,2.676,0,3.14,0.96,
0,1.071,507.5,29.3,7/21/2026 18:54:56,2.674,0,3.1,1.06,
0,1.082,504.17,29.3,7/21/2026 18:55:00,2.673,0,3.14,0.91,
0,1.124,500,28.9,7/21/2026 18:55:05,2.675,0,3.13,1.05,
0,1.211,498.33,28.9,7/21/2026 18:55:09,2.674,0,3.13,1.4,
0,1.134,494.17,28.9,7/21/2026 18:55:14,2.669,0,3.17,0.86,
0,1.126,492.5,28.9,7/21/2026 18:55:18,2.671,0,3.13,1.06,
0,0.988,487.5,28.9,7/21/2026 18:55:23,2.665,0,3.13,1.16,
0,1.057,485.83,28.9,7/21/2026 18:55:27,2.672,0,3.16,0.97,
0,0.998,482.5,28.9,7/21/2026 18:55:31,2.668,0,3.12,1.23,
0,0.953,480.83,28.9,7/21/2026 18:55:36,2.666,0,3.17,1.41,
0,1.041,478.33,28.9,7/21/2026 18:55:40,2.667,0,3.15,1.22,
0,1.027,473.33,28.9,7/21/2026 18:55:45,2.666,0,3.17,1.27,
0,1.129,471.67,28.9,7/21/2026 18:55:50,2.665,0,3.14,0.86,
0,1.079,467.5,28.9,7/21/2026 18:55:54,2.662,0,3.13,0.81,
0,1.045,465.83,28.9,7/21/2026 18:55:58,2.664,0,3.13,1.26,
0,1.006,463.33,28.9,7/21/2026 18:56:02,2.662,0,3.17,0.88,
0,1.085,460,28.9,7/21/2026 18:56:06,2.661,0,3.12,1.04,
0,1.042,457.5,28.9,7/21/2026 18:56:10,2.655,0,3.13,1.33,
0,0.963,453.33,28.9,7/21/2026 18:56:14,2.657,0,3.16,1.25,
0,1.049,451.67,28.9,7/21/2026 18:56:19,2.657,0,3.16,1.39,
0,0.909,448.33,28.9,7/21/2026 18:56:24,2.654,0,3.15,0.87,
0,1.039,445.83,28.9,7/21/2026 18:56:28,2.651,0,3.12,0.94,
0,1.037,444.17,28.9,7/21/2026 18:56:29,2.656,0,3.12,0.94,
0,0.99,442.5,28.9,7/21/2026 18:56:33,2.655,0,3.16,1.48,
0,0.988,439.17,28.9,7/21/2026 18:56:38,2.652,0,3.14,1.19,
0,1.02,437.5,28.9,7/21/2026 18:56:42,2.649,0,3.08,1.38,
0,1.028,434.17,28.9,7/21/2026 18:56:47,2.646,0,3.12,1.23,
0,1.062,431.67,28.9,7/21/2026 18:56:51,2.649,0,3.12,1.05,
0,0.963,430,28.9,7/21/2026 18:56:56,2.65,0,3.12,1.34,
0,1.133,426.67,28.9,7/21/2026 18:57:00,2.643,0,3.12,1.02,
0,1.05,423.33,28.9,7/21/2026 18:57:05,2.645,0,3.12,1.26,
0,0.99,421.67,28.9,7/21/2026 18:57:09,2.644,0,3.12,1.23,
0,1.014,418.33,28.9,7/21/2026 18:57:13,2.641,0,3.12,0.86,
0,0.896,416.67,28.9,7/21/2026 18:57:18,2.643,0,3.15,1.24,
0,0.956,415,28.9,7/21/2026 18:57:18,2.641,0,3.15,1.24,
0,0.927,412.5,28.9,7/21/2026 18:57:23,2.641,0,3.1,0.88,
0,0.982,410.83,28.9,7/21/2026 18:57:27,2.637,0,3.14,1.05,
0,1.06,407.5,28.9,7/21/2026 18:57:31,2.639,0,3.13,0.83,
0,1.057,406.67,28.9,7/21/2026 18:57:35,2.64,0,3.1,1.21,
0,1.129,405,28.9,7/21/2026 18:57:36,2.634,0,3.1,1.21,
0,0.891,402.5,28.9,7/21/2026 18:57:40,2.636,0,3.13,1.37,
0,0.956,399.17,28.9,7/21/2026 18:57:45,2.635,0,3.12,1.18,
0,0.931,397.5,28.9,7/21/2026 18:57:49,2.637,0,3.11,1.36,
0,0.9,395.83,28.9,7/21/2026 18:57:54,2.634,0,3.14,1.24,
0,1.003,391.67,28.9,7/21/2026 18:57:58,2.633,0,3.12,1.14,
0,0.986,390,28.9,7/21/2026 18:58:02,2.634,0,3.13,0.81,
0,1.021,386.67,28.9,7/21/2026 18:58:07,2.635,0,3.13,1.05,
0,1.02,384.17,28.9,7/21/2026 18:58:13,2.634,0,3.1,1.08,
0,0.979,380.83,28.9,7/21/2026 18:58:18,2.635,0,3.11,1.3,
0,1.243,377.5,28.9,7/21/2026 18:58:22,2.627,0,3.1,1.43,
0,1.243,377.5,28.9,7/21/2026 18:58:22,2.627,0,3.1,1.43,
0,1.099,375.83,28.9,7/21/2026 18:58:27,2.63,0,3.11,1.45,
0,1.006,373.33,28.9,7/21/2026 18:58:31,2.63,0,3.12,0.95,
0,1.007,371.67,28.9,7/21/2026 18:58:36,2.63,0,3.1,1.28,
0,1.096,370,28.9,7/21/2026 18:58:36,2.627,0,3.1,1.28,
0,1.182,368.33,28.9,7/21/2026 18:58:40,2.631,0,3.12,1.2,
0,1.072,365.83,28.9,7/21/2026 18:58:45,2.629,0,3.1,0.9,
0,1.065,362.5,28.9,7/21/2026 18:58:49,2.627,0,3.13,1.34,
0,1.033,360.83,28.9,7/21/2026 18:58:54,2.625,0,3.1,1.09,
0,1.042,359.17,28.9,7/21/2026 18:58:58,2.625,0,3.13,1.48,
0,1.025,355.83,28.9,7/21/2026 18:59:02,2.62,0,3.11,1.14,
0,1.016,353.33,28.9,7/21/2026 18:59:06,2.62,0,3.1,1.26,
0,1.091,350.83,28.9,7/21/2026 18:59:11,2.619,0,3.09,1.31,
0,0.972,349.17,28.9,7/21/2026 18:59:15,2.619,0,3.1,1.28,
0,1.14,347.5,28.9,7/21/2026 18:59:15,2.622,0,3.1,1.28,
0,0.903,345.83,28.9,7/21/2026 18:59:19,2.622,0,3.08,1.31,
0,0.965,343.33,28.9,7/21/2026 18:59:24,2.619,0,3.12,1.43,
0,1.091,341.67,28.9,7/21/2026 18:59:28,2.615,0,3.07,1.01,
0,0.985,340,28.9,7/21/2026 18:59:32,2.618,0,3.1,1.44,
0,1.061,338.33,28.9,7/21/2026 18:59:37,2.618,0,3.09,1.4,
0,0.904,333.33,28.9,7/21/2026 18:59:41,2.613,0,3.09,1.4,
0,1.032,331.67,28.9,7/21/2026 18:59:45,2.617,0,3.12,1.03,
0,0.977,329.17,28.9,7/21/2026 18:59:50,2.619,0,3.08,1.4,
0,1.084,327.5,28.9,7/21/2026 18:59:54,2.615,0,3.08,1.44,
0,0.995,324.17,28.9,7/21/2026 18:59:59,2.611,0,3.12,1.13,
0,1.032,322.5,28.9,7/21/2026 19:00:03,2.614,0,3.12,1.05,
0,1.011,320.83,28.9,7/21/2026 19:00:08,2.614,0,3.12,1.42,
0,0.99,317.5,28.9,7/21/2026 19:00:12,2.611,0,3.1,0.92,
0,1.049,315,28.9,7/21/2026 19:00:16,2.612,0,3.08,1.26,
0,0.992,313.33,28.9,7/21/2026 19:00:21,2.613,0,3.09,0.91,
0,1.101,310.83,28.9,7/21/2026 19:00:28,2.609,0,3.14,1.16,
0,1.02,307.5,28.9,7/21/2026 19:00:33,2.607,0,3.05,1.41,
0,1.052,304.17,28.9,7/21/2026 19:00:37,2.607,0,3.13,1.14,
0,0.982,301.67,28.9,7/21/2026 19:00:42,2.601,0,3.09,0.99,
0,1.053,300,28.9,7/21/2026 19:00:46,2.604,0,3.07,0.84,
0,0.852,297.5,28.9,7/21/2026 19:00:51,2.597,0,3.08,0.87,
0,0.933,293.33,28.9,7/21/2026 19:00:57,2.596,0,3.08,0.99,
0,0.933,293.33,28.9,7/21/2026 19:00:57,2.596,0,3.08,0.99,
0,0.825,291.67,28.9,7/21/2026 19:01:01,2.594,0,3.14,1.36,
0,0.914,290,28.9,7/21/2026 19:01:05,2.595,0,3.09,0.99,
0,0.892,287.5,28.9,7/21/2026 19:01:09,2.593,0,3.08,1.2,
0,0.843,285.83,28.9,7/21/2026 19:01:13,2.595,0,3.08,1.2,
0,1.008,284.17,28.9,7/21/2026 19:01:18,2.589,0,3.08,0.82,
0,0.989,280.83,28.9,7/21/2026 19:01:23,2.595,0,3.09,1.17,
0,0.952,279.17,28.9,7/21/2026 19:01:27,2.592,0,3.08,0.85,
0,0.914,275.83,28.9,7/21/2026 19:01:32,2.59,0,3.07,1.31,
0,0.942,274.17,28.9,7/21/2026 19:01:36,2.585,0,3.09,0.86,
0,0.971,271.67,28.9,7/21/2026 19:01:41,2.58,0,3.08,0.96,
0,0.978,270,28.9,7/21/2026 19:01:45,2.583,0,3.09,1.05,
0,0.978,270,28.9,7/21/2026 19:01:45,2.583,0,3.09,1.05,
0,0.965,266.67,28.9,7/21/2026 19:01:50,2.583,0,3.04,0.99,
0,0.925,265.83,28.9,7/21/2026 19:01:54,2.577,0,3.08,1.01,
0,0.951,262.5,28.9,7/21/2026 19:01:59,2.571,0,3.08,1.03,
0,0.888,260,28.9,7/21/2026 19:02:04,2.572,0,3.11,1.04,
0,1.007,258.33,28.9,7/21/2026 19:02:08,2.573,0,3.06,1.08,
0,0.974,255,28.9,7/21/2026 19:02:12,2.569,0,3.05,0.8,
0,0.973,252.5,28.5,7/21/2026 19:02:19,2.567,0,3.09,1.01,
0,0.897,250.83,28.5,7/21/2026 19:02:24,2.568,0,3.02,1.37,
0,4.986,1693.33,28.5,7/22/2026 8:08:00,16.5,0,21.91,1.29,
0,5.017,1686.67,28.5,7/22/2026 8:08:04,16.5,0,21.74,1.2,
0,5.034,1656.67,28.5,7/22/2026 8:08:08,16.5,0,21.83,1.48,
0,5.175,1544.17,28.5,7/22/2026 8:08:13,16.5,0,21.88,1.13,
0,5.083,1546.67,28.5,7/22/2026 8:08:17,16.5,0,21.72,1.19,
0,5.172,1410,28.5,7/22/2026 8:08:21,16.5,0,21.94,1.18,
0,5.117,1371.67,28.5,7/22/2026 8:08:26,16.5,0,22.26,1.05,
0,5.119,1375.83,28.5,7/22/2026 8:08:30,16.5,0,21.97,1.27,
0,5.284,1385,28.5,7/22/2026 8:08:34,16.5,0,22.18,1.1,
0,5.138,1390.83,28.5,7/22/2026 8:08:35,16.5,0,22.18,1.1,
0,5.2,1395.83,28.5,7/22/2026 8:08:39,16.5,0,22.04,1.07,
0,5.236,1407.5,28.5,7/22/2026 8:08:45,16.5,0,22.02,1.14,
0,5.345,1412.5,28.5,7/22/2026 8:08:49,16.5,0,22.02,1.18,
0,5.128,1427.5,28.9,7/22/2026 8:08:53,16.5,0,22.21,1.02,
0,5.128,1435.83,28.9,7/22/2026 8:08:58,16.5,0,21.97,1.04,
0,5.259,1450.83,28.9,7/22/2026 8:09:02,16.5,0,22.14,1.26,
0,5.284,1470.83,28.9,7/22/2026 8:09:07,16.5,0,22.17,1.42,
0,5.225,1480,28.9,7/22/2026 8:09:12,16.5,0,22.24,1.4,
0,5.336,1502.5,28.9,7/22/2026 8:09:16,16.5,0,22.13,1.46,
0,5.265,1507.5,28.9,7/22/2026 8:09:20,16.5,0,22.32,1.37,
0,5.336,1517.5,28.9,7/22/2026 8:09:26,16.5,0,22.15,1.34,
0,5.35,1529.17,28.9,7/22/2026 8:09:30,16.5,0,22.21,0.81,
0,5.325,1537.5,28.9,7/22/2026 8:09:34,16.5,0,22.05,0.95,
0,5.292,1549.17,28.9,7/22/2026 8:09:38,16.5,0,22.43,0.94,
0,5.264,1560,28.9,7/22/2026 8:09:38,16.5,0,22.43,0.94,
0,5.264,1560,28.9,7/22/2026 8:09:42,16.5,0,22.27,1.3,
0,5.334,1576.67,28.9,7/22/2026 8:09:43,16.5,0,22.27,1.3,
0,5.328,1595,28.9,7/22/2026 8:09:47,16.5,0,22.5,1.39,
0,5.328,1610.83,28.9,7/22/2026 8:09:52,16.5,0,22.3,1.22,
0,5.328,1610.83,28.9,7/22/2026 8:09:52,16.5,0,22.3,1.22,
0,5.239,1616.67,28.9,7/22/2026 8:09:56,16.5,0,22.18,1.19,
0,5.251,1621.67,28.9,7/22/2026 8:10:00,16.5,0,22.37,1.31,
0,5.314,1638.33,28.9,7/22/2026 8:10:04,16.5,0,22.31,0.82,
0,5.259,1650.83,28.9,7/22/2026 8:10:09,16.5,0,22.34,0.98,
0,5.259,1650.83,28.9,7/22/2026 8:10:09,16.5,0,22.34,0.98,
0,5.245,1663.33,28.9,7/22/2026 8:10:14,16.5,0,22.41,1.43,
0,5.259,1684.17,28.9,7/22/2026 8:10:18,16.5,0,22.55,1.15,
0,5.259,1693.33,28.9,7/22/2026 8:10:22,16.5,0,22.42,0.94,
0,5.22,1705.83,28.9,7/22/2026 8:10:27,16.5,0,22.43,0.93,
0,5.361,1716.67,28.9,7/22/2026 8:10:31,16.5,0,22.4,0.81,
0,5.293,1722.5,28.9,7/22/2026 8:10:36,16.5,0,22.67,1.39,
0,5.362,1728.33,28.9,7/22/2026 8:10:40,16.5,0,22.49,1.19,
0,5.414,1734.17,28.9,7/22/2026 8:10:45,16.5,0,22.43,0.81,
0,5.335,1737.5,28.9,7/22/2026 8:10:49,16.5,0,22.53,0.88,
0,5.365,1741.67,28.9,7/22/2026 8:10:54,16.5,0,22.26,1.33,
0,5.329,1741.67,28.9,7/22/2026 8:10:58,16.5,0,22.4,1.16,
0,5.211,1744.17,28.9,7/22/2026 8:11:03,16.5,0,22.43,1.2,
0,5.372,1740,28.9,7/22/2026 8:11:07,16.5,0,21.99,1.02,
0,5.298,1741.67,28.9,7/22/2026 8:11:11,16.5,0,22.44,1.36,
0,5.313,1737.5,28.9,7/22/2026 8:11:16,16.5,0,22.4,1.18,
0,5.288,1731.67,28.9,7/22/2026 8:11:21,16.5,0,22.43,1.33,
0,5.312,1720,28.9,7/22/2026 8:11:25,16.5,0,22.38,1.32,
0,5.312,1720,28.9,7/22/2026 8:11:29,16.5,0,22.18,1.43,
0,5.365,1698.33,28.9,7/22/2026 8:11:34,16.5,0,22.62,1.27,
0,5.325,1695.83,28.9,7/22/2026 8:11:38,16.5,0,22.24,0.87,
0,5.196,1678.33,28.9,7/22/2026 8:11:42,16.5,0,22.29,0.97,
0,5.319,1677.5,28.9,7/22/2026 8:11:47,16.5,0,22.27,1.23,
0,5.256,1652.5,28.9,7/22/2026 8:11:51,16.5,0,22.25,1.32,
0,5.256,1652.5,28.9,7/22/2026 8:11:51,16.5,0,22.25,1.32,
0,5.283,1645,28.9,7/22/2026 8:11:56,16.5,0,22.24,1.11,
0,5.354,1639.17,28.9,7/22/2026 8:12:01,16.5,0,22.36,1.03,
0,5.419,1625,28.9,7/22/2026 8:12:05,16.5,0,22.43,1.35,
0,5.335,1627.5,28.9,7/22/2026 8:12:09,16.5,0,22.5,0.85,
0,5.307,1625.83,28.9,7/22/2026 8:12:13,16.5,0,22.34,1.2,
0,5.322,1619.17,28.9,7/22/2026 8:12:13,16.5,0,22.34,1.2,
0,5.322,1619.17,28.9,7/22/2026 8:12:17,16.5,0,22.28,1.43,
0,5.545,1610.83,28.9,7/22/2026 8:12:17,16.5,0,22.28,1.43,
0,5.408,1604.17,28.9,7/22/2026 8:12:21,16.5,0,22.23,0.84,
0,5.293,1602.5,28.9,7/22/2026 8:12:26,16.5,0,22.27,0.85,
0,5.366,1600,28.9,7/22/2026 8:12:30,16.5,0,22.22,1.47,
0,5.343,1599.17,28.9,7/22/2026 8:12:34,16.5,0,22.31,1.41,
0,5.363,1600,28.9,7/22/2026 8:12:39,16.5,0,22.1,0.88,
0,5.393,1599.17,28.9,7/22/2026 8:12:43,16.5,0,22.15,1.44,
0,5.409,1600,28.9,7/22/2026 8:12:47,16.5,0,22.25,1.05,
0,5.412,1597.5,28.9,7/22/2026 8:12:51,16.5,0,22.17,1.12,
0,5.404,1604.17,28.9,7/22/2026 8:12:55,16.5,0,22.5,1.47,
0,5.335,1602.5,28.9,7/22/2026 8:12:59,16.5,0,22.13,0.81,
0,5.472,1618.33,28.9,7/22/2026 8:13:05,16.5,0,22.11,0.94,
0,5.45,1600,28.9,7/22/2026 8:13:09,16.5,0,22.05,1.42,
0,5.534,1597.5,28.9,7/22/2026 8:13:13,16.5,0,22.15,1.16,
0,5.482,1586.67,28.9,7/22/2026 8:13:18,16.5,0,21.94,0.83,
0,5.46,1565.83,28.9,7/22/2026 8:13:24,16.5,0,22.2,1.05,
0,5.454,1532.5,28.9,7/22/2026 8:13:28,16.5,0,21.98,0.97,
0,5.333,1519.17,28.9,7/22/2026 8:13:32,16.5,0,21.99,1.11,
0,5.459,1499.17,28.9,7/22/2026 8:13:37,16.5,0,21.91,1.31,
0,5.356,1490.83,28.9,7/22/2026 8:13:41,16.5,0,22.13,1.48,
0,5.467,1475.83,28.9,7/22/2026 8:13:45,16.5,0,21.81,0.87,
0,5.34,1470.83,28.9,7/22/2026 8:13:50,16.5,0,21.73,1.11,
0,5.451,1463.33,28.9,7/22/2026 8:13:54,16.5,0,21.84,1.31,
0,5.396,1455,28.9,7/22/2026 8:13:59,16.5,0,21.78,0.84,
0,5.433,1454.17,28.9,7/22/2026 8:14:03,16.5,0,21.81,1.02,
0,5.502,1452.5,28.9,7/22/2026 8:14:08,16.5,0,21.72,0.94,
0,5.497,1451.67,28.9,7/22/2026 8:14:12,16.5,0,21.81,1.48,
0,5.434,1450,28.9,7/22/2026 8:14:16,16.5,0,21.76,0.9,
0,5.476,1450,28.9,7/22/2026 8:14:21,16.5,0,21.71,0.85,
0,5.546,1449.17,28.9,7/22/2026 8:14:25,16.5,0,21.67,1.03,
0,5.473,1449.17,28.9,7/22/2026 8:14:31,16.5,0,21.82,0.8,
0,5.463,1448.33,28.9,7/22/2026 8:14:35,16.5,0,21.84,0.91,
0,5.553,1450,28.9,7/22/2026 8:14:35,16.5,0,21.84,0.91,
0,5.444,1445,28.9,7/22/2026 8:14:39,16.5,0,21.68,1.06,
0,5.465,1452.5,28.9,7/22/2026 8:14:43,16.5,0,21.76,0.98,
0,5.487,1449.17,28.9,7/22/2026 8:14:47,16.5,0,21.84,0.95,
0,5.55,1450.83,28.9,7/22/2026 8:14:51,16.5,0,21.65,1.07,
0,5.605,1450.83,28.9,7/22/2026 8:14:55,16.5,0,21.65,1.38,
0,5.427,1443.33,28.9,7/22/2026 8:15:00,16.5,0,21.61,1.27,
0,5.506,1439.17,28.9,7/22/2026 8:15:04,16.5,0,21.54,0.82,
0,5.547,1437.5,28.9,7/22/2026 8:15:08,16.5,0,21.59,1.26,
0,5.521,1433.33,28.9,7/22/2026 8:15:12,16.5,0,21.38,1.35,
0,5.519,1436.67,28.9,7/22/2026 8:15:17,16.5,0,21.62,0.94,
0,5.642,1432.5,28.9,7/22/2026 8:15:21,16.5,0,21.56,1.18,
0,5.561,1420.83,28.9,7/22/2026 8:15:25,16.5,0,21.83,1.42,
0,5.535,1399.17,28.9,7/22/2026 8:15:30,16.5,0,21.59,1.14,
0,5.535,1399.17,28.9,7/22/2026 8:15:30,16.5,0,21.59,1.14,
0,5.604,1405.83,28.9,7/22/2026 8:15:35,16.5,0,21.55,0.88,
0,5.528,1396.67,28.9,7/22/2026 8:15:39,16.5,0,21.48,1.18,
0,5.506,1391.67,28.9,7/22/2026 8:15:43,16.5,0,21.65,0.82,
0,5.604,1381.67,28.9,7/22/2026 8:15:48,16.5,0,21.45,1.06,
0,5.553,1379.17,28.9,7/22/2026 8:15:52,16.5,0,21.53,1.32,
0,5.583,1390.83,28.9,7/22/2026 8:15:56,16.5,0,21.49,0.82,
0,5.456,1393.33,28.9,7/22/2026 8:16:00,16.5,0,21.46,1.42,
0,5.504,1390,28.9,7/22/2026 8:16:04,16.5,0,21.25,0.94,
0,5.673,1388.33,28.9,7/22/2026 8:16:07,16.5,0,21.44,1.29,
0,5.567,1390.83,28.9,7/22/2026 8:16:11,16.5,0,21.54,1.32,
0,5.669,1388.33,28.9,7/22/2026 8:16:15,16.5,0,21.51,1.46,
0,5.621,1380,28.9,7/22/2026 8:16:19,16.5,0,21.45,1.41,
0,5.605,1378.33,28.9,7/22/2026 8:16:23,16.5,0,21.56,0.81,
0,5.5,1385.83,28.9,7/22/2026 8:16:27,16.5,0,21.48,0.91,
0,5.482,1380.83,28.9,7/22/2026 8:16:31,16.5,0,21.53,1.05,
0,5.534,1383.33,28.9,7/22/2026 8:16:35,16.5,0,21.3,0.95,
0,5.56,1383.33,28.9,7/22/2026 8:16:39,16.5,0,21.49,1.14,
0,5.574,1386.67,28.9,7/22/2026 8:16:43,16.5,0,21.56,1.13,
0,5.612,1386.67,28.9,7/22/2026 8:16:48,16.5,0,21.56,1.42,
0,5.49,1386.67,28.9,7/22/2026 8:16:52,16.5,0,21.56,1.37,
0,5.545,1388.33,28.9,7/22/2026 8:16:56,16.5,0,21.84,0.85,
0,5.581,1390.83,28.9,7/22/2026 8:17:00,16.5,0,21.61,1.32,
0,5.543,1397.5,28.9,7/22/2026 8:17:04,16.5,0,21.48,1.47,
0,5.654,1399.17,28.9,7/22/2026 8:17:09,16.5,0,21.69,1.46,
0,5.572,1400.83,28.9,7/22/2026 8:17:13,16.5,0,22.04,1.38,
0,5.541,1396.67,28.9,7/22/2026 8:17:17,16.5,0,22.04,0.98,
0,5.524,1421.67,28.9,7/22/2026 8:17:21,16.5,0,21.73,1.22,
0,5.556,1425.83,28.9,7/22/2026 8:17:26,16.5,0,21.78,1.1,
0,5.628,1440,28.9,7/22/2026 8:17:30,16.5,0,21.84,0.99,
0,5.534,1450.83,28.9,7/22/2026 8:17:34,16.5,0,21.81,0.91,
0,5.564,1461.67,28.9,7/22/2026 8:17:38,16.5,0,21.98,0.91,
0,5.51,1472.5,28.9,7/22/2026 8:17:43,16.5,0,21.97,1.4,
0,5.572,1495.83,28.9,7/22/2026 8:17:47,16.5,0,22.02,1.04,
0,5.536,1525,28.9,7/22/2026 8:17:52,16.5,0,22.05,0.91,
0,5.411,1544.17,28.9,7/22/2026 8:17:57,16.5,0,22.1,1.3,
0,5.508,1559.17,28.9,7/22/2026 8:18:01,16.5,0,22.11,1.17,
0,5.579,1570,28.9,7/22/2026 8:18:06,16.5,0,22.16,1.31,
0,5.634,1577.5,28.9,7/22/2026 8:18:06,16.5,0,22.16,1.31,
0,5.535,1575,28.9,7/22/2026 8:18:10,16.5,0,22.27,1.22,
0,5.505,1564.17,28.9,7/22/2026 8:18:16,16.5,0,22.08,1.1,
0,5.557,1560.83,28.9,7/22/2026 8:18:20,16.5,0,22.1,1.3,
0,5.64,1550.83,28.9,7/22/2026 8:18:23,16.5,0,22.05,0.93,
0,5.521,1548.33,28.9,7/22/2026 8:18:27,16.5,0,22.25,1.14,
0,5.554,1538.33,28.9,7/22/2026 8:18:31,16.5,0,22.11,1.41,
0,5.576,1526.67,28.9,7/22/2026 8:18:35,16.5,0,22.04,0.97,
0,5.648,1513.33,28.9,7/22/2026 8:18:40,16.5,0,22.33,1.08,
0,5.56,1506.67,28.9,7/22/2026 8:18:44,16.5,0,22.32,0.98,
0,5.537,1512.5,28.9,7/22/2026 8:18:49,16.5,0,22.1,1.29,
0,5.654,1529.17,28.9,7/22/2026 8:18:53,16.5,0,22.11,1.28,
0,5.7,1539.17,28.9,7/22/2026 8:18:57,16.5,0,22.16,1.03,
0,5.728,1550.83,28.9,7/22/2026 8:18:57,16.5,0,22.16,1.03,
0,5.627,1565,28.9,7/22/2026 8:19:00,16.5,0,21.99,0.92,
0,5.579,1575.83,28.9,7/22/2026 8:19:04,16.5,0,22.08,1.34,
0,5.567,1585.83,28.9,7/22/2026 8:19:09,16.5,0,22.11,0.96,
0,5.618,1585.83,28.9,7/22/2026 8:19:13,16.5,0,22.04,1.31,
0,5.619,1578.33,28.9,7/22/2026 8:19:17,16.5,0,22.01,1.24,
0,5.475,1568.33,28.9,7/22/2026 8:19:18,16.5,0,22.01,1.24,
0,5.666,1545.83,28.9,7/22/2026 8:19:21,16.5,0,21.94,1.15,
0,5.609,1506.67,28.9,7/22/2026 8:19:25,16.5,0,21.94,0.9,
0,5.611,1495,28.9,7/22/2026 8:19:30,16.5,0,21.89,1.04,
0,5.681,1455.83,28.9,7/22/2026 8:19:34,16.5,0,21.76,1.15,
0,5.618,1449.17,28.9,7/22/2026 8:19:38,16.5,0,21.65,1.46,
0,5.631,1426.67,28.9,7/22/2026 8:19:41,16.5,0,21.67,1.09,
0,5.663,1409.17,28.9,7/22/2026 8:19:46,16.5,0,21.72,1.14,
0,5.548,1416.67,28.9,7/22/2026 8:19:46,16.5,0,21.72,1.14,
0,5.663,1409.17,28.9,7/22/2026 8:19:50,16.5,0,21.51,0.96,
0,5.675,1389.17,28.9,7/22/2026 8:19:55,16.5,0,21.61,1,
0,5.573,1386.67,28.9,7/22/2026 8:19:59,16.5,0,21.62,1.07,
0,5.534,1381.67,28.9,7/22/2026 8:20:03,16.5,0,21.52,0.87,
0,5.716,1380.83,28.9,7/22/2026 8:20:07,16.5,0,21.58,1.28,
0,5.543,1382.5,28.9,7/22/2026 8:20:12,16.5,0,21.54,1.26,
0,5.65,1381.67,28.9,7/22/2026 8:20:16,16.5,0,21.67,1.12,
0,5.667,1377.5,28.9,7/22/2026 8:20:20,16.5,0,21.49,1.18,
0,5.655,1374.17,28.9,7/22/2026 8:20:24,16.5,0,21.76,0.92,
0,5.742,1355.83,28.9,7/22/2026 8:20:28,16.5,0,21.48,1.21,
0,5.703,1346.67,28.9,7/22/2026 8:20:33,16.5,0,21.67,1.3,
0,5.63,1337.5,28.9,7/22/2026 8:20:37,16.5,0,21.54,0.89,
0,5.632,1333.33,28.9,7/22/2026 8:20:41,16.5,0,21.42,0.84,
0,5.75,1327.5,28.9,7/22/2026 8:20:42,16.5,0,21.42,0.84,
0,5.65,1323.33,28.9,7/22/2026 8:20:47,16.5,0,21.45,1.06,
0,5.776,1322.5,28.9,7/22/2026 8:20:52,16.5,0,21.46,0.97,
0,5.65,1324.17,28.9,7/22/2026 8:20:57,16.5,0,21.46,1.41,
0,5.654,1328.33,28.9,7/22/2026 8:21:00,16.5,0,21.49,1.39,
0,5.648,1341.67,28.9,7/22/2026 8:21:05,16.5,0,21.48,0.94,
0,5.735,1345.83,28.9,7/22/2026 8:21:09,16.5,0,21.58,1.11,
0,5.808,1360,28.9,7/22/2026 8:21:13,16.5,0,21.53,1.03,
0,5.657,1367.5,28.9,7/22/2026 8:21:17,16.5,0,21.67,1.03,
0,5.646,1392.5,28.9,7/22/2026 8:21:22,16.5,0,21.65,1.38,
0,5.663,1405,28.9,7/22/2026 8:21:26,16.5,0,21.52,0.99,
0,5.778,1434.17,28.9,7/22/2026 8:21:31,16.5,0,21.64,1.15,
0,5.626,1455,28.9,7/22/2026 8:21:35,16.5,0,21.62,0.86,
0,5.626,1455,28.9,7/22/2026 8:21:36,16.5,0,21.62,0.86,
0,5.659,1463.33,28.9,7/22/2026 8:21:39,16.5,0,21.65,1.35,
0,5.754,1467.5,28.9,7/22/2026 8:21:44,16.5,0,21.62,1.45,
0,5.735,1459.17,28.9,7/22/2026 8:21:48,16.5,0,21.61,0.93,
0,5.683,1458.33,28.9,7/22/2026 8:21:53,16.5,0,21.53,1.29,
0,5.71,1421.67,28.9,7/22/2026 8:21:57,16.5,0,21.47,0.97,
0,5.643,1408.33,28.9,7/22/2026 8:22:01,16.5,0,21.39,1.05,
0,5.743,1370.83,28.9,7/22/2026 8:22:05,16.5,0,21.43,1.11,
0,5.676,1359.17,28.9,7/22/2026 8:22:09,16.5,0,21.3,1.2,
0,5.665,1334.17,28.9,7/22/2026 8:22:14,16.5,0,21.11,1.27,
0,5.658,1324.17,28.9,7/22/2026 8:22:18,16.5,0,21.59,1.01,
0,5.654,1314.17,28.9,7/22/2026 8:22:22,16.5,0,21.25,1.38,
0,5.706,1313.33,28.9,7/22/2026 8:22:27,16.5,0,21.44,1.13,
0,5.638,1315.83,28.9,7/22/2026 8:22:31,16.5,0,21.24,0.91,
0,5.762,1317.5,28.9,7/22/2026 8:22:31,16.5,0,21.24,0.91,
0,5.792,1321.67,28.9,7/22/2026 8:22:35,16.5,0,21.3,1.48,
0,5.667,1321.67,28.9,7/22/2026 8:22:40,16.5,0,21.25,1.28,
0,5.727,1330.83,28.9,7/22/2026 8:22:45,16.5,0,21.24,1.44,
0,5.746,1332.5,28.9,7/22/2026 8:22:49,16.5,0,21.06,1.06,
0,5.708,1331.67,28.9,7/22/2026 8:22:49,16.5,0,21.06,1.06,
0,5.744,1336.67,28.9,7/22/2026 8:22:53,16.5,0,21.36,0.8,
0,5.716,1339.17,28.9,7/22/2026 8:22:58,16.5,0,21.22,1.32,
0,5.69,1354.17,28.9,7/22/2026 8:23:02,16.5,0,21.11,1.43,
0,5.671,1360,28.9,7/22/2026 8:23:06,16.5,0,21.32,1.09,
0,5.748,1368.33,28.9,7/22/2026 8:23:11,16.5,0,21.35,1.34,
0,5.748,1368.33,28.9,7/22/2026 8:23:15,16.5,0,21.38,1.04,
0,5.557,1373.33,28.9,7/22/2026 8:23:19,16.5,0,21.29,1.49,
0,5.72,1372.5,28.9,7/22/2026 8:23:23,16.5,0,21.49,0.8,
0,5.726,1361.67,28.9,7/22/2026 8:23:27,16.5,0,21.37,1.02,
0,5.702,1351.67,28.9,7/22/2026 8:23:31,16.5,0,21.32,0.97,
0,5.696,1337.5,28.9,7/22/2026 8:23:36,16.5,0,21.65,0.98,
0,5.648,1340,28.9,7/22/2026 8:23:40,16.5,0,21.27,0.84,
0,5.785,1337.5,28.9,7/22/2026 8:23:44,16.5,0,21.57,0.84,
0,5.769,1336.67,28.9,7/22/2026 8:23:48,16.5,0,21.39,0.94,
0,5.715,1338.33,28.9,7/22/2026 8:23:53,16.5,0,21.24,1.33,
0,5.668,1340.83,28.9,7/22/2026 8:23:57,16.5,0,21.33,0.91,
0,5.729,1352.5,28.9,7/22/2026 8:24:04,16.5,0,21.53,1.05,
0,5.708,1345.83,28.9,7/22/2026 8:24:08,16.5,0,21.84,0.98,
0,5.797,1359.17,28.9,7/22/2026 8:24:12,16.5,0,21.33,1.22,
0,5.699,1370,28.9,7/22/2026 8:24:17,16.5,0,21.89,0.87,
0,5.817,1385.83,28.9,7/22/2026 8:24:21,16.5,0,22.04,1.02,
0,5.759,1399.17,28.9,7/22/2026 8:24:22,16.5,0,22.04,1.02,
0,5.743,1418.33,28.9,7/22/2026 8:24:26,16.5,0,21.46,1.02,
0,5.821,1440,28.9,7/22/2026 8:24:31,16.5,0,21.91,1.42,
0,5.798,1484.17,28.9,7/22/2026 8:24:35,16.5,0,22.04,1.2,
0,5.78,1539.17,28.9,7/22/2026 8:24:43,16.5,0,22.04,1,
0,5.78,1539.17,28.9,7/22/2026 8:24:43,16.5,0,22.04,1,
0,5.857,1594.17,28.9,7/22/2026 8:24:47,16.5,0,22.2,1.39,
0,5.759,1625,28.9,7/22/2026 8:24:51,16.5,0,22.37,1.4,
0,5.719,1676.67,28.9,7/22/2026 8:24:56,16.5,0,22.56,1.23,
0,5.747,1721.67,28.9,7/22/2026 8:25:00,16.5,0,22.54,0.83,
0,5.749,1751.67,28.9,7/22/2026 8:25:04,16.5,0,22.46,0.93,
0,5.737,1781.67,28.9,7/22/2026 8:25:04,16.5,0,22.46,0.93,
0,5.777,1825,28.9,7/22/2026 8:25:08,16.5,0,22.64,1.18,
0,5.737,1857.5,28.9,7/22/2026 8:25:12,16.5,0,22.71,1.49,
0,5.786,1905.83,28.9,7/22/2026 8:25:17,16.5,0,22.7,1.38,
0,5.768,1944.17,28.9,7/22/2026 8:25:24,16.5,0,22.83,0.95,
0,5.671,1967.5,28.9,7/22/2026 8:25:28,16.5,0,22.76,1.07,
0,5.856,1965.83,28.9,7/22/2026 8:25:33,16.5,0,22.75,1.35,
0,5.743,1938.33,28.9,7/22/2026 8:25:38,16.5,0,22.55,1.33,
0,5.939,1908.33,28.9,7/22/2026 8:25:42,16.5,0,22.63,1.33,
0,5.819,1785,29,7/22/2026 8:25:50,16.5,0,22.43,1.17,
0,5.819,1785,29,7/22/2026 8:25:55,16.5,0,22.49,0.81,
0,5.821,1556.67,29.3,7/22/2026 8:26:03,16.5,0,22.19,1.38,
0,5.871,1441.67,29.3,7/22/2026 8:26:10,16.5,0,22.02,1.04,
0,5.874,1345.83,29.3,7/22/2026 8:26:15,16.5,0,22.23,0.96,
0,5.885,1280.83,29.3,7/22/2026 8:26:20,16.5,0,22.13,1.01,
0,5.762,1233.33,29.3,7/22/2026 8:26:24,16.5,0,21.84,0.89,
0,5.894,1222.5,29.3,7/22/2026 8:26:31,16.5,0,21.45,1.47,
0,5.793,1215.83,29.3,7/22/2026 8:26:35,16.5,0,21.92,0.96,
0,5.787,1267.5,29.3,7/22/2026 8:26:42,16.5,0,22.22,1.09,
0,5.87,1309.17,29.3,7/22/2026 8:26:50,16.5,0,22.15,1.16,
0,5.957,1356.67,29.3,7/22/2026 8:26:57,16.5,0,22.11,1.39,
0,5.849,1362.5,29.3,7/22/2026 8:27:02,16.5,0,22.1,1.41,
0,5.906,1368.33,29.3,7/22/2026 8:27:06,16.5,0,22.08,1.11,
0,5.783,1392.5,29.3,7/22/2026 8:27:13,16.5,0,22.11,1.45,
0,5.944,1398.33,29.3,7/22/2026 8:27:20,16.5,0,22.18,0.95,
0,5.925,1409.17,29.3,7/22/2026 8:27:20,16.5,0,22.18,0.95,
0,5.767,1427.5,29.3,7/22/2026 8:27:27,16.5,0,22.44,1.02,
0,5.767,1427.5,29.3,7/22/2026 8:27:31,16.5,0,22.21,1.22,
0,5.817,1452.5,29.3,7/22/2026 8:27:38,16.5,0,22.45,1.46,
0,5.931,1464.17,29.3,7/22/2026 8:27:38,16.5,0,22.45,1.46,
0,5.963,1474.17,29.3,7/22/2026 8:27:46,16.5,0,22.26,1.42,
0,5.884,1500.83,29.3,7/22/2026 8:27:50,16.5,0,22.55,1.18,
0,5.9,1531.67,29.3,7/22/2026 8:27:58,16.5,0,22.52,1.29,
0,5.883,1557.5,29.3,7/22/2026 8:28:02,16.5,0,22.32,1.05,
0,5.967,1595,29.3,7/22/2026 8:28:09,16.5,0,22.5,1.18,
0,5.891,1596.67,29.3,7/22/2026 8:28:13,16.5,0,22.26,0.94,
0,5.891,1596.67,29.3,7/22/2026 8:28:17,16.5,0,22.42,1.08,
0,5.931,1584.17,29.3,7/22/2026 8:28:25,16.5,0,22.13,1.17,
0,5.917,1550.83,29.3,7/22/2026 8:28:32,16.5,0,21.92,1.39,
0,5.993,1456.67,29.3,7/22/2026 8:28:39,16.5,0,22.1,1.04,
0,5.857,1380.83,29.3,7/22/2026 8:28:46,16.5,0,21.7,1.15,
0,5.937,1338.33,29.3,7/22/2026 8:28:54,16.5,0,21.55,1.11,
0,6.013,1308.33,29.3,7/22/2026 8:28:59,16.5,0,21.49,0.9,
0,5.946,1295,29.3,7/22/2026 8:29:07,16.5,0,21.62,1.3,
0,5.938,1279.17,29.3,7/22/2026 8:29:14,16.5,0,21.37,1.04,
0,5.922,1266.67,29.3,7/22/2026 8:29:18,16.5,0,21.35,1.4,
0,5.921,1261.67,29.3,7/22/2026 8:29:18,16.5,0,21.35,1.4,
0,5.948,1255,29.3,7/22/2026 8:29:23,16.5,0,21.26,1.14,
0,6.026,1257.5,29.3,7/22/2026 8:29:27,16.5,0,21.25,0.99,
0,5.97,1257.5,29.3,7/22/2026 8:29:31,16.5,0,21.25,1.1,
0,5.976,1255.83,29.3,7/22/2026 8:29:35,16.5,0,21.19,0.86,
0,6.038,1254.17,29.3,7/22/2026 8:29:35,16.5,0,21.19,0.86,
0,5.967,1260,29.3,7/22/2026 8:29:39,16.5,0,21.23,1.08,
0,5.985,1263.33,29.3,7/22/2026 8:29:43,16.5,0,21.25,0.95,
0,5.908,1266.67,29.3,7/22/2026 8:29:43,16.5,0,21.25,0.95,
0,5.998,1273.33,29.3,7/22/2026 8:29:47,16.5,0,21.18,1.02,
0,5.982,1280,29.3,7/22/2026 8:29:51,16.5,0,21.19,1.16,
0,5.983,1278.33,29.3,7/22/2026 8:29:56,16.5,0,21.05,1.48,
0,6.065,1280.83,29.3,7/22/2026 8:30:00,16.5,0,21.25,0.84,
0,6.051,1285,29.3,7/22/2026 8:30:04,16.5,0,21.59,0.82,
0,6.165,1295.83,29.3,7/22/2026 8:30:10,16.5,0,21.2,1.13,
0,6.07,1311.67,29.3,7/22/2026 8:30:15,16.5,0,21.32,1.41,
0,6.061,1320.83,29.3,7/22/2026 8:30:20,16.5,0,21.35,1.09,
0,6.061,1320.83,29.3,7/22/2026 8:30:24,16.5,0,21.27,1.14,
0,6.162,1330.83,29.3,7/22/2026 8:30:28,16.5,0,21.26,1.2,
0,6.128,1337.5,29.3,7/22/2026 8:30:33,16.5,0,21.46,0.82,
0,6.188,1341.67,29.3,7/22/2026 8:30:37,16.5,0,21.49,0.86,
0,6.137,1350,29.3,7/22/2026 8:30:41,16.5,0,21.41,1.16,
0,6.127,1353.33,29.3,7/22/2026 8:30:45,16.5,0,21.35,1.18,
0,6.131,1357.5,29.3,7/22/2026 8:30:50,16.5,0,21.6,0.8,
0,6.148,1362.5,29.3,7/22/2026 8:30:55,16.5,0,21.8,0.8,
0,6.148,1362.5,29.3,7/22/2026 8:30:59,16.5,0,21.67,1.02,
0,6.133,1380.83,29.3,7/22/2026 8:31:04,16.5,0,21.82,1.12,
0,6.095,1410,29.3,7/22/2026 8:31:09,16.5,0,21.69,1.05,
0,6.182,1370,29.3,7/22/2026 8:31:08,16.5,0,21.69,1.05,
0,6.158,1420,29.3,7/22/2026 8:31:13,16.5,0,21.54,0.88,
0,6.154,1445,29.3,7/22/2026 8:31:18,16.5,0,21.63,1.23,
0,6.189,1473.33,29.3,7/22/2026 8:31:23,16.5,0,21.56,1.39,
0,6.163,1460.83,29.3,7/22/2026 8:31:22,16.5,0,21.56,1.39,
0,6.095,1483.33,29.3,7/22/2026 8:31:29,16.5,0,21.56,0.82,
0,6.173,1495.83,29.3,7/22/2026 8:31:29,16.5,0,21.56,0.82,
0,6.107,1508.33,29.3,7/22/2026 8:31:33,16.5,0,21.59,1.38,
0,6.203,1518.33,29.3,7/22/2026 8:31:37,16.5,0,21.66,1.4,
0,6.147,1522.5,29.3,7/22/2026 8:31:42,16.5,0,21.65,1.26,
0,6.297,1518.33,29.3,7/22/2026 8:31:47,16.5,0,21.72,0.83,
0,6.185,1513.33,29.3,7/22/2026 8:31:51,16.5,0,21.69,1.08,
0,6.219,1511.67,29.3,7/22/2026 8:31:55,16.5,0,21.69,1.47,
0,6.257,1514.17,29.3,7/22/2026 8:31:55,16.5,0,21.69,1.47,
0,6.219,1509.17,29.3,7/22/2026 8:32:00,16.5,0,21.79,1.38,
0,6.091,1502.5,29.3,7/22/2026 8:32:00,16.5,0,21.79,1.38,
0,6.119,1493.33,29.3,7/22/2026 8:32:05,16.5,0,21.56,1.37,
0,6.234,1485.83,29.3,7/22/2026 8:32:09,16.5,0,21.59,1.07,
0,6.127,1465,29.3,7/22/2026 8:32:12,16.5,0,21.64,1.18,
0,6.268,1464.17,29.3,7/22/2026 8:32:16,16.5,0,21.64,1.29,
0,6.281,1460,29.3,7/22/2026 8:32:21,16.5,0,21.69,1.49,
0,6.158,1465.83,29.3,7/22/2026 8:32:25,16.5,0,21.72,1.12,
0,6.158,1465.83,29.3,7/22/2026 8:32:29,16.5,0,21.8,0.87,
0,6.317,1482.5,29.3,7/22/2026 8:32:34,16.5,0,21.85,0.98,
0,6.293,1525,29.3,7/22/2026 8:32:45,16.5,0,21.69,1.3,
0,6.293,1525,29.3,7/22/2026 8:32:45,16.5,0,21.69,1.3,
0,6.293,1525,29.3,7/22/2026 8:32:49,16.5,0,21.62,1.2,
0,6.293,1525,29.3,7/22/2026 8:32:54,16.5,0,21.65,1.21,
0,6.249,1544.17,29.3,7/22/2026 8:32:58,16.5,0,21.67,0.92,
0,6.38,1561.67,29.3,7/22/2026 8:33:07,16.5,0,21.72,1.18,
0,6.286,1526.67,29.3,7/22/2026 8:33:11,16.5,0,21.54,0.89,
0,6.355,1544.17,29.3,7/22/2026 8:33:15,16.5,0,21.54,1.27,
0,6.388,1515.83,29.3,7/22/2026 8:33:23,16.5,0,21.86,1.2,
0,6.388,1515.83,29.3,7/22/2026 8:33:24,16.5,0,21.54,1.29,
0,6.388,1515.83,29.3,7/22/2026 8:33:29,16.5,0,21.41,1.27,
0,6.381,1467.5,29.3,7/22/2026 8:33:34,16.5,0,21.38,1.11,
0,6.273,1430,29.3,7/22/2026 8:33:40,16.5,0,21.32,1.35,
0,6.393,1406.67,29.3,7/22/2026 8:33:45,16.5,0,21.32,0.84,
0,6.415,1370,29.3,7/22/2026 8:33:48,16.5,0,21.25,1.06,
0,6.298,1300,29.3,7/22/2026 8:33:56,16.5,0,21.46,1.19,
0,6.383,1299.17,29.3,7/22/2026 8:34:03,16.5,0,21.22,0.81,
0,6.279,1294.17,29.3,7/22/2026 8:34:06,16.5,0,21.25,1.35,
0,6.406,1295,29.3,7/22/2026 8:34:10,16.5,0,21.22,1.36,
0,6.384,1301.67,29.3,7/22/2026 8:34:18,16.5,0,21.29,0.98,
0,6.384,1301.67,29.3,7/22/2026 8:34:22,16.5,0,21.25,0.94,
0,6.293,1313.33,29.3,7/22/2026 8:34:29,16.5,0,21.46,1.18,
0,6.488,1322.5,29.3,7/22/2026 8:34:36,16.5,0,21.65,0.85,
0,6.376,1320,29.3,7/22/2026 8:34:40,16.5,0,21.3,0.97,
0,6.377,1322.5,29.3,7/22/2026 8:34:44,16.5,0,21.25,1.4,
0,6.428,1324.17,29.3,7/22/2026 8:34:52,16.5,0,21.33,1.32,
0,6.384,1322.5,29.3,7/22/2026 8:34:52,16.5,0,21.33,1.32,
0,6.486,1322.5,29.3,7/22/2026 8:34:56,16.5,0,21.37,0.99,
0,6.473,1324.17,29.3,7/22/2026 8:35:03,16.5,0,21.29,1.44,
0,6.423,1328.33,29.3,7/22/2026 8:35:07,16.5,0,21.49,1.06,
0,6.617,1331.67,29.3,7/22/2026 8:35:11,16.5,0,21.29,0.85,
0,6.613,1337.5,29.3,7/22/2026 8:35:16,16.5,0,21.44,1.13,
0,6.607,1338.33,29.3,7/22/2026 8:35:20,16.5,0,21.78,1.02,
0,6.584,1340.83,29.3,7/22/2026 8:35:27,16.5,0,21.69,1.22,
0,6.573,1342.5,29.3,7/22/2026 8:35:31,16.5,0,21.75,1.09,
0,6.66,1350.83,29.3,7/22/2026 8:35:36,16.5,0,21.65,0.99,
0,6.603,1359.17,29.3,7/22/2026 8:35:41,16.5,0,21.84,0.99,
0,6.513,1363.33,29.3,7/22/2026 8:35:46,16.5,0,21.69,1.3,
0,6.653,1370.83,29.3,7/22/2026 8:35:46,16.5,0,21.69,1.3,
0,6.702,1374.17,29.3,7/22/2026 8:35:50,16.5,0,21.94,1.43,
0,6.677,1391.67,29.3,7/22/2026 8:35:54,16.5,0,21.76,1.42,
0,6.821,1404.17,29.3,7/22/2026 8:35:59,16.5,0,21.86,1.45,
0,6.737,1413.33,29.3,7/22/2026 8:35:59,16.5,0,21.86,1.45,
0,6.792,1426.67,29.3,7/22/2026 8:36:03,16.5,0,22.04,1.32,
0,6.798,1440,29.3,7/22/2026 8:36:07,16.5,0,22.03,1.16,
0,6.896,1477.5,29.3,7/22/2026 8:36:12,16.5,0,22.05,1.01,
0,6.876,1513.33,29.3,7/22/2026 8:36:16,16.5,0,21.98,1.11,
0,6.876,1513.33,29.3,7/22/2026 8:36:16,16.5,0,21.98,1.11,
0,6.82,1535,29.3,7/22/2026 8:36:20,16.5,0,22.31,1.44,
0,6.883,1567.5,29.3,7/22/2026 8:36:25,16.5,0,22.21,1.22,
0,6.883,1567.5,29.3,7/22/2026 8:36:28,16.5,0,22.34,1.17,
0,6.98,1603.33,29.3,7/22/2026 8:36:33,16.5,0,22.24,0.82,
0,6.993,1614.17,29.3,7/22/2026 8:36:37,16.5,0,22.28,1.45,
0,6.999,1625.83,29.3,7/22/2026 8:36:40,16.5,0,22.29,0.8,
0,7.066,1642.5,29.3,7/22/2026 8:36:45,16.5,0,22.27,1.48,
0,7.111,1656.67,29.3,7/22/2026 8:36:49,16.5,0,22.26,1.43,
0,7.004,1666.67,29.3,7/22/2026 8:36:53,16.5,0,22.08,0.84,
0,7.111,1687.5,29.3,7/22/2026 8:36:57,16.5,0,22.28,1.46,
0,7.13,1697.5,29.3,7/22/2026 8:37:01,16.5,0,22.27,1,
0,7.094,1708.33,29.3,7/22/2026 8:37:05,16.5,0,22.43,0.89,
0,7.06,1688.33,29.3,7/22/2026 8:37:09,16.5,0,22.43,1.13,
0,7.127,1685,29.3,7/22/2026 8:37:14,16.5,0,22.24,1.22,
0,7.209,1680,29.3,7/22/2026 8:37:18,16.5,0,22.37,1.32,
0,7.203,1647.5,29.3,7/22/2026 8:37:22,16.5,0,22.16,1.11,
0,7.107,1621.67,29.3,7/22/2026 8:37:28,16.5,0,22.15,1.02,
0,7.212,1612.5,29.3,7/22/2026 8:37:31,16.5,0,22.13,0.83,
0,7.271,1575,29.3,7/22/2026 8:37:36,16.5,0,22.02,1.19,
0,7.215,1560,29.3,7/22/2026 8:37:40,16.5,0,22.1,1.11,
0,7.248,1556.67,29.3,7/22/2026 8:37:44,16.5,0,22.23,0.97,
0,7.211,1544.17,29.3,7/22/2026 8:37:48,16.5,0,21.96,1.3,
0,7.167,1526.67,29.3,7/22/2026 8:37:51,16.5,0,22.08,1.4,
0,7.336,1501.67,29.3,7/22/2026 8:37:58,16.5,0,22.04,1.47,
0,7.203,1487.5,29.3,7/22/2026 8:38:02,16.5,0,21.68,1.14,
0,7.212,1478.33,29.3,7/22/2026 8:38:06,16.5,0,21.86,1.38,
0,7.342,1470.83,29.3,7/22/2026 8:38:10,16.5,0,21.88,1.22,
0,7.391,1474.17,29.3,7/22/2026 8:38:14,16.5,0,21.85,1.41,
0,7.505,1476.67,29.3,7/22/2026 8:38:18,16.5,0,21.88,1.07,
0,7.461,1480,29.3,7/22/2026 8:38:22,16.5,0,21.84,1.41,
0,7.501,1491.67,29.3,7/22/2026 8:38:26,16.5,0,21.94,1.14,
0,7.638,1519.17,29.3,7/22/2026 8:38:29,16.5,0,21.91,1.2,
0,7.617,1529.17,29.3,7/22/2026 8:38:33,16.5,0,21.88,0.84,
0,7.651,1538.33,29.3,7/22/2026 8:38:37,16.5,0,21.86,1.32,
0,7.645,1544.17,29.3,7/22/2026 8:38:42,16.5,0,21.86,1.29,
0,7.586,1555.83,29.3,7/22/2026 8:38:47,16.5,0,21.85,0.93,
0,7.745,1569.17,29.3,7/22/2026 8:38:51,16.5,0,21.91,1.37,
0,7.956,1577.5,29.3,7/22/2026 8:38:57,16.5,0,21.81,1.33,
0,8.027,1606.67,29.3,7/22/2026 8:39:02,16.5,0,21.88,1.16,
0,8.019,1606.67,29.3,7/22/2026 8:39:06,16.5,0,21.88,1.26,
0,7.939,1628.33,29.3,7/22/2026 8:39:11,16.5,0,21.93,1.27,
0,8.161,1621.67,29.3,7/22/2026 8:39:15,16.5,0,21.93,1.19,
0,8.208,1641.67,29.3,7/22/2026 8:39:15,16.5,0,21.93,1.19,
0,8.186,1648.33,29.3,7/22/2026 8:39:19,16.5,0,21.91,1.25,
0,8.24,1651.67,29.3,7/22/2026 8:39:23,16.5,0,21.91,1.46,
0,8.481,1661.67,29.3,7/22/2026 8:39:27,16.5,0,21.91,1.33,
0,8.646,1667.5,29.3,7/22/2026 8:39:31,16.5,0,22.12,1.48,
0,8.703,1661.67,29.3,7/22/2026 8:39:36,16.5,0,22.11,1.18,
0,8.829,1650,29.3,7/22/2026 8:39:36,16.5,0,22.11,1.18,
0,8.855,1640,29.3,7/22/2026 8:39:41,16.5,0,21.95,0.95,
0,8.875,1626.67,29.3,7/22/2026 8:39:41,16.5,0,21.95,0.95,
0,8.903,1615.83,29.3,7/22/2026 8:39:45,16.5,0,21.96,0.97,
0,9.004,1599.17,29.3,7/22/2026 8:39:49,16.5,0,21.86,1.21,
0,9.241,1596.67,29.3,7/22/2026 8:39:53,16.5,0,21.89,0.98,
0,9.555,1605,29.3,7/22/2026 8:39:57,16.5,0,22.08,0.81,
0,9.555,1605,29.3,7/22/2026 8:39:57,16.5,0,22.08,0.81,
0,9.794,1613.33,29.3,7/22/2026 8:40:01,16.5,0,22.04,1.25,
0,9.99,1630,29.3,7/22/2026 8:40:05,16.5,0,22.16,0.85,
0,9.99,1630,29.3,7/22/2026 8:40:05,16.5,0,22.16,0.85,
0,10.047,1643.33,29.3,7/22/2026 8:40:09,16.5,0,22.24,1.31,
0,10.235,1691.67,29.3,7/22/2026 8:40:14,16.5,0,22.23,1.22,
0,10.235,1712.5,29.3,7/22/2026 8:40:18,16.5,0,22.18,1.27,
0,10.032,1752.5,29.3,7/22/2026 8:40:23,16.5,0,22.05,1.4,
0,10.001,1799.17,29.3,7/22/2026 8:40:27,16.5,0,22.39,1.29,
0,10.028,1813.33,29.3,7/22/2026 8:40:32,16.5,0,22.11,1.12,
0,9.94,1825,29.3,7/22/2026 8:40:36,16.5,0,22.26,0.94,
0,9.938,1841.67,29.3,7/22/2026 8:40:41,16.5,0,22.17,1.42,
0,9.946,1855,29.3,7/22/2026 8:40:45,16.5,0,22.28,1.34,
0,9.916,1865,29.3,7/22/2026 8:40:49,16.5,0,22.27,1.37,
0,9.948,1875.83,29.3,7/22/2026 8:40:54,16.5,0,22.25,1.45,
0,9.875,1864.17,29.3,7/22/2026 8:40:58,16.5,0,22.28,1.09,
0,9.905,1852.5,29.3,7/22/2026 8:41:03,16.5,0,22.29,0.98,
0,9.868,1785.83,29.3,7/22/2026 8:41:09,16.5,0,22.22,1.06,
0,9.908,1758.33,29.3,7/22/2026 8:41:13,16.5,0,22.08,0.91,
0,9.883,1739.17,29.3,7/22/2026 8:41:17,16.5,0,22.14,1.41,
0,9.947,1711.67,29.3,7/22/2026 8:41:21,16.5,0,21.65,1.19,
0,9.947,1711.67,29.3,7/22/2026 8:41:26,16.5,0,22.07,1.32,
0,10.938,1662.5,29.3,7/22/2026 8:41:30,16.5,0,22.24,1.28,
0,9.902,1632.5,29.3,7/22/2026 8:41:34,16.5,0,22.03,1.23,
0,10.011,1612.5,29.3,7/22/2026 8:41:38,16.5,0,21.8,1.45,
0,9.991,1593.33,29.3,7/22/2026 8:41:43,16.5,0,22.05,1.45,
0,9.945,1594.17,29.3,7/22/2026 8:41:47,16.5,0,22.24,0.86,
0,10.027,1603.33,29.3,7/22/2026 8:41:52,16.5,0,21.98,1.31,
0,10.017,1598.33,29.3,7/22/2026 8:41:56,16.5,0,21.94,1.45,
0,9.99,1593.33,29.3,7/22/2026 8:42:01,16.5,0,22.18,0.86,
0,10.03,1600,29.3,7/22/2026 8:42:06,16.5,0,22.02,1,
0,10.144,1596.67,29.3,7/22/2026 8:42:10,16.5,0,21.94,0.99,
0,10.173,1597.5,29.3,7/22/2026 8:42:14,16.5,0,22.04,1.18,
0,10.162,1589.17,29.3,7/22/2026 8:42:19,16.5,0,21.65,1.13,
0,10.121,1576.67,29.3,7/22/2026 8:42:23,16.5,0,22.11,0.91,
0,10.1,1571.67,29.3,7/22/2026 8:42:28,16.5,0,22.04,0.93,
0,10.138,1572.5,29.3,7/22/2026 8:42:32,16.5,0,22.07,1.1,
0,10.138,1572.5,29.3,7/22/2026 8:42:37,16.5,0,22.04,0.94,
0,10.012,1598.33,29.3,7/22/2026 8:42:43,16.5,0,22.04,0.81,
0,10.288,1595.83,29.3,7/22/2026 8:42:48,16.5,0,22.08,1.19,
0,10.288,1595.83,29.3,7/22/2026 8:42:48,16.5,0,22.08,1.19,
0,10.273,1586.67,29.3,7/22/2026 8:42:52,16.5,0,21.94,1.12,
0,10.157,1582.5,29.3,7/22/2026 8:42:57,16.5,0,22.32,1.38,
0,10.126,1588.33,29.3,7/22/2026 8:43:02,16.5,0,22.24,1.4,
0,10.126,1588.33,29.3,7/22/2026 8:43:02,16.5,0,22.24,1.4,
0,10.209,1595,29.3,7/22/2026 8:43:06,16.5,0,22.07,1.43,
0,10.245,1604.17,29.3,7/22/2026 8:43:10,16.5,0,22.15,1.47,
0,10.192,1606.67,29.3,7/22/2026 8:43:10,16.5,0,22.15,1.47,
0,10.142,1610.83,29.3,7/22/2026 8:43:14,16.5,0,22.14,1.49,
0,10.189,1616.67,29.3,7/22/2026 8:43:19,16.5,0,22.15,1.15,
0,10.179,1620,29.3,7/22/2026 8:43:23,16.5,0,22.11,1.21,
0,10.258,1635.83,29.3,7/22/2026 8:43:28,16.5,0,22.16,1.15,
0,10.182,1651.67,29.3,7/22/2026 8:43:32,16.5,0,22.35,1.11,
0,10.182,1651.67,29.3,7/22/2026 8:43:32,16.5,0,22.35,1.11,
0,10.247,1658.33,29.3,7/22/2026 8:43:42,16.5,0,22.16,1.21,
0,10.235,1656.67,29.4,7/22/2026 8:43:44,16.5,0,22.47,0.88,
0,10.172,1651.67,29.3,7/22/2026 8:43:48,16.5,0,22.44,1.18,
0,10.142,1667.5,29.5,7/22/2026 8:43:52,16.5,0,22.22,1.08,
0,10.116,1677.5,29.5,7/22/2026 8:43:57,16.5,0,22.39,1.34,
0,10.204,1715.83,29.8,7/22/2026 8:44:02,16.5,0,22.49,1.35,
0,10.146,1770.83,29.8,7/22/2026 8:44:06,16.5,0,22.58,1.18,
0,10.137,1795.83,29.8,7/22/2026 8:44:10,16.5,0,22.43,1.18,
0,10.188,1812.5,29.8,7/22/2026 8:44:14,16.5,0,22.57,1.19,
0,10.19,1855.83,29.8,7/22/2026 8:44:18,16.5,0,22.43,1.05,
0,10.052,1880.83,29.8,7/22/2026 8:44:22,16.5,0,22.75,1.07,
0,10.213,1925.83,29.8,7/22/2026 8:44:26,16.5,0,22.63,1.28,
0,10.163,1977.5,29.8,7/22/2026 8:44:31,16.5,0,22.81,1.18,
0,10.195,1999.17,29.8,7/22/2026 8:44:35,16.5,0,22.86,0.86,
0,10.195,1999.17,29.8,7/22/2026 8:44:35,16.5,0,22.86,0.86,
0,10.162,2040,29.8,7/22/2026 8:44:39,16.5,0,22.96,0.89,
0,10.237,2064.17,29.8,7/22/2026 8:44:43,16.5,0,22.75,1.21,
0,10.205,2103.33,29.8,7/22/2026 8:44:47,16.5,0,23.02,0.93,
0,10.185,2113.33,29.8,7/22/2026 8:44:51,16.5,0,23.09,0.97,
0,10.161,2145.83,29.8,7/22/2026 8:44:56,16.5,0,23.08,1.36,
0,10.118,2178.33,29.8,7/22/2026 8:45:00,16.5,0,23.1,1.47,
0,10.255,2195.83,29.8,7/22/2026 8:45:05,16.5,0,23.11,1,
0,10.193,2201.67,29.8,7/22/2026 8:45:09,16.5,0,22.86,1.14,
0,10.171,2195.83,29.8,7/22/2026 8:45:13,16.5,0,23.14,1.32,
0,10.237,2156.67,30.2,7/22/2026 8:45:18,16.5,0,23.15,1.33,
0,10.251,2148.33,30.2,7/22/2026 8:45:22,16.5,0,23.12,0.93,
0,10.24,2142.5,30.2,7/22/2026 8:45:27,16.5,0,23.34,1.07,
0,10.283,2137.5,30.2,7/22/2026 8:45:31,16.5,0,22.92,1.47,
0,10.209,2147.5,30.2,7/22/2026 8:45:35,16.5,0,23.15,1.39,
0,10.102,2176.67,30.2,7/22/2026 8:45:40,16.5,0,22.96,1.3,
0,10.118,2180.83,30.2,7/22/2026 8:45:44,16.5,0,23.09,1.33,
0,10.079,2158.33,30.2,7/22/2026 8:45:49,16.5,0,22.96,1.25,
0,10.257,2142.5,30.2,7/22/2026 8:45:56,16.5,0,23.03,0.9,
0,10.216,2124.17,30.2,7/22/2026 8:46:00,16.5,0,22.99,1.32,
0,10.255,2130.83,30.2,7/22/2026 8:46:04,16.5,0,22.94,1.27,
0,10.11,2133.33,30.2,7/22/2026 8:46:08,16.5,0,22.93,1.2,
0,10.127,2117.5,30.2,7/22/2026 8:46:12,16.5,0,22.83,1.42,
0,10.151,2115,30.2,7/22/2026 8:46:17,16.5,0,22.85,1.3,
0,10.01,2113.33,30.2,7/22/2026 8:46:21,16.5,0,22.9,1.4,
0,10.13,2100.83,30.2,7/22/2026 8:46:24,16.5,0,22.83,0.9,
0,10.122,2090,30.2,7/22/2026 8:46:28,16.5,0,22.74,1.27,
0,10.135,2035,30.2,7/22/2026 8:46:35,16.5,0,22.82,1.44,
0,10.258,1974.17,30.2,7/22/2026 8:46:43,16.5,0,22.8,1.24,
0,10.174,1964.17,30.2,7/22/2026 8:46:47,16.5,0,22.89,1.3,
0,10.167,1949.17,30.2,7/22/2026 8:46:52,16.5,0,22.74,1.08,
0,10.088,1962.5,30.2,7/22/2026 8:46:58,16.5,0,22.75,1.37,
0,10.095,1964.17,30.2,7/22/2026 8:47:02,16.5,0,22.79,0.95,
0,10.155,1962.5,30.2,7/22/2026 8:47:06,16.5,0,22.7,0.87,
0,10.066,1942.5,30.2,7/22/2026 8:47:14,16.5,0,22.8,1.47,
0,10.117,1912.5,30.2,7/22/2026 8:47:22,16.5,0,22.59,0.97,
0,10.196,1890.83,30.2,7/22/2026 8:47:28,16.5,0,22.62,0.89,
0,10.183,1813.33,30.2,7/22/2026 8:47:36,16.5,0,22.56,0.81,
0,10.144,1735.83,30.2,7/22/2026 8:47:40,16.5,0,22.49,1.43,
0,10.144,1735.83,30.2,7/22/2026 8:47:47,16.5,0,22.47,1.21,
0,10.116,1634.17,30.2,7/22/2026 8:47:47,16.5,0,22.47,1.21,
0,10.184,1533.33,30.2,7/22/2026 8:47:55,16.5,0,22.45,1.34,
0,10.148,1453.33,30.2,7/22/2026 8:48:03,16.5,0,22.14,1.26,
0,10.148,1453.33,30.2,7/22/2026 8:48:03,16.5,0,22.14,1.26,
0,10.178,1457.5,30.2,7/22/2026 8:48:07,16.5,0,22.56,1.31,
0,10.078,1474.17,30.2,7/22/2026 8:48:11,16.5,0,22.64,0.97,
0,10.15,1487.5,30.2,7/22/2026 8:48:15,16.5,0,22.72,1.4,
0,10.043,1509.17,30.2,7/22/2026 8:48:16,16.5,0,22.72,1.4,
0,10.146,1546.67,30.2,7/22/2026 8:48:22,16.5,0,22.7,1.25,
0,10.146,1546.67,30.2,7/22/2026 8:48:22,16.5,0,22.7,1.25,
0,10.052,1608.33,30.2,7/22/2026 8:48:27,16.5,0,22.53,1.47,
0,10.044,1710,30.2,7/22/2026 8:48:33,16.5,0,22.9,0.88,
0,10.138,1750,30.2,7/22/2026 8:48:37,16.5,0,22.91,1.21,
0,10.107,1853.33,30.7,7/22/2026 8:48:45,16.5,0,23.01,1.41,
0,10.139,1890,30.8,7/22/2026 8:48:49,16.5,0,22.83,1.21,
0,10.023,1960,30.8,7/22/2026 8:48:53,16.5,0,23.2,1.12,
0,10.19,2020,30.8,7/22/2026 8:49:01,16.5,0,23.12,1.31,
0,10.145,2110,30.8,7/22/2026 8:49:08,16.5,0,23.12,1.46,
0,10.161,2135.83,30.8,7/22/2026 8:49:13,16.5,0,23.22,0.87,
0,10.138,2183.33,30.8,7/22/2026 8:49:18,16.5,0,23.32,0.81,
0,10.099,2212.5,30.8,7/22/2026 8:49:24,16.5,0,23.23,1.11,
0,10.194,2235,30.8,7/22/2026 8:49:28,16.5,0,23.34,0.95,
0,10.131,2258.33,30.8,7/22/2026 8:49:36,16.5,0,23.42,1.02,
0,10.119,2275.83,30.8,7/22/2026 8:49:43,16.5,0,23.37,0.91,
0,10.018,2260,30.8,7/22/2026 8:49:51,16.5,0,23.4,1.29,
0,10.194,2273.33,30.8,7/22/2026 8:49:58,16.5,0,23.09,0.94,
0,10.147,2303.33,30.8,7/22/2026 8:50:05,16.5,0,23.42,1.16,
0,10.218,2333.33,30.8,7/22/2026 8:50:12,16.5,0,23.26,1.31,
0,10.211,2354.17,30.8,7/22/2026 8:50:16,16.5,0,23.25,1.07,
0,10.258,2350.83,30.8,7/22/2026 8:50:20,16.5,0,23.17,1.49,
0,10.125,2357.5,30.8,7/22/2026 8:50:28,16.5,0,23.12,1.13,
0,10.25,2324.17,30.8,7/22/2026 8:50:32,16.5,0,23.01,1.1,
0,10.136,2289.17,30.8,7/22/2026 8:50:39,16.5,0,22.76,1.11,
0,10.173,2251.67,30.8,7/22/2026 8:50:43,16.5,0,22.67,1.05,
0,10.144,2216.67,30.8,7/22/2026 8:50:43,16.5,0,22.67,1.05,
0,10.119,2170.83,30.8,7/22/2026 8:50:48,16.5,0,22.83,1.17,
0,10.145,2138.33,30.8,7/22/2026 8:50:52,16.5,0,22.82,1.19,
0,10.178,2054.17,30.8,7/22/2026 8:50:56,16.5,0,22.52,1.1,
0,10.151,1995,30.8,7/22/2026 8:51:01,16.5,0,22.63,0.95,
0,10.127,1934.17,30.8,7/22/2026 8:51:05,16.5,0,22.62,1.1,
0,10.1,1805.83,30.8,7/22/2026 8:51:08,16.5,0,22.56,1.07,
0,10.058,1732.5,30.8,7/22/2026 8:51:12,16.5,0,22.45,1.23,
0,10.181,1710,30.8,7/22/2026 8:51:16,16.5,0,22.53,1.09,
0,10.042,1685,30.8,7/22/2026 8:51:20,16.5,0,22.54,1.14,
0,10.116,1633.33,30.8,7/22/2026 8:51:24,16.5,0,22.44,1.04,
0,10.062,1616.67,30.8,7/22/2026 8:51:28,16.5,0,22.39,1.36,
0,10.152,1610.83,30.8,7/22/2026 8:51:32,16.5,0,22.4,1.45,
0,10.137,1613.33,30.8,7/22/2026 8:51:39,16.5,0,22.46,1.06,
0,10.076,1612.5,30.8,7/22/2026 8:51:43,16.5,0,22.38,1.31,
0,10.087,1611.67,30.8,7/22/2026 8:51:47,16.5,0,22.43,1.03,
0,10.26,1614.17,30.8,7/22/2026 8:51:55,16.5,0,22.24,1.14,
0,10.1,1661.67,30.3,7/22/2026 8:52:00,16.5,0,22.27,1.1,
0,10.1,1661.67,30.3,7/22/2026 8:52:00,16.5,0,22.27,1.1,
0,10.247,1674.17,30.2,7/22/2026 8:52:04,16.5,0,22.45,1.1,
0,10.248,1717.5,30.2,7/22/2026 8:52:12,16.5,0,22.48,1.49,
0,10.248,1717.5,30.2,7/22/2026 8:52:12,16.5,0,22.48,1.49,
0,10.248,1717.5,30.2,7/22/2026 8:52:16,16.5,0,22.5,1.22,
0,10.227,1734.17,30.2,7/22/2026 8:52:20,16.5,0,22.44,0.84,
0,10.108,1786.67,30.2,7/22/2026 8:52:28,16.5,0,22.27,1.21,
0,10.163,1849.17,30.2,7/22/2026 8:52:35,16.5,0,22.67,1.48,
0,10.163,1849.17,30.2,7/22/2026 8:52:40,16.5,0,22.63,1.23,
0,10.148,1892.5,30.2,7/22/2026 8:52:47,16.5,0,22.65,1.03,
0,10.051,1920,30.2,7/22/2026 8:52:51,16.5,0,22.4,1.3,
0,10.103,1933.33,30.2,7/22/2026 8:52:58,16.5,0,22.74,1.09,
0,10.162,2003.33,30.2,7/22/2026 8:53:06,16.5,0,22.76,1.41,
0,10.234,2067.5,30.2,7/22/2026 8:53:13,16.5,0,22.73,1.1,
0,10.196,2084.17,30.2,7/22/2026 8:53:16,16.5,0,22.82,1.42,
0,10.198,2094.17,30.2,7/22/2026 8:53:17,16.5,0,22.82,1.42,
0,10.236,2106.67,30.2,7/22/2026 8:53:21,16.5,0,22.8,1.41,
0,10.124,2122.5,30.2,7/22/2026 8:53:30,16.5,0,22.77,1.23,
0,10.174,2105,30.2,7/22/2026 8:53:35,16.5,0,22.6,1.04,
0,10.21,2083.33,30.2,7/22/2026 8:53:39,16.5,0,22.94,0.96,
0,10.153,1970.83,30.2,7/22/2026 8:53:47,16.5,0,22.67,0.93,
0,10.21,1848.33,30.2,7/22/2026 8:53:54,16.5,0,22.56,1.15,
0,10.22,1775.83,30.2,7/22/2026 8:54:00,16.5,0,22.63,1.39,
0,10.063,1746.67,30.2,7/22/2026 8:54:06,16.5,0,22.64,0.84,
0,10.178,1713.33,30.2,7/22/2026 8:54:13,16.5,0,22.53,0.87,
0,10.157,1713.33,30.2,7/22/2026 8:54:17,16.5,0,22.69,1.4,
0,10.128,1710,30.2,7/22/2026 8:54:22,16.5,0,22.5,0.81,
0,10.128,1710,30.2,7/22/2026 8:54:26,16.5,0,22.48,1.36,
0,10.213,1720,30.2,7/22/2026 8:54:30,16.5,0,22.37,1.18,
0,10.234,1764.17,30.2,7/22/2026 8:54:35,16.5,0,22.32,1.35,
0,10.2,1771.67,30.2,7/22/2026 8:54:39,16.5,0,22.48,0.99,
0,10.086,1799.17,30.2,7/22/2026 8:54:44,16.5,0,22.56,1.11,
0,10.073,1832.5,30.2,7/22/2026 8:54:49,16.5,0,22.64,1.35,
0,10.098,1850,30.2,7/22/2026 8:54:53,16.5,0,22.61,1.36,
0,10.137,1868.33,30.2,7/22/2026 8:54:58,16.5,0,22.53,1.1,
0,10.185,1885,30.2,7/22/2026 8:55:02,16.5,0,22.54,1.43,
0,10.118,1919.17,30.2,7/22/2026 8:55:06,16.5,0,22.64,1.25,
0,10.142,1951.67,30.2,7/22/2026 8:55:10,16.5,0,22.66,0.95,
0,10.124,1961.67,30.2,7/22/2026 8:55:14,16.5,0,22.71,1.3,
0,10.148,1977.5,30.2,7/22/2026 8:55:18,16.5,0,22.76,1.45,
0,10.121,2012.5,30.2,7/22/2026 8:55:23,16.5,0,22.72,1.22,
0,10.116,2055.83,30.2,7/22/2026 8:55:27,16.5,0,22.77,1.14,
0,10.101,2072.5,30.3,7/22/2026 8:55:32,16.5,0,22.86,0.94,
0,10.24,2094.17,30.6,7/22/2026 8:55:36,16.5,0,22.74,1.38,
0,10.138,2130,30.8,7/22/2026 8:55:40,16.5,0,22.57,1.16,
0,10.116,2147.5,30.8,7/22/2026 8:55:44,16.5,0,23.1,1.01,
0,10.234,2161.67,30.8,7/22/2026 8:55:44,16.5,0,23.1,1.01,
0,10.142,2219.17,30.8,7/22/2026 8:55:56,16.5,0,22.85,0.82,
0,10.06,2232.5,30.8,7/22/2026 8:56:00,16.5,0,22.96,1.48,
0,10.147,2250,30.8,7/22/2026 8:56:04,16.5,0,23.21,1.46,
0,10.182,2258.33,30.8,7/22/2026 8:56:09,16.5,0,23.18,1.44,
0,10.14,2261.67,30.8,7/22/2026 8:56:13,16.5,0,22.87,0.95,
0,10.062,2275.83,30.8,7/22/2026 8:56:17,16.5,0,23.21,1.08,
0,10.067,2280.83,30.8,7/22/2026 8:56:21,16.5,0,23.12,1.11,
0,10.057,2282.5,30.8,7/22/2026 8:56:25,16.5,0,23.02,0.81,
0,10.171,2254.17,30.8,7/22/2026 8:56:30,16.5,0,23.07,1.43,
0,10.101,2269.17,30.8,7/22/2026 8:56:34,16.5,0,23.07,0.93,
0,10.091,2225.83,30.8,7/22/2026 8:56:38,16.5,0,23.07,0.87,
0,10.125,2240.83,30.8,7/22/2026 8:56:43,16.5,0,23.08,0.98,
0,10.058,2229.17,30.8,7/22/2026 8:56:47,16.5,0,23.04,1.45,
0,10.202,2180.83,30.8,7/22/2026 8:56:51,16.5,0,22.96,1.14,
0,10.11,2182.5,30.8,7/22/2026 8:56:56,16.5,0,22.97,0.95,
0,10.24,2190,30.8,7/22/2026 8:57:00,16.5,0,23.21,1.45,
0,10.116,2195.83,30.8,7/22/2026 8:57:05,16.5,0,23.03,1.13,
0,10.173,2197.5,30.5,7/22/2026 8:57:09,16.5,0,23.02,1.46,
0,10.23,2210.83,30.2,7/22/2026 8:57:13,16.5,0,23.09,1.46,
0,10.114,2196.67,30.2,7/22/2026 8:57:18,16.5,0,23.02,1.41,
0,10.105,2204.17,30.2,7/22/2026 8:57:18,16.5,0,23.02,1.41,
0,10.205,2217.5,30.2,7/22/2026 8:57:23,16.5,0,22.99,1.05,
0,10.024,2217.5,30.2,7/22/2026 8:57:27,16.5,0,23.03,1.37,
0,10.139,2237.5,30.2,7/22/2026 8:57:31,16.5,0,22.97,1.41,
0,10.027,2264.17,30.2,7/22/2026 8:57:35,16.5,0,22.91,0.99,
0,10.16,2278.33,30.2,7/22/2026 8:57:40,16.5,0,22.97,1.34,
0,10.196,2295,30.2,7/22/2026 8:57:44,16.5,0,22.89,1.32,
0,10.191,2296.67,30.2,7/22/2026 8:57:46,16.5,0,22.99,0.91,
0,10.084,2313.33,30.2,7/22/2026 8:57:49,16.5,0,23.04,0.82,
0,10.059,2320,30.2,7/22/2026 8:57:53,16.5,0,23.12,1.32,
0,10.081,2335.83,30.2,7/22/2026 8:57:57,16.5,0,23.32,1.38,
0,10.176,2364.17,30.2,7/22/2026 8:58:01,16.5,0,23.06,1.44,
0,10.039,2371.67,30.2,7/22/2026 8:58:06,16.5,0,23.28,1.48,
0,9.971,2420.83,30.2,7/22/2026 8:58:18,16.5,0,23.3,1.08,
0,10.046,2430,30.2,7/22/2026 8:58:20,16.5,0,23.22,0.99,
0,10.047,2435.83,30.2,7/22/2026 8:58:22,16.5,0,23.26,1.03,
0,10.185,2445.83,30.2,7/22/2026 8:58:26,16.5,0,23.28,1.32,
0,10.088,2424.17,30.2,7/22/2026 8:58:30,16.5,0,23.43,1.35,
0,10.135,2449.17,30.2,7/22/2026 8:58:34,16.5,0,22.79,0.89,
0,10.22,2466.67,30.2,7/22/2026 8:58:39,16.5,0,23.42,1.13,
0,9.992,2489.17,30.2,7/22/2026 8:58:43,16.5,0,23.16,1.23,
0,10.147,2490.83,30.2,7/22/2026 8:58:47,16.5,0,23.29,1.21,
0,10.186,2490.83,30.2,7/22/2026 8:58:51,16.5,0,23.33,1.35,
0,10.142,2484.17,30.2,7/22/2026 8:58:55,16.5,0,23.25,0.99,
0,10.162,2460,30.2,7/22/2026 8:58:59,16.5,0,23.21,1.45,
0,10.149,2446.67,30.2,7/22/2026 8:58:59,16.5,0,23.21,1.45,
0,10.149,2446.67,30.2,7/22/2026 8:59:04,16.5,0,23.21,1.09,
0,10.184,2410,30.2,7/22/2026 8:59:08,16.5,0,23.23,1.05,
0,10.169,2360,30.2,7/22/2026 8:59:12,16.5,0,23.23,1.25,
0,10.2,2313.33,30.2,7/22/2026 8:59:19,16.5,0,23.04,1.45,
0,10.166,2308.33,30.2,7/22/2026 8:59:24,16.5,0,23.15,1.25,
0,10.119,2294.17,30.2,7/22/2026 8:59:28,16.5,0,23.01,1.22,
0,10.119,2294.17,30.2,7/22/2026 8:59:32,16.5,0,22.94,1.18,
0,10.141,2278.33,30.2,7/22/2026 8:59:37,16.5,0,23.09,1.05,
0,10.19,2245,30.2,7/22/2026 8:59:44,16.5,0,22.85,1.3,
0,10.19,2245,30.2,7/22/2026 8:59:44,16.5,0,22.85,1.3,
0,10.161,2231.67,30.2,7/22/2026 8:59:51,16.5,0,22.83,0.86,
0,10.027,2205,30.2,7/22/2026 8:59:57,16.5,0,23.02,1.34,
0,10.219,2181.67,30.2,7/22/2026 9:00:04,16.5,0,22.74,1.33,
0,10.054,2183.33,30.2,7/22/2026 9:00:04,16.5,0,22.74,1.33,
0,10.219,2181.67,30.2,7/22/2026 9:00:09,16.5,0,22.66,0.83,
0,10.124,2175.83,30.2,7/22/2026 9:00:13,16.5,0,22.77,1.45,
0,10.104,2188.33,30.5,7/22/2026 9:00:19,16.5,0,22.83,0.96,
0,10.165,2200,30.7,7/22/2026 9:00:23,16.5,0,22.79,0.86,
0,10.221,2232.5,30.8,7/22/2026 9:00:30,16.5,0,22.9,1.24,
0,10.162,2261.67,30.8,7/22/2026 9:00:34,16.5,0,22.83,1.17,
0,10.125,2285.83,30.8,7/22/2026 9:00:38,16.5,0,23.03,0.82,
0,10.199,2324.17,30.8,7/22/2026 9:00:42,16.5,0,22.96,0.82,
0,10.199,2324.17,30.8,7/22/2026 9:00:46,16.5,0,22.99,1.01,
0,10.244,2425.83,30.6,7/22/2026 9:00:54,16.5,0,23.02,0.9,
0,10.244,2425.83,30.6,7/22/2026 9:00:58,16.5,0,23.18,1.31,
0,10.182,2529.17,30.2,7/22/2026 9:01:06,16.5,0,23.22,1.33,
0,10.21,2549.17,30.2,7/22/2026 9:01:10,16.5,0,23.11,1.37,
0,10.232,2609.17,30.2,7/22/2026 9:01:17,16.5,0,23.23,0.92,
0,10.223,2631.67,30.2,7/22/2026 9:01:25,16.5,0,23.3,1.28,
0,10.132,2636.67,30.6,7/22/2026 9:01:29,16.5,0,23.4,1.28,
0,10.139,2632.5,30.8,7/22/2026 9:01:34,16.5,0,23.6,0.91,
0,10.14,2616.67,30.8,7/22/2026 9:01:38,16.5,0,23.51,1.42,
0,10.199,2593.33,30.8,7/22/2026 9:01:42,16.5,0,23.42,1.35,
0,10.145,2547.5,30.8,7/22/2026 9:01:47,16.5,0,23.42,0.97,
0,10.13,2520.83,30.8,7/22/2026 9:01:47,16.5,0,23.42,0.97,
0,10.183,2489.17,30.8,7/22/2026 9:01:52,16.5,0,23.42,1.23,
0,10.134,2465,30.8,7/22/2026 9:01:56,16.5,0,23.39,1.33,
0,10.056,2427.5,30.8,7/22/2026 9:02:00,16.5,0,23.42,1.11,
0,10.158,2330,30.8,7/22/2026 9:02:05,16.5,0,23.31,1.25,
0,10.087,2299.17,30.8,7/22/2026 9:02:09,16.5,0,23.32,1.17,
0,10.073,2251.67,30.8,7/22/2026 9:02:17,16.5,0,23.32,1.28,
0,10.169,2236.67,30.8,7/22/2026 9:02:21,16.5,0,23.43,1.05,
0,10.161,2250,30.8,7/22/2026 9:02:26,16.5,0,23.46,1.41,
0,10.164,2256.67,30.8,7/22/2026 9:02:30,16.5,0,23.28,1.08,
0,10.103,2257.5,30.8,7/22/2026 9:02:34,16.5,0,23.28,1.46,
0,10.098,2265,30.8,7/22/2026 9:02:38,16.5,0,23.04,0.82,
0,10.066,2290.83,30.8,7/22/2026 9:02:46,16.5,0,23.42,1.34,
0,10.087,2364.17,30.8,7/22/2026 9:02:51,16.5,0,23.36,0.86,
0,10.026,2340.83,30.8,7/22/2026 9:02:51,16.5,0,23.36,0.86,
0,10.207,2384.17,30.8,7/22/2026 9:02:56,16.5,0,23.33,1.2,
0,10.099,2406.67,30.8,7/22/2026 9:03:00,16.5,0,23.31,0.89,
0,10.018,2446.67,30.8,7/22/2026 9:03:06,16.5,0,23.31,1.34,
0,10.116,2474.17,30.8,7/22/2026 9:03:11,16.5,0,23.4,1.43,
0,10.205,2489.17,30.8,7/22/2026 9:03:15,16.5,0,23.61,1.1,
0,10.065,2554.17,30.8,7/22/2026 9:03:22,16.5,0,23.39,1.25,
0,10.078,2610.83,30.8,7/22/2026 9:03:30,16.5,0,23.31,1.18,
0,10.04,2651.67,30.8,7/22/2026 9:03:34,16.5,0,23.45,1.33,
0,10.017,2688.33,30.8,7/22/2026 9:03:41,16.5,0,23.48,0.97,
0,10.032,2714.17,30.8,7/22/2026 9:03:51,16.5,0,23.28,1.04,
0,10.032,2714.17,30.8,7/22/2026 9:03:55,16.5,0,23.73,0.81,
0,9.987,2716.67,30.8,7/22/2026 9:03:55,16.5,0,23.73,0.81,
0,10.13,2718.33,30.8,7/22/2026 9:04:00,16.5,0,23.63,0.96,
0,10.074,2717.5,30.8,7/22/2026 9:04:04,16.5,0,23.63,0.86,
0,10.047,2720,30.8,7/22/2026 9:04:08,16.5,0,23.78,1.4,
0,10.235,2715,31.3,7/22/2026 9:04:17,16.5,0,23.78,0.99,
0,10.218,2699.17,31.2,7/22/2026 9:04:21,16.5,0,23.72,0.9,
0,10.153,2687.5,31.3,7/22/2026 9:04:28,16.5,0,23.63,1.1,
0,10.159,2665,31.3,7/22/2026 9:04:33,16.5,0,23.7,0.93,
0,10.018,2654.17,31.3,7/22/2026 9:04:38,16.5,0,23.74,1.24,
0,10.083,2625.83,31.3,7/22/2026 9:04:45,16.5,0,23.68,0.88,
0,10.079,2600,31.3,7/22/2026 9:04:49,16.5,0,23.8,1.25,
0,10.108,2584.17,31.3,7/22/2026 9:04:55,16.5,0,23.73,0.95,
0,10.119,2573.33,31.3,7/22/2026 9:04:59,16.5,0,23.66,1.16,
0,10.122,2560,31.3,7/22/2026 9:05:04,16.5,0,23.62,1.35,
0,10.051,2536.67,31.3,7/22/2026 9:05:08,16.5,0,23.63,1.34,
0,10.086,2525,31.3,7/22/2026 9:05:13,16.5,0,23.75,1.3,
0,10.079,2516.67,31.3,7/22/2026 9:05:18,16.5,0,23.66,0.88,
0,10.139,2492.5,31.3,7/22/2026 9:05:22,16.5,0,23.51,0.98,
0,10.042,2477.5,31.3,7/22/2026 9:05:27,16.5,0,23.51,1.21,
0,10.119,2453.33,31.3,7/22/2026 9:05:32,16.5,0,23.51,1.09,
0,10.061,2424.17,31.3,7/22/2026 9:05:36,16.5,0,23.51,1.2,
0,10.06,2398.33,31.3,7/22/2026 9:05:40,16.5,0,23.51,0.83,
0,10.136,2360,31.3,7/22/2026 9:05:45,16.5,0,23.42,1.06,
0,10.162,2317.5,31.3,7/22/2026 9:05:50,16.5,0,23.34,1,
0,10.097,2290.83,31.3,7/22/2026 9:05:54,16.5,0,23.37,0.85,
0,10.17,2264.17,31.3,7/22/2026 9:05:59,16.5,0,23.32,1.08,
0,9.996,2193.33,31.3,7/22/2026 9:06:05,16.5,0,23.31,1.41,
0,10.061,2173.33,31.3,7/22/2026 9:06:10,16.5,0,23.32,1.43,
0,10.108,2118.33,31.3,7/22/2026 9:06:14,16.5,0,23.28,1.37,
0,10.081,2087.5,31.3,7/22/2026 9:06:19,16.5,0,23.31,0.97,
0,10.04,2059.17,31.3,7/22/2026 9:06:22,16.5,0,23.31,1.15,
0,10.103,2008.33,31.3,7/22/2026 9:06:27,16.5,0,23.2,1.04,
0,10.066,1996.67,31.3,7/22/2026 9:06:31,16.5,0,23.25,1.35,
0,10.104,1947.5,31.3,7/22/2026 9:06:35,16.5,0,23.25,1.33,
0,10.087,1920.83,31.3,7/22/2026 9:06:39,16.5,0,23.25,1.27,
0,10.081,1898.33,31.3,7/22/2026 9:06:43,16.5,0,23.12,1.19,
0,10.073,1866.67,31.3,7/22/2026 9:06:43,16.5,0,23.12,1.19,
0,10.155,1837.5,31.3,7/22/2026 9:06:48,16.5,0,23.17,1.19,
0,10.193,1808.33,31.3,7/22/2026 9:06:52,16.5,0,22.84,1.1,
0,10.051,1753.33,31.3,7/22/2026 9:06:57,16.5,0,23.02,0.81,
0,10.155,1729.17,31.3,7/22/2026 9:06:57,16.5,0,23.02,0.81,
0,10.084,1700.83,31.3,7/22/2026 9:07:02,16.5,0,23.1,1.01,
0,10.114,1656.67,31.3,7/22/2026 9:07:07,16.5,0,22.93,1.24,
0,10.092,1613.33,31.3,7/22/2026 9:07:10,16.5,0,22.89,0.92,
0,10.083,1592.5,31.3,7/22/2026 9:07:15,16.5,0,22.76,1.2,
0,10.092,1566.67,31.3,7/22/2026 9:07:19,16.5,0,23.09,0.87,
0,10.005,1507.5,31.3,7/22/2026 9:07:23,16.5,0,22.91,0.88,
0,10.037,1488.33,31.3,7/22/2026 9:07:27,16.5,0,22.84,0.95,
0,10.065,1447.5,31.3,7/22/2026 9:07:31,16.5,0,23.02,1.01,
0,9.957,1419.17,31.3,7/22/2026 9:07:35,16.5,0,22.83,1.34,
0,10.09,1400,31.3,7/22/2026 9:07:40,16.5,0,22.84,0.88,
0,10.089,1388.33,31.3,7/22/2026 9:07:44,16.5,0,22.78,1.27,
0,10.151,1372.5,31.3,7/22/2026 9:07:48,16.5,0,22.77,0.82,
0,9.989,1358.33,31.3,7/22/2026 9:07:53,16.5,0,22.69,1.27,
0,10.133,1354.17,31.3,7/22/2026 9:07:58,16.5,0,22.8,0.95,
0,10.076,1350,31.3,7/22/2026 9:07:58,16.5,0,22.8,0.95,
0,10.017,1346.67,31.3,7/22/2026 9:08:02,16.5,0,22.56,1.18,
0,10.03,1340.83,31.3,7/22/2026 9:08:06,16.5,0,22.74,1.19,
0,10.06,1335,31.3,7/22/2026 9:08:10,16.5,0,22.74,1.01,
0,9.977,1335.83,31.3,7/22/2026 9:08:15,16.5,0,22.77,1.35,
0,10.062,1341.67,31.3,7/22/2026 9:08:19,16.5,0,22.52,1,
0,10.109,1353.33,31.3,7/22/2026 9:08:23,16.5,0,22.69,0.84,
0,10.109,1353.33,31.3,7/22/2026 9:08:23,16.5,0,22.69,0.84,
0,9.923,1360,31.3,7/22/2026 9:08:28,16.5,0,22.65,1.22,
0,10.074,1367.5,31.3,7/22/2026 9:08:32,16.5,0,22.83,1.2,
0,10.152,1384.17,31.3,7/22/2026 9:08:36,16.5,0,22.68,1.11,
0,9.972,1391.67,31.3,7/22/2026 9:08:40,16.5,0,22.77,1.47,
0,10.184,1396.67,31.3,7/22/2026 9:08:44,16.5,0,22.7,1.42,
0,10.184,1396.67,31.3,7/22/2026 9:08:44,16.5,0,22.7,1.42,
0,10.152,1403.33,31.3,7/22/2026 9:08:49,16.5,0,22.71,1.32,
0,10.168,1405,31.3,7/22/2026 9:08:53,16.5,0,22.67,0.82,
0,10.181,1410,31.3,7/22/2026 9:08:57,16.5,0,22.7,0.83,
0,10.048,1413.33,31.3,7/22/2026 9:09:01,16.5,0,22.81,0.82,
0,10.052,1410.83,31.3,7/22/2026 9:09:06,16.5,0,22.7,0.92,
0,10.06,1412.5,31.3,7/22/2026 9:09:10,16.5,0,22.87,0.9,
0,10.089,1403.33,31.3,7/22/2026 9:09:15,16.5,0,22.66,1.26,
0,10.111,1405,31.3,7/22/2026 9:09:19,16.5,0,22.34,0.88,
0,10.102,1405,31.3,7/22/2026 9:09:23,16.5,0,22.77,1.21,
0,10.166,1404.17,31.3,7/22/2026 9:09:27,16.5,0,22.77,1.39,
0,10.041,1400.83,31.3,7/22/2026 9:09:31,16.5,0,22.63,0.9,
0,10.163,1396.67,31.3,7/22/2026 9:09:36,16.5,0,22.51,1.4,
0,10.102,1389.17,31.3,7/22/2026 9:09:41,16.5,0,22.65,1.16,
0,10.12,1393.33,31.3,7/22/2026 9:09:41,16.5,0,22.65,1.16,
0,10.088,1386.67,31.3,7/22/2026 9:09:45,16.5,0,22.84,1.28,
0,10.037,1377.5,31.3,7/22/2026 9:09:49,16.5,0,22.71,0.95,
0,10.067,1374.17,31.3,7/22/2026 9:09:53,16.5,0,22.7,1.06,
0,10.02,1368.33,31.3,7/22/2026 9:09:57,16.5,0,22.72,1,
0,10.027,1357.5,31.3,7/22/2026 9:10:01,16.5,0,22.65,1.35,
0,10.027,1357.5,31.3,7/22/2026 9:10:01,16.5,0,22.65,1.35,
0,10.087,1352.5,31.3,7/22/2026 9:10:05,16.5,0,22.72,0.94,
0,10.054,1348.33,31.3,7/22/2026 9:10:09,16.5,0,22.64,0.87,
0,10.138,1341.67,31.3,7/22/2026 9:10:14,16.5,0,22.63,1.23,
0,10.107,1335,31.3,7/22/2026 9:10:19,16.5,0,22.67,0.98,
0,10.058,1330.83,31.3,7/22/2026 9:10:23,16.5,0,22.64,1.35,
0,9.953,1323.33,31.5,7/22/2026 9:10:27,16.5,0,22.87,0.9,
0,9.953,1323.33,31.5,7/22/2026 9:10:27,16.5,0,22.87,0.9,
0,10.021,1322.5,31.6,7/22/2026 9:10:31,16.5,0,22.66,1.1,
0,10.144,1317.5,31.7,7/22/2026 9:10:36,16.5,0,22.6,1.14,
0,10.13,1318.33,31.3,7/22/2026 9:10:41,16.5,0,22.7,1.21,
0,10.13,1318.33,31.3,7/22/2026 9:10:41,16.5,0,22.7,1.21,
0,10.143,1315.83,31.3,7/22/2026 9:10:45,16.5,0,22.83,1.25,
0,10.137,1318.33,31.3,7/22/2026 9:10:49,16.5,0,22.63,1.48,
0,10.189,1319.17,31.3,7/22/2026 9:10:54,16.5,0,22.64,1.19,
0,10.251,1319.17,31.3,7/22/2026 9:10:58,16.5,0,22.74,1.45,
0,10.09,1321.67,31.3,7/22/2026 9:11:04,16.5,0,22.75,1.18,
0,10.114,1321.67,31.3,7/22/2026 9:11:09,16.5,0,22.83,0.88,
0,10.051,1320.83,31.3,7/22/2026 9:11:09,16.5,0,22.83,0.88,
0,10.11,1321.67,31.3,7/22/2026 9:11:14,16.5,0,22.67,1.04,
0,10.092,1320.83,31.3,7/22/2026 9:11:18,16.5,0,22.72,1.47,
0,10.073,1321.67,31.3,7/22/2026 9:11:23,16.5,0,22.72,1.14,
0,10.089,1320,31.3,7/22/2026 9:11:27,16.5,0,22.72,0.82,
0,9.991,1324.17,31.3,7/22/2026 9:11:32,16.5,0,22.65,0.97,
0,10.118,1324.17,31.3,7/22/2026 9:11:36,16.5,0,22.67,0.98,
0,10.096,1325,31.3,7/22/2026 9:11:41,16.5,0,22.75,1.04,
0,10.114,1323.33,31.3,7/22/2026 9:11:45,16.5,0,22.67,1.29,
0,9.95,1325,31.3,7/22/2026 9:11:50,16.5,0,22.67,1.36,
0,10.053,1324.17,31.3,7/22/2026 9:11:55,16.5,0,22.79,1.22,
0,10.091,1325,31.3,7/22/2026 9:11:59,16.5,0,22.8,0.87,
0,10.105,1325,31.3,7/22/2026 9:12:03,16.5,0,22.48,0.87,
0,10.077,1325.83,31.3,7/22/2026 9:12:08,16.5,0,22.7,0.99,
0,10.028,1325.83,31.3,7/22/2026 9:12:13,16.5,0,22.72,1.47,
0,10.241,1329.17,31.3,7/22/2026 9:12:18,16.5,0,22.65,0.94,
0,10.042,1333.33,31.3,7/22/2026 9:12:22,16.5,0,22.78,1.16,
0,10.048,1338.33,31.3,7/22/2026 9:12:27,16.5,0,22.9,1.21,
0,10.001,1346.67,31.3,7/22/2026 9:12:31,16.5,0,22.76,1.09,
0,9.986,1350.83,31.3,7/22/2026 9:12:35,16.5,0,22.77,1.1,
0,9.994,1354.17,31.3,7/22/2026 9:12:39,16.5,0,22.82,1.25,
0,10.029,1367.5,31.3,7/22/2026 9:12:44,16.5,0,22.74,1.46,
0,10.099,1379.17,31.3,7/22/2026 9:12:48,16.5,0,22.89,1.26,
0,10.015,1388.33,31.3,7/22/2026 9:12:52,16.5,0,22.85,1.29,
0,10.052,1399.17,31.3,7/22/2026 9:12:56,16.5,0,22.92,1.25,
0,10.045,1405,31.3,7/22/2026 9:13:01,16.5,0,22.84,1.14,
0,10.109,1396.67,31.3,7/22/2026 9:13:01,16.5,0,22.84,1.14,
0,10.142,1410.83,31.3,7/22/2026 9:13:05,16.5,0,22.89,1.08,
0,9.975,1417.5,31.3,7/22/2026 9:13:10,16.5,0,22.97,1.09,
0,9.998,1421.67,31.3,7/22/2026 9:13:14,16.5,0,23.03,1.23,
0,10.041,1423.33,31.3,7/22/2026 9:13:18,16.5,0,22.96,0.89,
0,9.966,1425,31.3,7/22/2026 9:13:23,16.5,0,22.73,1,
0,10.052,1426.67,31.3,7/22/2026 9:13:27,16.5,0,23.18,1.44,
0,9.964,1423.33,31.3,7/22/2026 9:13:32,16.5,0,23.05,1.01,
0,10.127,1426.67,31.3,7/22/2026 9:13:36,16.5,0,22.98,1.03,
0,10.044,1430.83,31.3,7/22/2026 9:13:41,16.5,0,23.15,1.15,
0,10.071,1436.67,31.3,7/22/2026 9:13:47,16.5,0,23.21,1.25,
0,10.111,1435.83,31.3,7/22/2026 9:13:51,16.5,0,23.16,1.29,
0,10.109,1435.83,31.3,7/22/2026 9:13:55,16.5,0,23.23,0.95,
0,10.12,1436.67,31.3,7/22/2026 9:14:00,16.5,0,23.17,1.11,
0,10.074,1440,31.3,7/22/2026 9:14:05,16.5,0,22.93,1.25,
0,10.149,1436.67,31.3,7/22/2026 9:14:10,16.5,0,23.08,1.33,
0,9.948,1430.83,31.3,7/22/2026 9:14:15,16.5,0,23.1,0.86,
0,9.934,1426.67,31.3,7/22/2026 9:14:19,16.5,0,23.26,1.2,
0,10.167,1422.5,31.3,7/22/2026 9:14:23,16.5,0,23.07,1.14,
0,10.042,1414.17,31.3,7/22/2026 9:14:30,16.5,0,23.07,1.38,
0,10.081,1412.5,31.3,7/22/2026 9:14:34,16.5,0,23.09,1.41,
0,10.09,1406.67,31.3,7/22/2026 9:14:38,16.5,0,23.12,0.98,
0,10.049,1399.17,31.3,7/22/2026 9:14:43,16.5,0,23.09,1.26,
0,10.179,1395.83,31.3,7/22/2026 9:14:47,16.5,0,23.17,1.07,
0,9.968,1396.67,31.3,7/22/2026 9:14:47,16.5,0,23.17,1.07,
0,10.167,1390.83,31.3,7/22/2026 9:14:51,16.5,0,23.02,1.02,
0,10.13,1381.67,31.3,7/22/2026 9:14:55,16.5,0,23.13,0.99,
0,10.178,1376.67,31.3,7/22/2026 9:15:00,16.5,0,23.01,1.14,
0,10.044,1364.17,31.3,7/22/2026 9:15:04,16.5,0,23.01,1.1,
0,10.158,1358.33,31.3,7/22/2026 9:15:08,16.5,0,22.94,1.3,
0,10.162,1342.5,31.3,7/22/2026 9:15:13,16.5,0,22.75,0.97,
0,10.011,1330.83,31.3,7/22/2026 9:15:13,16.5,0,22.75,0.97,
0,10.102,1324.17,31.3,7/22/2026 9:15:17,16.5,0,23.04,1.11,
0,10.114,1307.5,31.3,7/22/2026 9:15:22,16.5,0,22.96,1.14,
0,10.053,1295,31.3,7/22/2026 9:15:26,16.5,0,23.01,1.31,
0,9.982,1285,31.3,7/22/2026 9:15:30,16.5,0,22.82,0.85,
0,10.082,1276.67,31.3,7/22/2026 9:15:30,16.5,0,22.82,0.85,
0,10.082,1276.67,31.3,7/22/2026 9:15:34,16.5,0,22.43,1.34,
0,10.115,1265.83,31.3,7/22/2026 9:15:35,16.5,0,22.43,1.34,
0,10.115,1265.83,31.3,7/22/2026 9:15:38,16.5,0,22.84,0.82,
0,9.994,1245.83,31.3,7/22/2026 9:15:43,16.5,0,22.77,1.38,
0,10.105,1240,31.3,7/22/2026 9:15:47,16.5,0,22.93,1.46,
0,10.107,1228.33,31.3,7/22/2026 9:15:51,16.5,0,22.8,0.96,
0,10.088,1223.33,31.3,7/22/2026 9:15:56,16.5,0,22.72,1.23,
0,10.11,1216.67,31.3,7/22/2026 9:16:00,16.5,0,22.77,0.95,
0,10.008,1209.17,31.3,7/22/2026 9:16:00,16.5,0,22.77,0.95,
0,10.045,1205.83,31.3,7/22/2026 9:16:05,16.5,0,22.73,0.93,
0,10.107,1184.17,31.3,7/22/2026 9:16:10,16.5,0,22.87,1.18,
0,10.085,1169.17,31.3,7/22/2026 9:16:14,16.5,0,22.87,1.16,
0,10.026,1173.33,31.3,7/22/2026 9:16:18,16.5,0,22.67,0.99,
0,10.121,1163.33,31.3,7/22/2026 9:16:21,16.5,0,22.64,1.03,
0,9.95,1157.5,31.3,7/22/2026 9:16:26,16.5,0,22.62,1.39,
0,10.077,1148.33,31.3,7/22/2026 9:16:30,16.5,0,22.55,1.14,
0,10.11,1142.5,31.3,7/22/2026 9:16:34,16.5,0,22.46,1.18,
0,10.116,1134.17,31.3,7/22/2026 9:16:38,16.5,0,22.67,0.94,
0,10.126,1120.83,31.2,7/22/2026 9:16:43,16.5,0,22.48,1.44,
0,10.165,1127.5,31.3,7/22/2026 9:16:42,16.5,0,22.48,1.44,
0,10.125,1116.67,30.9,7/22/2026 9:16:47,16.5,0,22.54,0.84,
0,10.116,1107.5,30.8,7/22/2026 9:16:48,16.5,0,22.54,0.84,
0,10.092,1102.5,30.8,7/22/2026 9:16:52,16.5,0,22.38,1.07,
0,9.984,1092.5,30.8,7/22/2026 9:16:57,16.5,0,22.45,1.22,
0,10.072,1085.83,30.8,7/22/2026 9:17:02,16.5,0,22.35,1.12,
0,10.102,1081.67,30.8,7/22/2026 9:17:06,16.5,0,22.33,0.98,
0,9.965,1079.17,30.8,7/22/2026 9:17:06,16.5,0,22.33,0.98,
0,10.138,1072.5,30.8,7/22/2026 9:17:10,16.5,0,22.43,1.01,
0,10.008,1062.5,30.8,7/22/2026 9:17:14,16.5,0,22.31,1.15,
0,10.121,1060,30.8,7/22/2026 9:17:18,16.5,0,22.28,0.81,
0,10.045,1056.67,30.8,7/22/2026 9:17:18,16.5,0,22.28,0.81,
0,10.061,1051.67,30.8,7/22/2026 9:17:23,16.5,0,22.43,0.82,
0,10.108,1042.5,30.8,7/22/2026 9:17:27,16.5,0,22.48,0.89,
0,9.985,1037.5,30.8,7/22/2026 9:17:31,16.5,0,22.34,0.9,
0,9.988,1030.83,30.8,7/22/2026 9:17:35,16.5,0,22.18,0.9,
0,10.098,1019.17,30.8,7/22/2026 9:17:39,16.5,0,22.11,1.15,
0,10.064,1012.5,30.8,7/22/2026 9:17:43,16.5,0,22.1,1.31,
0,10.12,999.17,30.8,7/22/2026 9:17:48,16.5,0,22.07,0.95,
0,10.022,988.33,30.8,7/22/2026 9:17:53,16.5,0,22.04,0.87,
0,10.11,982.5,30.8,7/22/2026 9:17:58,16.5,0,21.92,0.96,
0,10.064,965.83,30.9,7/22/2026 9:18:02,16.5,0,22.21,1.18,
0,10.064,965.83,30.9,7/22/2026 9:18:02,16.5,0,22.21,1.18,
0,10.072,960,31,7/22/2026 9:18:07,16.5,0,21.84,0.8,
0,10.072,960,31,7/22/2026 9:18:07,16.5,0,21.84,0.8,
0,9.997,949.17,31.2,7/22/2026 9:18:11,16.5,0,22.2,1.08,
0,10,940,31.3,7/22/2026 9:18:16,16.5,0,21.96,1.24,
0,10.011,935.83,31.3,7/22/2026 9:18:20,16.5,0,22.06,0.94,
0,10.16,925.83,31.3,7/22/2026 9:18:24,16.5,0,21.86,1.34,
0,10.058,916.67,31.3,7/22/2026 9:18:28,16.5,0,21.88,1.01,
0,10.058,916.67,31.3,7/22/2026 9:18:32,16.5,0,22.02,0.94,
0,10.074,904.17,31.3,7/22/2026 9:18:37,16.5,0,21.75,1.2,
0,10.132,899.17,31.3,7/22/2026 9:18:41,16.5,0,21.81,1.36,
0,10.105,895,31.3,7/22/2026 9:18:45,16.5,0,21.8,0.82,
0,10.051,887.5,31.3,7/22/2026 9:18:49,16.5,0,21.79,1.42,
0,10.11,883.33,31.3,7/22/2026 9:18:54,16.5,0,21.75,1.42,
0,10.106,881.67,31.3,7/22/2026 9:18:58,16.5,0,21.76,1.34,
0,10.021,880,31.3,7/22/2026 9:19:01,16.5,0,21.76,1.06,
0,10.09,875,31.3,7/22/2026 9:19:06,16.5,0,21.54,1.02,
0,10.117,871.67,31.3,7/22/2026 9:19:10,16.5,0,21.71,1.13,
0,10.117,871.67,31.3,7/22/2026 9:19:10,16.5,0,21.71,1.13,
0,10.033,870,31.3,7/22/2026 9:19:15,16.5,0,21.79,0.9,
0,10.088,865.83,31.3,7/22/2026 9:19:19,16.5,0,21.65,1.36,
0,10.117,864.17,31.3,7/22/2026 9:19:23,16.5,0,21.7,0.98,
0,10.089,860.83,31.3,7/22/2026 9:19:26,16.5,0,21.84,1.22,
0,10.162,856.67,31.3,7/22/2026 9:19:31,16.5,0,21.65,0.87,
0,10.166,852.5,31.3,7/22/2026 9:19:35,16.5,0,21.69,0.81,
0,10.144,850,31.3,7/22/2026 9:19:39,16.5,0,21.58,0.81,
0,10.179,845,31.3,7/22/2026 9:19:46,16.5,0,21.65,1.25,
0,10.189,842.5,31.3,7/22/2026 9:19:46,16.5,0,21.65,1.25,
0,10.189,838.33,31.3,7/22/2026 9:19:50,16.5,0,21.88,0.86,
0,10.045,833.33,31.3,7/22/2026 9:19:55,16.5,0,21.65,0.93,
0,10.18,830.83,31.3,7/22/2026 9:19:58,16.5,0,21.74,1.06,
0,10.131,825.83,31.3,7/22/2026 9:20:02,16.5,0,21.72,0.95,
0,10.041,821.67,31.3,7/22/2026 9:20:06,16.5,0,21.52,0.88,
0,10.153,818.33,31.3,7/22/2026 9:20:11,16.5,0,21.48,1.4,
0,10.071,815.83,31.3,7/22/2026 9:20:15,16.5,0,21.83,1.25,
0,10.126,810.83,31.3,7/22/2026 9:20:20,16.5,0,21.76,0.99,
0,10.214,807.5,31.3,7/22/2026 9:20:24,16.5,0,21.45,1.34,
0,10.152,805.83,31.3,7/22/2026 9:20:29,16.5,0,21.83,1.23,
0,10.152,805.83,31.3,7/22/2026 9:20:29,16.5,0,21.83,1.23,
0,10.202,804.17,31.3,7/22/2026 9:20:33,16.5,0,21.79,1.3,
0,10.202,804.17,31.3,7/22/2026 9:20:38,16.5,0,21.45,1.15,
0,10.11,800.83,31.3,7/22/2026 9:20:42,16.5,0,21.29,1.12,
0,10.11,800.83,31.3,7/22/2026 9:20:42,16.5,0,21.29,1.12,
0,10.239,800.83,31.3,7/22/2026 9:20:49,16.5,0,21.45,0.81,
0,10.231,802.5,31.3,7/22/2026 9:20:53,16.5,0,21.67,1.27,
0,10.084,805.83,31.3,7/22/2026 9:20:57,16.5,0,21.55,1,
0,10.056,807.5,31.3,7/22/2026 9:21:02,16.5,0,21.42,1.22,
0,10.112,810,31.3,7/22/2026 9:21:02,16.5,0,21.42,1.22,
0,10.147,812.5,31.3,7/22/2026 9:21:06,16.5,0,21.47,1.23,
0,10.087,812.5,31.3,7/22/2026 9:21:11,16.5,0,21.32,1.42,
0,10.107,820,31.3,7/22/2026 9:21:15,16.5,0,21.45,0.84,
0,10.191,824.17,31.3,7/22/2026 9:21:19,16.5,0,21.45,0.8,
0,10.191,824.17,31.3,7/22/2026 9:21:19,16.5,0,21.45,0.8,
0,10.163,826.67,31.3,7/22/2026 9:21:23,16.5,0,21.35,0.89,
0,10.219,830,31.3,7/22/2026 9:21:27,16.5,0,21.52,1.3,
0,10.188,835,31.3,7/22/2026 9:21:30,16.5,0,21.48,1.16,
0,10.17,837.5,31.3,7/22/2026 9:21:35,16.5,0,21.46,1.16,
0,10.13,840.83,31.3,7/22/2026 9:21:39,16.5,0,21.45,0.82,
0,10.186,842.5,31.3,7/22/2026 9:21:44,16.5,0,21.75,0.98,
0,10.202,844.17,31.3,7/22/2026 9:21:44,16.5,0,21.75,0.98,
0,10.185,845.83,31.3,7/22/2026 9:21:48,16.5,0,21.56,1.17,
0,10.241,851.67,31.3,7/22/2026 9:21:52,16.5,0,21.65,1.3,
0,10.13,851.67,31.3,7/22/2026 9:21:57,16.5,0,21.53,1.03,
0,10.223,855.83,31.3,7/22/2026 9:22:01,16.5,0,21.64,1.12,
0,10.091,855,31.3,7/22/2026 9:22:05,16.5,0,21.45,1.39,
0,10.199,860,31.2,7/22/2026 9:22:09,16.5,0,21.82,1.48,
0,10.107,864.17,30.8,7/22/2026 9:22:14,16.5,0,21.57,1.08,
0,10.102,870,30.8,7/22/2026 9:22:18,16.5,0,21.62,1.3,
0,10.165,872.5,30.8,7/22/2026 9:22:22,16.5,0,21.68,0.88,
0,10.245,875,30.8,7/22/2026 9:22:26,16.5,0,21.54,1.4,
0,10.031,879.17,30.8,7/22/2026 9:22:30,16.5,0,21.49,1.09,
0,10.004,881.67,30.8,7/22/2026 9:22:34,16.5,0,21.63,1.3,
0,10.153,885.83,30.8,7/22/2026 9:22:38,16.5,0,21.61,1.14,
0,10.201,886.67,30.8,7/22/2026 9:22:42,16.5,0,21.84,0.98,
0,10.131,893.33,30.8,7/22/2026 9:22:46,16.5,0,21.75,0.85,
0,10.181,896.67,30.8,7/22/2026 9:22:50,16.5,0,21.76,0.84,
0,10.209,899.17,30.8,7/22/2026 9:22:51,16.5,0,21.76,0.84,
0,10.121,902.5,30.8,7/22/2026 9:22:54,16.5,0,21.75,1.35,
0,10.17,906.67,30.8,7/22/2026 9:22:58,16.5,0,21.81,1.01,
0,10.039,911.67,30.8,7/22/2026 9:23:03,16.5,0,21.81,1.23,
0,10.125,916.67,30.8,7/22/2026 9:23:06,16.5,0,21.76,1.25,
0,10.149,920.83,30.9,7/22/2026 9:23:11,16.5,0,21.65,1.16,
0,10.208,925,31.2,7/22/2026 9:23:15,16.5,0,21.86,1.24,
0,10.106,930.83,31.3,7/22/2026 9:23:19,16.5,0,21.86,1.15,
0,10.244,934.17,31.3,7/22/2026 9:23:24,16.5,0,21.84,0.87,
0,10.21,938.33,31.3,7/22/2026 9:23:28,16.5,0,21.88,1.17,
0,10.07,946.67,31.3,7/22/2026 9:23:33,16.5,0,21.92,0.84,
0,10.177,953.33,31.3,7/22/2026 9:23:38,16.5,0,21.83,1.14,
0,10.213,957.5,31.3,7/22/2026 9:23:41,16.5,0,21.91,1.15,
0,10.246,963.33,31.3,7/22/2026 9:23:45,16.5,0,21.96,0.97,
0,10.309,966.67,31.3,7/22/2026 9:23:49,16.5,0,21.98,1.1,
0,10.217,974.17,31.3,7/22/2026 9:23:54,16.5,0,22.15,1.06,
0,10.238,982.5,31.3,7/22/2026 9:23:58,16.5,0,22.08,1.21,
0,10.249,984.17,31.3,7/22/2026 9:24:02,16.5,0,22.24,1.28,
0,10.113,992.5,31.3,7/22/2026 9:24:06,16.5,0,22.05,0.95,
0,10.16,999.17,31.3,7/22/2026 9:24:10,16.5,0,21.8,1.01,
0,10.229,1000,31.3,7/22/2026 9:24:14,16.5,0,22.04,0.89,
0,10.095,1011.67,31.3,7/22/2026 9:24:18,16.5,0,22,1.2,
0,10.299,1015.83,31.3,7/22/2026 9:24:23,16.5,0,22.12,1.39,
0,10.178,1030,31.3,7/22/2026 9:24:27,16.5,0,22.12,1.27,
0,10.255,1037.5,31.3,7/22/2026 9:24:31,16.5,0,22.35,1.23,
0,10.187,1044.17,31.3,7/22/2026 9:24:36,16.5,0,22.43,1.23,
0,10.311,1051.67,31.3,7/22/2026 9:24:40,16.5,0,22.3,1.29,
0,10.02,1058.33,31.3,7/22/2026 9:24:44,16.5,0,22.15,0.96,
0,10.17,1062.5,31.3,7/22/2026 9:24:49,16.5,0,22.2,1.04,
0,10.119,1066.67,31.3,7/22/2026 9:24:53,16.5,0,22.24,0.86,
0,10.185,1073.33,31.3,7/22/2026 9:25:02,16.5,0,22.23,0.97,
0,10.131,1075.83,31.3,7/22/2026 9:25:05,16.5,0,22.33,0.95,
0,10.19,1080.83,31.3,7/22/2026 9:25:09,16.5,0,22.24,0.96,
0,10.19,1080.83,31.3,7/22/2026 9:25:09,16.5,0,22.24,0.96,
0,10.162,1082.5,31.3,7/22/2026 9:25:13,16.5,0,22.24,1.44,
0,10.094,1084.17,31.3,7/22/2026 9:25:18,16.5,0,22.51,1.36,
0,10.186,1085.83,31.3,7/22/2026 9:25:23,16.5,0,21.88,1.1,
0,10.18,1087.5,31.3,7/22/2026 9:25:27,16.5,0,22.52,1.38,
0,10.125,1089.17,31.3,7/22/2026 9:25:31,16.5,0,22.42,1.11,
0,10.235,1090.83,31.3,7/22/2026 9:25:35,16.5,0,22.35,1.36,
0,10.248,1091.67,31.3,7/22/2026 9:25:39,16.5,0,22.28,1.4,
0,10.152,1097.5,31.3,7/22/2026 9:25:44,16.5,0,22.42,1.28,
0,10.214,1099.17,31.3,7/22/2026 9:25:48,16.5,0,22.34,1.29,
0,10.202,1103.33,31.3,7/22/2026 9:25:52,16.5,0,22.4,1.46,
0,10.191,1109.17,31.3,7/22/2026 9:25:56,16.5,0,22.35,1.12,
0,10.169,1118.33,31.3,7/22/2026 9:25:56,16.5,0,22.35,1.12,
0,10.182,1120,31,7/22/2026 9:26:00,16.5,0,22.64,1.05,
0,10.078,1137.5,30.8,7/22/2026 9:26:05,16.5,0,22.43,1.15,
0,10.164,1141.67,30.8,7/22/2026 9:26:09,16.5,0,22.35,0.82,
0,10.134,1156.67,30.8,7/22/2026 9:26:13,16.5,0,22.45,0.96,
0,10.089,1165,30.8,7/22/2026 9:26:18,16.5,0,22.43,1.18,
0,10.104,1178.33,30.8,7/22/2026 9:26:22,16.5,0,22.51,0.8,
0,10.138,1191.67,30.8,7/22/2026 9:26:26,16.5,0,22.55,0.96,
0,10.128,1210,30.8,7/22/2026 9:26:30,16.5,0,22.53,1,
0,10.303,1213.33,30.8,7/22/2026 9:26:34,16.5,0,22.62,0.96,
0,10.122,1229.17,30.8,7/22/2026 9:26:38,16.5,0,22.37,1.15,
0,10.123,1236.67,30.8,7/22/2026 9:26:42,16.5,0,22.79,0.96,
0,10.165,1249.17,30.8,7/22/2026 9:26:47,16.5,0,22.7,1.39,
0,10.08,1260,30.8,7/22/2026 9:26:52,16.5,0,22.65,1.1,
0,10.156,1266.67,30.8,7/22/2026 9:26:56,16.5,0,22.56,1.08,
0,10.144,1276.67,30.8,7/22/2026 9:27:00,16.5,0,22.63,1.09,
0,10.056,1280.83,30.8,7/22/2026 9:27:04,16.5,0,22.69,1,
0,10.108,1294.17,31.2,7/22/2026 9:27:09,16.5,0,22.76,0.88,
0,10.224,1304.17,31.3,7/22/2026 9:27:13,16.5,0,22.83,1.21,
0,10.095,1314.17,31.3,7/22/2026 9:27:18,16.5,0,22.74,0.91,
0,10.193,1320,31.3,7/22/2026 9:27:23,16.5,0,22.83,0.9,
0,10.177,1325,31.3,7/22/2026 9:27:27,16.5,0,22.54,1.49,
0,10.2,1326.67,31.3,7/22/2026 9:27:31,16.5,0,22.78,1.17,
0,10.098,1334.17,31.3,7/22/2026 9:27:35,16.5,0,22.92,1.29,
0,10.232,1336.67,31.3,7/22/2026 9:27:35,16.5,0,22.92,1.29,
0,10.075,1339.17,31.3,7/22/2026 9:27:38,16.5,0,22.92,1.41,
0,10.075,1339.17,31.3,7/22/2026 9:27:43,16.5,0,22.83,0.92,
0,10.13,1350.83,31.3,7/22/2026 9:27:47,16.5,0,22.94,1.47,
0,10.157,1360,31.3,7/22/2026 9:27:51,16.5,0,22.89,0.83,
0,10.187,1365,31.3,7/22/2026 9:27:55,16.5,0,22.92,1.16,
0,10.271,1368.33,31.3,7/22/2026 9:27:59,16.5,0,22.89,0.82,
0,10.035,1387.5,31.3,7/22/2026 9:28:03,16.5,0,23.04,1.46,
0,10.035,1387.5,31.3,7/22/2026 9:28:03,16.5,0,23.04,1.46,
0,10.147,1389.17,31.3,7/22/2026 9:28:07,16.5,0,22.92,1.11,
0,10.184,1402.5,31.3,7/22/2026 9:28:11,16.5,0,23.1,1.12,
0,10.152,1408.33,31.3,7/22/2026 9:28:15,16.5,0,22.97,1.34,
0,10.12,1417.5,31.3,7/22/2026 9:28:19,16.5,0,22.95,1.01,
0,10.086,1432.5,31.3,7/22/2026 9:28:23,16.5,0,23.01,0.94,
0,10.195,1441.67,31.3,7/22/2026 9:28:27,16.5,0,23.04,0.84,
0,10.252,1449.17,31.3,7/22/2026 9:28:27,16.5,0,23.04,0.84,
0,10.151,1464.17,31.3,7/22/2026 9:28:32,16.5,0,22.89,0.96,
0,10.23,1483.33,31.3,7/22/2026 9:28:36,16.5,0,22.99,1.06,
0,10.163,1493.33,31.3,7/22/2026 9:28:39,16.5,0,23.02,1.35,
0,10.156,1501.67,31.3,7/22/2026 9:28:40,16.5,0,23.02,1.35,
0,10.128,1513.33,31.3,7/22/2026 9:28:43,16.5,0,22.72,1.01,
0,10.17,1537.5,31.3,7/22/2026 9:28:48,16.5,0,22.83,0.86,
0,10.139,1550,31.3,7/22/2026 9:28:52,16.5,0,23.02,1.46,
0,10.035,1564.17,31.3,7/22/2026 9:28:52,16.5,0,23.02,1.46,
0,10.063,1577.5,31.3,7/22/2026 9:28:56,16.5,0,23.07,1.19,
0,10.192,1607.5,31.3,7/22/2026 9:29:00,16.5,0,23.07,1.27,
0,10.237,1632.5,31.3,7/22/2026 9:29:05,16.5,0,23.15,1.45,
0,10.125,1659.17,31.3,7/22/2026 9:29:10,16.5,0,23.13,0.89,
0,10.174,1672.5,31.3,7/22/2026 9:29:14,16.5,0,23.12,1.16,
0,10.126,1706.67,31.3,7/22/2026 9:29:19,16.5,0,23.25,1.13,
0,10.078,1736.67,31.4,7/22/2026 9:29:23,16.5,0,23.04,1.17,
0,10.195,1752.5,31.7,7/22/2026 9:29:27,16.5,0,22.99,1.13,
0,10.188,1768.33,31.8,7/22/2026 9:29:27,16.5,0,22.99,1.13,
0,10.227,1788.33,31.8,7/22/2026 9:29:31,16.5,0,23.28,1.09,
0,10.136,1805,31.8,7/22/2026 9:29:35,16.5,0,23.05,0.93,
0,10.272,1837.5,31.8,7/22/2026 9:29:39,16.5,0,23.34,1.24,
0,10.242,1870.83,31.8,7/22/2026 9:29:43,16.5,0,23.43,0.81,
0,10.212,1887.5,31.8,7/22/2026 9:29:47,16.5,0,23.32,1.2,
0,10.209,1922.5,31.8,7/22/2026 9:29:51,16.5,0,22.75,1.1,
0,10.238,1965,31.8,7/22/2026 9:29:56,16.5,0,23.24,1.33,
0,10.208,1983.33,31.8,7/22/2026 9:30:00,16.5,0,23.31,1.04,
0,10.224,2002.5,31.8,7/22/2026 9:30:05,16.5,0,23.19,0.81,
0,10.283,2049.17,31.8,7/22/2026 9:30:09,16.5,0,23.26,1.19,
0,10.134,2069.17,31.8,7/22/2026 9:30:13,16.5,0,23.3,1.19,
0,10.192,2124.17,31.8,7/22/2026 9:30:21,16.5,0,23.39,0.92,
0,10.192,2124.17,31.8,7/22/2026 9:30:27,16.5,0,23.32,1.3,
0,10.079,2196.67,31.8,7/22/2026 9:30:34,16.5,0,23.25,0.95,
0,10.234,2229.17,31.8,7/22/2026 9:30:42,16.5,0,23.38,1.11,
0,10.253,2259.17,31.8,7/22/2026 9:30:49,16.5,0,23.48,1.22,
0,10.197,2292.5,31.8,7/22/2026 9:30:54,16.5,0,23.5,1.44,
0,10.334,2307.5,31.8,7/22/2026 9:30:58,16.5,0,23.42,1.48,
0,10.187,2335,31.9,7/22/2026 9:31:02,16.5,0,23.51,1.05,
0,10.187,2335,31.9,7/22/2026 9:31:07,16.5,0,23.42,1.48,
0,10.34,2362.5,32.2,7/22/2026 9:31:11,16.5,0,23.16,0.96,
0,10.217,2388.33,32.3,7/22/2026 9:31:19,16.5,0,23.51,1.38,
0,10.208,2431.67,32.3,7/22/2026 9:31:24,16.5,0,23.45,1.36,
0,10.081,2459.17,32.3,7/22/2026 9:31:31,16.5,0,23.51,1.45,
0,10.182,2536.67,32.3,7/22/2026 9:31:38,16.5,0,23.68,1.19,
0,10.182,2536.67,32.3,7/22/2026 9:31:42,16.5,0,23.61,1.41,
0,10.175,2619.17,32.3,7/22/2026 9:31:49,16.5,0,23.61,1.49,
0,10.336,2645.83,32.3,7/22/2026 9:31:50,16.5,0,23.61,1.49,
0,10.231,2666.67,32.3,7/22/2026 9:31:54,16.5,0,23.62,0.91,
0,10.163,2711.67,32.3,7/22/2026 9:31:58,16.5,0,23.6,1.32,
0,10.199,2731.67,32.3,7/22/2026 9:32:01,16.5,0,23.71,1.37,
0,10.225,2771.67,32.3,7/22/2026 9:32:06,16.5,0,23.69,1,
0,10.275,2784.17,32.3,7/22/2026 9:32:09,16.5,0,23.68,1.08,
0,10.225,2795,32.3,7/22/2026 9:32:10,16.5,0,23.68,1.08,
0,10.236,2791.67,32.3,7/22/2026 9:32:14,16.5,0,23.79,0.95,
0,10.216,2810,32.3,7/22/2026 9:32:18,16.5,0,23.77,1.29,
0,10.124,2803.33,32.3,7/22/2026 9:32:21,16.5,0,23.84,1.48,
0,10.259,2795,32.3,7/22/2026 9:32:25,16.5,0,23.84,0.95,
0,10.111,2791.67,32.3,7/22/2026 9:32:29,16.5,0,23.7,0.83,
0,10.143,2751.67,32.3,7/22/2026 9:32:33,16.5,0,23.69,0.96,
0,10.122,2720,32.3,7/22/2026 9:32:38,16.5,0,23.64,0.97,
0,10.13,2685,32.3,7/22/2026 9:32:38,16.5,0,23.64,0.97,
0,10.185,2630,32.3,7/22/2026 9:32:45,16.5,0,23.6,0.9,
0,10.283,2605,32.3,7/22/2026 9:32:50,16.5,0,23.63,1.46,
0,10.178,2563.33,32.3,7/22/2026 9:32:55,16.5,0,23.6,1.18,
0,10.158,2543.33,32.3,7/22/2026 9:32:59,16.5,0,23.63,1.44,
0,10.297,2507.5,32.3,7/22/2026 9:33:04,16.5,0,23.7,1.28,
0,10.146,2494.17,32.3,7/22/2026 9:33:04,16.5,0,23.7,1.28,
0,10.272,2478.33,32.3,7/22/2026 9:33:07,16.5,0,23.61,1.4,
0,10.209,2457.5,32.3,7/22/2026 9:33:12,16.5,0,23.5,1.47,
0,10.164,2446.67,32.3,7/22/2026 9:33:15,16.5,0,23.77,1.28,
0,10.217,2433.33,32.3,7/22/2026 9:33:20,16.5,0,23.63,1.27,
0,10.217,2433.33,32.3,7/22/2026 9:33:20,16.5,0,23.63,1.27,
0,10.128,2425.83,32.3,7/22/2026 9:33:24,16.5,0,23.76,0.8,
0,10.128,2425.83,32.3,7/22/2026 9:33:29,16.5,0,23.39,1.43,
0,10.219,2401.67,32.3,7/22/2026 9:33:33,16.5,0,23.77,1.13,
0,10.219,2401.67,32.3,7/22/2026 9:33:33,16.5,0,23.77,1.13,
0,10.08,2400,32.3,7/22/2026 9:33:37,16.5,0,23.48,0.94,
0,10.251,2390,32.3,7/22/2026 9:33:41,16.5,0,23.6,0.83,
0,10.276,2385,32.3,7/22/2026 9:33:45,16.5,0,23.81,1.31,
0,10.276,2382.5,32.3,7/22/2026 9:33:49,16.5,0,23.51,1.32,
0,10.276,2382.5,32.3,7/22/2026 9:33:49,16.5,0,23.51,1.32,
0,10.297,2376.67,32.3,7/22/2026 9:33:53,16.5,0,23.51,1.19,
0,10.166,2367.5,32.3,7/22/2026 9:33:57,16.5,0,23.6,0.96,
0,10.284,2365,32.3,7/22/2026 9:33:57,16.5,0,23.6,0.96,
0,10.288,2355.83,32.3,7/22/2026 9:34:01,16.5,0,23.51,0.81,
0,10.259,2351.67,32.3,7/22/2026 9:34:05,16.5,0,23.6,1.27,
0,10.333,2350.83,32.3,7/22/2026 9:34:09,16.5,0,23.6,1.42,
0,10.188,2340.83,32.3,7/22/2026 9:34:13,16.5,0,23.51,0.92,
0,10.136,2328.33,32.3,7/22/2026 9:34:18,16.5,0,23.63,1.43,
0,10.232,2320.83,32.3,7/22/2026 9:34:22,16.5,0,23.6,0.89,
0,10.182,2325.83,32.3,7/22/2026 9:34:26,16.5,0,23.51,1.39,
0,10.205,2325.83,32.3,7/22/2026 9:34:26,16.5,0,23.51,1.39,
0,10.147,2323.33,32.3,7/22/2026 9:34:30,16.5,0,23.12,1.28,
0,10.225,2297.5,32.3,7/22/2026 9:34:33,16.5,0,23.63,1.39,
0,10.237,2306.67,32.3,7/22/2026 9:34:37,16.5,0,23.61,1.01,
0,10.217,2320,32.3,7/22/2026 9:34:44,16.5,0,23.61,1.39,
0,10.258,2325,32.3,7/22/2026 9:34:49,16.5,0,23.61,1.35,
0,10.141,2320.83,32.3,7/22/2026 9:34:53,16.5,0,23.51,1.42,
0,10.195,2325,32.3,7/22/2026 9:34:58,16.5,0,23.62,1.33,
0,10.254,2302.5,32.3,7/22/2026 9:35:02,16.5,0,23.61,1.33,
0,10.186,2314.17,32.3,7/22/2026 9:35:09,16.5,0,23.67,1.33,
0,9.996,2317.5,32.3,7/22/2026 9:35:13,16.5,0,23.67,1.09,
0,10.152,2325,32.2,7/22/2026 9:35:17,16.5,0,23.63,1.19,
0,10.186,2320,32.3,7/22/2026 9:35:17,16.5,0,23.63,1.19,
0,10.19,2316.67,32,7/22/2026 9:35:22,16.5,0,23.61,1.08,
0,10.208,2324.17,32,7/22/2026 9:35:26,16.5,0,23.63,1.4,
0,10.176,2333.33,31.9,7/22/2026 9:35:30,16.5,0,23.66,1.13,
0,10.185,2340.83,31.9,7/22/2026 9:35:34,16.5,0,23.61,0.85,
0,10.242,2353.33,32.1,7/22/2026 9:35:39,16.5,0,23.51,1.27,
0,10.148,2357.5,32.2,7/22/2026 9:35:43,16.5,0,23.51,0.98,
0,10.25,2377.5,32.3,7/22/2026 9:35:47,16.5,0,23.78,1.14,
0,10.35,2389.17,32.3,7/22/2026 9:35:52,16.5,0,23.61,1.3,
0,10.387,2419.17,32.3,7/22/2026 9:35:56,16.5,0,23.75,1.22,
0,10.246,2429.17,32.3,7/22/2026 9:36:01,16.5,0,23.73,1.06,
0,10.187,2452.5,32.3,7/22/2026 9:36:06,16.5,0,23.72,1.17,
0,10.227,2481.67,32.3,7/22/2026 9:36:11,16.5,0,23.83,0.88,
0,10.172,2495,32.3,7/22/2026 9:36:16,16.5,0,23.75,1.04,
0,10.239,2539.17,32.3,7/22/2026 9:36:21,16.5,0,23.81,1.33,
0,10.211,2554.17,32.3,7/22/2026 9:36:25,16.5,0,23.8,1.13,
0,10.205,2595,32.3,7/22/2026 9:36:30,16.5,0,23.82,1.46,
0,10.169,2602.5,32.3,7/22/2026 9:36:34,16.5,0,23.74,0.83,
0,10.149,2623.33,32.3,7/22/2026 9:36:38,16.5,0,23.81,1.12,
0,10.119,2650,32.3,7/22/2026 9:36:43,16.5,0,23.74,1.3,
0,10.19,2672.5,32.3,7/22/2026 9:36:47,16.5,0,23.8,1.07,
0,10.218,2681.67,32.3,7/22/2026 9:36:51,16.5,0,23.95,0.98,
0,10.228,2702.5,32.3,7/22/2026 9:36:55,16.5,0,23.85,1,
0,10.253,2709.17,32.3,7/22/2026 9:37:00,16.5,0,23.82,1.01,
0,10.238,2728.33,32.3,7/22/2026 9:37:04,16.5,0,23.81,1.1,
0,10.186,2743.33,32.3,7/22/2026 9:37:09,16.5,0,23.85,1.05,
0,10.122,2751.67,32.3,7/22/2026 9:37:13,16.5,0,23.83,1.45,
0,10.241,2760,32.3,7/22/2026 9:37:18,16.5,0,23.74,1.11,
0,10.195,2771.67,32.3,7/22/2026 9:37:23,16.5,0,23.78,0.84,
0,10.288,2787.5,32.3,7/22/2026 9:37:27,16.5,0,23.51,1.21,
0,10.19,2816.67,32.3,7/22/2026 9:37:32,16.5,0,23.73,0.85,
0,10.231,2827.5,32.4,7/22/2026 9:37:36,16.5,0,23.51,1.47,
0,10.161,2837.5,32.4,7/22/2026 9:37:41,16.5,0,23.88,1,
0,10.12,2832.5,32.4,7/22/2026 9:37:45,16.5,0,23.95,1.12,
0,10.158,2828.33,32.3,7/22/2026 9:37:49,16.5,0,23.9,0.94,
0,10.245,2804.17,32.3,7/22/2026 9:37:54,16.5,0,23.93,1.21,
0,10.156,2814.17,32.3,7/22/2026 9:37:58,16.5,0,24,1.23,
0,10.262,2770,32.3,7/22/2026 9:38:03,16.5,0,23.95,1.25,
0,10.244,2786.67,32.3,7/22/2026 9:38:08,16.5,0,23.91,0.83,
0,10.234,2788.33,32.3,7/22/2026 9:38:12,16.5,0,23.87,0.96,
0,10.298,2781.67,32.3,7/22/2026 9:38:17,16.5,0,23.93,1.26,
0,10.333,2772.5,32.3,7/22/2026 9:38:21,16.5,0,23.95,1.14,
0,10.306,2765,32.3,7/22/2026 9:38:21,16.5,0,23.95,1.14,
0,10.347,2753.33,32.3,7/22/2026 9:38:25,16.5,0,23.99,1.23,
0,10.384,2732.5,32.3,7/22/2026 9:38:29,16.5,0,23.93,0.99,
0,10.345,2726.67,32.3,7/22/2026 9:38:34,16.5,0,23.79,1.08,
0,10.172,2707.5,32.3,7/22/2026 9:38:38,16.5,0,24.07,0.89,
0,10.322,2710.83,32.3,7/22/2026 9:38:43,16.5,0,23.98,1.15,
0,10.349,2730.83,32.3,7/22/2026 9:38:48,16.5,0,24.11,1.3,
0,10.307,2715.83,32.3,7/22/2026 9:38:53,16.5,0,23.97,1.32,
0,10.255,2726.67,32.3,7/22/2026 9:38:57,16.5,0,23.92,1.26,
0,10.238,2733.33,32.3,7/22/2026 9:39:03,16.5,0,23.92,1.23,
0,10.29,2737.5,32.3,7/22/2026 9:39:07,16.5,0,24,0.95,
0,10.217,2736.67,32.3,7/22/2026 9:39:12,16.5,0,23.92,1.09,
0,10.22,2724.17,32.3,7/22/2026 9:39:11,16.5,0,23.92,1.09,
0,10.232,2720,32.3,7/22/2026 9:39:16,16.5,0,23.94,1.43,
0,10.204,2740,32.3,7/22/2026 9:39:20,16.5,0,23.95,0.89,
0,10.271,2735.83,32.3,7/22/2026 9:39:25,16.5,0,23.99,1.4,
0,10.234,2730,32.3,7/22/2026 9:39:29,16.5,0,24.01,0.89,
0,10.084,2717.5,32.3,7/22/2026 9:39:34,16.5,0,23.4,0.81,
0,10.274,2724.17,32.3,7/22/2026 9:39:37,16.5,0,23.91,1.48,
0,10.118,2710.83,32.3,7/22/2026 9:39:42,16.5,0,23.95,1.21,
0,10.337,2720,32.3,7/22/2026 9:39:46,16.5,0,23.98,1.37,
0,10.239,2703.33,32.3,7/22/2026 9:39:46,16.5,0,23.98,1.37,
0,10.194,2708.33,32.3,7/22/2026 9:39:51,16.5,0,23.99,1.11,
0,10.293,2695,32.3,7/22/2026 9:39:55,16.5,0,24,0.82,
0,10.264,2688.33,32.3,7/22/2026 9:39:59,16.5,0,24.16,0.91,
0,10.227,2691.67,32.3,7/22/2026 9:40:03,16.5,0,23.98,0.94,
0,10.208,2687.5,32.3,7/22/2026 9:40:07,16.5,0,23.93,1.47,
0,10.166,2685,32.3,7/22/2026 9:40:12,16.5,0,23.9,1.31,
0,10.109,2683.33,32.3,7/22/2026 9:40:17,16.5,0,24.11,0.89,
0,10.211,2681.67,32.3,7/22/2026 9:40:17,16.5,0,24.11,0.89,
0,10.266,2683.33,32.3,7/22/2026 9:40:21,16.5,0,23.88,1.23,
0,10.32,2685,32.3,7/22/2026 9:40:26,16.5,0,23.92,0.81,
0,10.169,2700,32.3,7/22/2026 9:40:30,16.5,0,23.81,0.96,
0,10.283,2684.17,32.3,7/22/2026 9:40:34,16.5,0,23.77,1.07,
0,10.177,2697.5,32.5,7/22/2026 9:40:39,16.5,0,23.96,0.85,
0,10.224,2704.17,32.8,7/22/2026 9:40:42,16.5,0,23.91,1.39,
0,10.157,2710.83,32.8,7/22/2026 9:40:47,16.5,0,23.98,1.16,
0,10.257,2702.5,32.8,7/22/2026 9:40:51,16.5,0,23.94,1.19,
0,10.232,2718.33,32.8,7/22/2026 9:40:55,16.5,0,23.93,0.82,
0,10.162,2709.17,32.8,7/22/2026 9:40:59,16.5,0,23.89,1.1,
0,10.148,2719.17,32.8,7/22/2026 9:41:03,16.5,0,23.94,1.02,
0,10.163,2735.83,32.8,7/22/2026 9:41:07,16.5,0,24.01,1.05,
0,10.27,2741.67,32.8,7/22/2026 9:41:11,16.5,0,23.98,1.14,
0,10.194,2751.67,32.8,7/22/2026 9:41:16,16.5,0,23.97,1,
0,10.255,2747.5,32.8,7/22/2026 9:41:21,16.5,0,23.93,0.88,
0,10.289,2756.67,32.8,7/22/2026 9:41:25,16.5,0,23.5,0.93,
0,10.179,2756.67,32.8,7/22/2026 9:41:30,16.5,0,23.9,0.92,
0,10.337,2762.5,32.8,7/22/2026 9:41:34,16.5,0,23.97,1.39,
0,10.273,2761.67,32.8,7/22/2026 9:41:41,16.5,0,23.95,1.27,
0,10.26,2765.83,32.8,7/22/2026 9:41:45,16.5,0,23.96,0.91,
0,10.221,2761.67,32.8,7/22/2026 9:41:45,16.5,0,23.96,0.91,
0,10.209,2764.17,32.8,7/22/2026 9:41:49,16.5,0,23.98,1.35,
0,10.207,2766.67,32.8,7/22/2026 9:41:53,16.5,0,23.9,1.02,
0,10.219,2761.67,32.8,7/22/2026 9:41:58,16.5,0,23.91,1.17,
0,10.218,2757.5,32.8,7/22/2026 9:42:02,16.5,0,23.81,0.81,
0,10.229,2748.33,32.8,7/22/2026 9:42:08,16.5,0,23.89,0.81,
0,10.272,2737.5,32.8,7/22/2026 9:42:12,16.5,0,23.79,0.98,
0,10.275,2730,32.8,7/22/2026 9:42:17,16.5,0,23.99,0.9,
0,10.249,2716.67,32.8,7/22/2026 9:42:21,16.5,0,23.96,1.15,
0,10.232,2695.83,32.8,7/22/2026 9:42:26,16.5,0,23.91,1.42,
0,10.296,2691.67,32.8,7/22/2026 9:42:30,16.5,0,23.91,1.28,
0,10.289,2684.17,32.8,7/22/2026 9:42:34,16.5,0,23.92,1.43,
0,10.29,2671.67,32.8,7/22/2026 9:42:38,16.5,0,23.89,1.26,
0,10.241,2667.5,32.8,7/22/2026 9:42:43,16.5,0,23.85,1.36,
0,10.387,2645.83,32.8,7/22/2026 9:42:47,16.5,0,23.83,1.3,
0,10.387,2645.83,32.8,7/22/2026 9:42:51,16.5,0,24,1.32,
0,10.251,2630,32.8,7/22/2026 9:42:55,16.5,0,23.82,1.37,
0,10.301,2620,32.8,7/22/2026 9:42:55,16.5,0,23.82,1.37,
0,10.279,2617.5,32.8,7/22/2026 9:42:59,16.5,0,23.84,1.15,
0,10.067,2613.33,32.8,7/22/2026 9:43:04,16.5,0,23.8,1.21,
0,10.236,2599.17,32.8,7/22/2026 9:43:08,16.5,0,23.99,0.98,
0,10.23,2595,32.8,7/22/2026 9:43:13,16.5,0,23.8,1.38,
0,10.211,2578.33,32.8,7/22/2026 9:43:17,16.5,0,23.5,1.27,
0,10.214,2580,32.8,7/22/2026 9:43:21,16.5,0,23.8,0.98,
0,10.23,2578.33,32.8,7/22/2026 9:43:21,16.5,0,23.8,0.98,
0,10.262,2584.17,32.8,7/22/2026 9:43:25,16.5,0,23.69,1.16,
0,10.16,2580.83,32.8,7/22/2026 9:43:29,16.5,0,23.73,1.21,
0,10.285,2572.5,32.8,7/22/2026 9:43:33,16.5,0,23.76,0.85,
0,10.261,2574.17,32.8,7/22/2026 9:43:37,16.5,0,23.39,0.91,
0,10.274,2553.33,32.8,7/22/2026 9:43:41,16.5,0,23.66,0.91,
0,10.267,2530.83,32.8,7/22/2026 9:43:45,16.5,0,23.66,1.38,
0,10.324,2453.33,32.9,7/22/2026 9:43:50,16.5,0,23.68,1.22,
0,10.305,2410,33.1,7/22/2026 9:43:54,16.5,0,23.61,1.3,
0,10.293,2383.33,33.2,7/22/2026 9:43:58,16.5,0,23.6,1.21,
0,10.36,2367.5,33.3,7/22/2026 9:44:01,16.5,0,23.51,1.42,
0,10.327,2331.67,32.8,7/22/2026 9:44:13,16.5,0,23.46,0.88,
0,10.256,2316.67,32.8,7/22/2026 9:44:18,16.5,0,23.51,1.07,
0,10.212,2305,32.8,7/22/2026 9:44:22,16.5,0,23.29,1.05,
0,10.212,2305,32.8,7/22/2026 9:44:22,16.5,0,23.41,1.31,
0,10.375,2293.33,32.8,7/22/2026 9:44:26,16.5,0,23.51,0.94,
0,10.341,2290,32.8,7/22/2026 9:44:31,16.5,0,23.45,1.38,
0,10.234,2286.67,32.8,7/22/2026 9:44:35,16.5,0,23.51,1.38,
0,10.343,2285,32.8,7/22/2026 9:44:39,16.5,0,23.61,1.16,
0,10.25,2282.5,32.8,7/22/2026 9:44:43,16.5,0,23.44,1.18,
0,10.345,2275,32.8,7/22/2026 9:44:48,16.5,0,23.42,0.98,
0,10.349,2281.67,32.8,7/22/2026 9:44:49,16.5,0,23.42,0.98,
0,10.328,2285,32.8,7/22/2026 9:44:53,16.5,0,23.42,1.33,
0,10.362,2285.83,32.8,7/22/2026 9:44:57,16.5,0,23.42,0.85,
0,10.406,2286.67,32.8,7/22/2026 9:45:02,16.5,0,23.51,1.04,
0,10.42,2292.5,32.8,7/22/2026 9:45:06,16.5,0,23.61,1.37,
0,10.441,2300.83,32.8,7/22/2026 9:45:10,16.5,0,23.42,0.95,
0,10.395,2305.83,32.8,7/22/2026 9:45:16,16.5,0,23.21,0.89,
0,10.301,2314.17,32.8,7/22/2026 9:45:16,16.5,0,23.21,0.89,
0,10.31,2325,32.8,7/22/2026 9:45:20,16.5,0,23.41,1.33,
0,10.31,2328.33,32.8,7/22/2026 9:45:25,16.5,0,23.29,0.92,
0,10.282,2336.67,32.8,7/22/2026 9:45:25,16.5,0,23.29,0.92,
0,10.267,2340,32.8,7/22/2026 9:45:29,16.5,0,23.46,1.06,
0,10.264,2347.5,32.8,7/22/2026 9:45:34,16.5,0,23.39,1.06,
0,10.243,2366.67,32.8,7/22/2026 9:45:38,16.5,0,23.36,1.32,
0,10.223,2380,32.8,7/22/2026 9:45:42,16.5,0,23.42,0.81,
0,10.312,2401.67,32.8,7/22/2026 9:45:46,16.5,0,23.42,0.87,
0,10.27,2420,32.8,7/22/2026 9:45:50,16.5,0,23.65,0.9,
0,10.179,2437.5,33,7/22/2026 9:45:55,16.5,0,23.44,1,
0,10.394,2435,32.9,7/22/2026 9:45:59,16.5,0,23.44,0.91,
0,10.295,2404.17,32.8,7/22/2026 9:46:04,16.5,0,23.23,1.19,
0,10.275,2380,32.9,7/22/2026 9:46:08,16.5,0,23.4,1.24,
0,10.337,2359.17,32.8,7/22/2026 9:46:13,16.5,0,23.39,1.24,
0,10.371,2369.17,32.8,7/22/2026 9:46:12,16.5,0,23.39,1.24,
0,10.273,2349.17,32.8,7/22/2026 9:46:17,16.5,0,23.42,1.46,
0,10.395,2345,32.8,7/22/2026 9:46:22,16.5,0,23.26,1.39,
0,10.298,2328.33,32.8,7/22/2026 9:46:22,16.5,0,23.26,1.39,
0,10.304,2330.83,32.8,7/22/2026 9:46:26,16.5,0,23.39,0.8,
0,10.447,2328.33,32.8,7/22/2026 9:46:30,16.5,0,23.37,1.16,
0,10.458,2330.83,32.8,7/22/2026 9:46:34,16.5,0,23.45,1.42,
0,10.27,2328.33,32.8,7/22/2026 9:46:38,16.5,0,23.37,1.46,
0,10.338,2327.5,32.8,7/22/2026 9:46:42,16.5,0,23.24,1.03,
0,10.303,2318.33,32.8,7/22/2026 9:46:42,16.5,0,23.24,1.03,
0,10.313,2315,32.8,7/22/2026 9:46:46,16.5,0,23.33,1,
0,10.298,2318.33,32.8,7/22/2026 9:46:50,16.5,0,23.42,1.45,
0,10.287,2319.17,32.8,7/22/2026 9:46:54,16.5,0,23.44,1.13,
0,10.339,2310.83,32.8,7/22/2026 9:46:58,16.5,0,23.41,0.91,
0,10.233,2301.67,32.8,7/22/2026 9:47:03,16.5,0,23.46,1.15,
0,10.273,2285.83,32.8,7/22/2026 9:47:08,16.5,0,23.42,1.24,
0,10.248,2269.17,32.8,7/22/2026 9:47:12,16.5,0,23.39,0.99,
0,10.313,2260,32.8,7/22/2026 9:47:16,16.5,0,23.45,1.26,
0,10.323,2243.33,32.8,7/22/2026 9:47:20,16.5,0,23.47,0.9,
0,10.302,2241.67,32.8,7/22/2026 9:47:25,16.5,0,23.44,0.88,
0,10.27,2235,32.8,7/22/2026 9:47:30,16.5,0,23.61,1.47,
0,10.298,2229.17,32.8,7/22/2026 9:47:34,16.5,0,23.34,1.43,
0,10.259,2222.5,32.8,7/22/2026 9:47:39,16.5,0,23.5,1.46,
0,10.275,2221.67,32.8,7/22/2026 9:47:43,16.5,0,23.51,1.12,
0,10.425,2223.33,32.8,7/22/2026 9:47:48,16.5,0,23.44,1.13,
0,10.412,2227.5,32.8,7/22/2026 9:47:53,16.5,0,23.62,1.21,
0,10.31,2244.17,32.8,7/22/2026 9:47:57,16.5,0,23.42,0.83,
0,10.309,2262.5,32.8,7/22/2026 9:48:02,16.5,0,23.75,0.97,
0,10.283,2270.83,32.8,7/22/2026 9:48:06,16.5,0,23.42,0.92,
0,10.354,2283.33,32.8,7/22/2026 9:48:10,16.5,0,23.5,1.23,
0,10.257,2289.17,32.8,7/22/2026 9:48:10,16.5,0,23.5,1.23,
0,10.255,2296.67,32.8,7/22/2026 9:48:14,16.5,0,23.42,0.85,
0,10.19,2310.83,32.8,7/22/2026 9:48:18,16.5,0,23.51,1.28,
0,10.329,2327.5,32.8,7/22/2026 9:48:22,16.5,0,23.64,1.46,
0,10.314,2346.67,32.8,7/22/2026 9:48:27,16.5,0,23.74,1.21,
0,10.282,2369.17,32.8,7/22/2026 9:48:32,16.5,0,23.72,0.85,
0,10.12,2420,32.8,7/22/2026 9:48:36,16.5,0,23.78,0.85,
0,10.366,2442.5,32.8,7/22/2026 9:48:40,16.5,0,23.62,0.93,
0,10.293,2471.67,32.8,7/22/2026 9:48:44,16.5,0,23.73,1.19,
0,10.329,2517.5,32.8,7/22/2026 9:48:50,16.5,0,23.63,1.08,
0,10.319,2538.33,33.1,7/22/2026 9:48:55,16.5,0,23.83,0.91,
0,10.405,2577.5,33.3,7/22/2026 9:48:55,16.5,0,23.83,0.91,
0,10.323,2595,33.3,7/22/2026 9:48:59,16.5,0,23.68,1.01,
0,10.368,2653.33,33.3,7/22/2026 9:49:05,16.5,0,23.72,1.13,
0,10.371,2709.17,33.3,7/22/2026 9:49:09,16.5,0,23.79,0.81,
0,10.371,2709.17,33.3,7/22/2026 9:49:10,16.5,0,23.79,0.81,
0,10.298,2745,33.3,7/22/2026 9:49:14,16.5,0,23.74,0.92,
0,10.264,2770,33.3,7/22/2026 9:49:18,16.5,0,23.81,1.1,
0,10.301,2850.83,33.3,7/22/2026 9:49:23,16.5,0,23.81,1.09,
0,10.215,2940.83,33.3,7/22/2026 9:49:28,16.5,0,23.82,1.22,
0,10.297,2888.33,33.3,7/22/2026 9:49:27,16.5,0,23.82,1.22,
0,10.302,3000.83,33.3,7/22/2026 9:49:32,16.5,0,23.65,1.06,
0,10.292,3073.33,33.3,7/22/2026 9:49:36,16.5,0,23.51,1.47,
0,10.348,3366.67,33.3,7/22/2026 9:49:40,16.5,0,24.1,0.89,
0,10.285,3448.33,33.3,7/22/2026 9:49:44,16.5,0,24.06,1.11,
0,10.346,3706.67,33.3,7/22/2026 9:49:49,16.5,0,24.15,0.91,
0,10.342,3696.67,33.3,7/22/2026 9:49:52,16.5,0,24.12,1.18,
0,10.307,3605.83,33.3,7/22/2026 9:49:57,16.5,0,23.94,1.29,
0,10.294,3480.83,33.4,7/22/2026 9:50:05,16.5,0,24.17,1.43,
0,10.359,3442.5,33.5,7/22/2026 9:50:10,16.5,0,23.99,1.32,
0,10.28,3403.33,33.6,7/22/2026 9:50:15,16.5,0,24.02,1.03,
0,10.4,3434.17,33.8,7/22/2026 9:50:19,16.5,0,24.02,1.3,
0,10.282,3478.33,33.8,7/22/2026 9:50:24,16.5,0,24.2,1.41,
0,10.341,3530,33.8,7/22/2026 9:50:27,16.5,0,24.15,1.26,
0,10.384,3665,33.8,7/22/2026 9:50:32,16.5,0,24.23,1.48,
0,10.304,3772.5,33.8,7/22/2026 9:50:36,16.5,0,24.09,1.27,
0,10.335,3934.17,33.8,7/22/2026 9:50:40,16.5,0,24.22,1.06,
0,10.302,4130.83,33.8,7/22/2026 9:50:44,16.5,0,24.2,0.95,
0,10.262,3958.33,33.8,7/22/2026 9:50:49,16.5,0,24.23,0.8,
0,10.416,3894.17,33.8,7/22/2026 9:50:53,16.5,0,24.15,1.35,
0,10.408,4041.67,33.8,7/22/2026 9:50:57,16.5,0,24.3,1.1,
0,10.29,4046.67,33.8,7/22/2026 9:51:01,16.5,0,24.17,0.87,
0,10.345,3994.17,33.8,7/22/2026 9:51:05,16.5,0,24.17,1.44,
0,10.33,3904.17,33.8,7/22/2026 9:51:08,16.5,0,24.31,1,
0,10.412,3936.67,33.8,7/22/2026 9:51:12,16.5,0,24.19,1.28,
0,10.39,4130,33.8,7/22/2026 9:51:16,16.5,0,24.28,1.13,
0,10.352,4319.17,33.8,7/22/2026 9:51:20,16.5,0,24.22,0.91,
0,10.443,4312.5,33.8,7/22/2026 9:51:24,16.5,0,24.24,1.18,
0,10.352,4563.33,33.8,7/22/2026 9:51:28,16.5,0,24.31,1.27,
0,10.273,4900,33.8,7/22/2026 9:51:32,16.5,0,24.09,0.91,
0,10.208,5608.33,33.8,7/22/2026 9:51:36,16.5,0,24.73,1.26,
0,10.109,5312.5,34.2,7/22/2026 9:51:41,16.5,0,24.46,1.4,
0,10.246,5133.33,34.2,7/22/2026 9:51:45,16.5,0,24.47,1.18,
0,10.095,4957.5,34.2,7/22/2026 9:51:49,16.5,0,24.36,0.98,
0,9.862,4630.83,34.2,7/22/2026 9:51:53,16.5,0,24.4,0.94,
0,9.902,4641.67,34.2,7/22/2026 9:51:56,16.5,0,24.37,0.8,
0,10.077,5019.17,34.2,7/22/2026 9:52:00,16.5,0,24.5,0.91,
0,10.114,5620.83,34.2,7/22/2026 9:52:04,16.5,0,24.58,1.45,
0,10.18,5903.33,34.2,7/22/2026 9:52:08,16.5,0,24.53,1.12,
0,10.168,6160,34.2,7/22/2026 9:52:08,16.5,0,24.53,1.12,
0,10.123,6024.17,34.2,7/22/2026 9:52:12,16.5,0,24.54,1.29,
0,10.132,5945,34.2,7/22/2026 9:52:16,16.5,0,24.57,0.89,
0,10.221,6010,34.2,7/22/2026 9:52:19,16.5,0,24.74,0.93,
0,10.314,5691.67,34.2,7/22/2026 9:52:23,16.5,0,24.63,0.86,
0,10.227,5577.5,34.2,7/22/2026 9:52:27,16.5,0,24.66,1.04,
0,10.181,5718.33,34.2,7/22/2026 9:52:31,16.5,0,24.68,1.45,
0,10.167,5450.83,34.2,7/22/2026 9:52:35,16.5,0,24.2,1.08,
0,10.303,5176.67,34.2,7/22/2026 9:52:39,16.5,0,24.29,0.9,
0,10.388,5423.33,34.2,7/22/2026 9:52:43,16.5,0,24.52,1.21,
0,10.292,5159.17,34.2,7/22/2026 9:52:47,16.5,0,24.41,1.25,
0,10.378,5333.33,34.2,7/22/2026 9:52:52,16.5,0,24.59,1.48,
0,10.282,5013.33,34.2,7/22/2026 9:52:56,16.5,0,24.58,1.28,
0,10.216,5195,34.2,7/22/2026 9:53:00,16.5,0,24.61,1.42,
0,10.197,4939.17,34.2,7/22/2026 9:53:05,16.5,0,24.3,0.91,
0,10.219,4305.83,34.2,7/22/2026 9:53:08,16.5,0,24.24,1.24,
0,10.317,3981.67,34.2,7/22/2026 9:53:14,16.5,0,24.2,1.28,
0,10.317,3981.67,34.2,7/22/2026 9:53:14,16.5,0,24.2,1.28,
0,10.31,3912.5,34.2,7/22/2026 9:53:18,16.5,0,24.15,1.11,
0,10.293,3814.17,34.2,7/22/2026 9:53:22,16.5,0,24.2,0.81,
0,10.293,3814.17,34.2,7/22/2026 9:53:22,16.5,0,24.2,0.81,
0,10.212,3755.83,34.2,7/22/2026 9:53:27,16.5,0,24.14,1.31,
0,10.218,3716.67,34.2,7/22/2026 9:53:30,16.5,0,24.01,1.02,
0,10.241,3665.83,34.2,7/22/2026 9:53:30,16.5,0,24.01,1.02,
0,10.296,3619.17,34.2,7/22/2026 9:53:34,16.5,0,24.11,1.21,
0,10.176,3540,34.2,7/22/2026 9:53:39,16.5,0,24.09,0.81,
0,10.323,3476.67,34.2,7/22/2026 9:53:44,16.5,0,24.19,1.11,
0,10.361,3459.17,34.2,7/22/2026 9:53:48,16.5,0,24.14,1,
0,10.283,3440,34.2,7/22/2026 9:53:52,16.5,0,24.07,1.32,
0,10.226,3425.83,34.2,7/22/2026 9:53:56,16.5,0,24.03,1.03,
0,10.249,3424.17,34.2,7/22/2026 9:54:00,16.5,0,24.09,0.88,
0,10.315,3400.83,34.2,7/22/2026 9:54:04,16.5,0,23.87,0.97,
0,10.192,3366.67,34.2,7/22/2026 9:54:08,16.5,0,23.92,1.02,
0,10.221,3347.5,34.2,7/22/2026 9:54:12,16.5,0,24.11,1.03,
0,10.213,3340,34.2,7/22/2026 9:54:17,16.5,0,24.05,1.41,
0,10.259,3349.17,34.2,7/22/2026 9:54:21,16.5,0,24.11,0.93,
0,10.205,3363.33,34.2,7/22/2026 9:54:25,16.5,0,24.07,1.1,
0,10.298,3373.33,34.2,7/22/2026 9:54:29,16.5,0,24.01,0.9,
0,10.234,3360,34.2,7/22/2026 9:54:33,16.5,0,24.05,1.47,
0,10.306,3288.33,34.2,7/22/2026 9:54:37,16.5,0,23.98,1.03,
0,10.282,3195.83,34.2,7/22/2026 9:54:42,16.5,0,23.95,1.07,
0,10.361,3107.5,34.2,7/22/2026 9:54:46,16.5,0,23.98,0.84,
0,10.147,3056.67,34.2,7/22/2026 9:54:46,16.5,0,23.98,0.84,
0,10.375,2997.5,34.2,7/22/2026 9:54:50,16.5,0,24,0.89,
0,10.33,2869.17,34.2,7/22/2026 9:54:56,16.5,0,23.81,1.18,
0,10.264,2764.17,34.2,7/22/2026 9:55:00,16.5,0,23.81,1.45,
0,10.259,2720,34.2,7/22/2026 9:55:04,16.5,0,23.85,0.85,
0,10.195,2633.33,34.2,7/22/2026 9:55:09,16.5,0,23.78,0.94,
0,10.307,2615,34.2,7/22/2026 9:55:13,16.5,0,23.78,1.39,
0,10.281,2595,34.2,7/22/2026 9:55:18,16.5,0,23.81,1.14,
0,10.216,2596.67,34.2,7/22/2026 9:55:22,16.5,0,23.79,1.32,
0,10.311,2586.67,34.2,7/22/2026 9:55:26,16.5,0,23.91,1.16,
0,10.282,2571.67,34.2,7/22/2026 9:55:30,16.5,0,23.9,1.37,
0,10.258,2522.5,34.2,7/22/2026 9:55:35,16.5,0,23.85,0.91,
0,10.224,2470.83,34.2,7/22/2026 9:55:39,16.5,0,23.89,1.17,
0,10.113,2445.83,34.2,7/22/2026 9:55:43,16.5,0,23.77,1.44,
0,10.316,2405.83,34.2,7/22/2026 9:55:48,16.5,0,23.81,1.31,
0,10.209,2386.67,34.2,7/22/2026 9:55:52,16.5,0,23.88,0.85,
0,10.209,2344.17,34.2,7/22/2026 9:55:56,16.5,0,23.8,1.06,
0,10.249,2325.83,34.2,7/22/2026 9:56:00,16.5,0,23.63,0.94,
0,10.277,2289.17,34.2,7/22/2026 9:56:04,16.5,0,23.51,1.47,
0,10.307,2270.83,34.2,7/22/2026 9:56:08,16.5,0,23.71,1.17,
0,10.247,2241.67,34.2,7/22/2026 9:56:12,16.5,0,23.72,0.97,
0,10.257,2225,34.2,7/22/2026 9:56:17,16.5,0,23.77,0.82,
0,10.257,2225,34.2,7/22/2026 9:56:17,16.5,0,23.77,0.82,
0,10.141,2213.33,34.5,7/22/2026 9:56:22,16.5,0,23.77,1.49,
0,10.209,2200.83,34.7,7/22/2026 9:56:26,16.5,0,23.87,1.34,
0,10.209,2200.83,34.7,7/22/2026 9:56:26,16.5,0,23.87,1.34,
0,10.23,2196.67,34.7,7/22/2026 9:56:29,16.5,0,23.8,1.06,
0,10.118,2194.17,34.7,7/22/2026 9:56:33,16.5,0,23.77,1,
0,10.134,2186.67,34.7,7/22/2026 9:56:38,16.5,0,23.72,1.23,
0,10.207,2186.67,34.7,7/22/2026 9:56:42,16.5,0,23.66,1.03,
0,10.202,2175,34.7,7/22/2026 9:56:46,16.5,0,23.64,1.07,
0,10.2,2181.67,34.6,7/22/2026 9:56:51,16.5,0,23.61,1.47,
0,10.108,2192.5,34.2,7/22/2026 9:56:51,16.5,0,23.61,1.47,
0,10.217,2199.17,34.2,7/22/2026 9:56:55,16.5,0,23.68,1.49,
0,10.223,2194.17,34.2,7/22/2026 9:56:59,16.5,0,23.51,1.03,
0,10.148,2211.67,34.2,7/22/2026 9:57:03,16.5,0,23.68,1.41,
0,10.14,2246.67,34.2,7/22/2026 9:57:07,16.5,0,23.68,0.89,
0,10.116,2258.33,33.8,7/22/2026 9:57:11,16.5,0,23.74,1.04,
0,10.107,2265.83,33.8,7/22/2026 9:57:16,16.5,0,23.62,0.97,
0,10.208,2285.83,33.8,7/22/2026 9:57:20,16.5,0,23.69,1.07,
0,10.144,2288.33,33.8,7/22/2026 9:57:25,16.5,0,23.87,1.27,
0,10.239,2324.17,33.3,7/22/2026 9:57:33,16.5,0,23.82,0.94,
0,10.128,2336.67,33.3,7/22/2026 9:57:37,16.5,0,23.72,0.91,
0,10.111,2360.83,33.3,7/22/2026 9:57:42,16.5,0,23.75,1.05,
0,10.184,2373.33,33.3,7/22/2026 9:57:46,16.5,0,23.78,1.32,
0,10.223,2392.5,33.3,7/22/2026 9:57:51,16.5,0,23.81,1.31,
0,10.214,2402.5,33.3,7/22/2026 9:57:56,16.5,0,23.8,1.13,
0,10.218,2420.83,33.3,7/22/2026 9:58:00,16.5,0,23.88,1.41,
0,10.234,2431.67,33.3,7/22/2026 9:58:05,16.5,0,23.73,0.96,
0,10.237,2431.67,33.3,7/22/2026 9:58:09,16.5,0,23.68,1.09,
0,10.217,2416.67,33.3,7/22/2026 9:58:13,16.5,0,23.87,0.8,
0,10.26,2437.5,33.3,7/22/2026 9:58:18,16.5,0,23.75,1.46,
0,10.116,2428.33,33.3,7/22/2026 9:58:22,16.5,0,23.75,1.16,
0,10.141,2444.17,33.3,7/22/2026 9:58:26,16.5,0,23.72,0.95,
0,10.249,2444.17,33.3,7/22/2026 9:58:27,16.5,0,23.72,0.95,
0,10.217,2453.33,33.3,7/22/2026 9:58:31,16.5,0,23.7,0.92,
0,10.242,2461.67,33.3,7/22/2026 9:58:35,16.5,0,23.71,0.92,
0,10.212,2464.17,33.3,7/22/2026 9:58:40,16.5,0,23.69,0.98,
0,10.138,2469.17,33.3,7/22/2026 9:58:45,16.5,0,23.75,1.09,
0,10.165,2484.17,33.3,7/22/2026 9:58:49,16.5,0,23.8,1.37,
0,10.165,2484.17,33.3,7/22/2026 9:58:49,16.5,0,23.8,1.37,
0,10.173,2492.5,33.3,7/22/2026 9:58:53,16.5,0,23.24,1.34,
0,10.097,2512.5,33.3,7/22/2026 9:58:59,16.5,0,23.9,1.25,
0,10.117,2515.83,33.3,7/22/2026 9:59:03,16.5,0,23.75,1.22,
0,10.172,2541.67,33.3,7/22/2026 9:59:07,16.5,0,23.82,1.33,
0,10.238,2557.5,33.3,7/22/2026 9:59:11,16.5,0,23.84,1,
0,10.272,2583.33,33.3,7/22/2026 9:59:16,16.5,0,23.87,1.35,
0,10.206,2590,33.3,7/22/2026 9:59:20,16.5,0,23.82,1.33,
0,10.133,2594.17,33.3,7/22/2026 9:59:25,16.5,0,23.8,0.84,
0,10.264,2626.67,33.3,7/22/2026 9:59:30,16.5,0,23.92,0.94,
0,10.133,2639.17,33.3,7/22/2026 9:59:34,16.5,0,23.81,0.82,
0,10.167,2655,33.3,7/22/2026 9:59:38,16.5,0,23.84,1,
0,10.218,2659.17,33.3,7/22/2026 9:59:42,16.5,0,23.65,0.84,
0,10.181,2644.17,33.3,7/22/2026 9:59:47,16.5,0,24.06,1.28,
0,10.364,2717.5,33.3,7/22/2026 9:59:51,16.5,0,23.91,1.08,
0,10.24,2701.67,33.2,7/22/2026 9:59:51,16.5,0,23.91,1.08,
0,10.25,2708.33,32.8,7/22/2026 9:59:56,16.5,0,24.03,1.38,
0,10.094,2722.5,32.8,7/22/2026 10:00:00,16.5,0,23.93,1.44,
0,10.072,2750,32.8,7/22/2026 10:00:05,16.5,0,23.96,1.49,
0,10.181,2756.67,32.8,7/22/2026 10:00:09,16.5,0,23.87,0.9,
0,10.231,2756.67,32.8,7/22/2026 10:00:14,16.5,0,23.91,0.81,
0,10.013,2754.17,32.8,7/22/2026 10:00:20,16.5,0,23.9,1.41,
0,10.064,2750.83,32.8,7/22/2026 10:00:24,16.5,0,23.92,0.81,
0,10.284,2734.17,32.8,7/22/2026 10:00:29,16.5,0,23.89,1.25,
0,10.249,2754.17,32.8,7/22/2026 10:00:33,16.5,0,23.9,1.34,
0,10.122,2754.17,32.8,7/22/2026 10:00:38,16.5,0,23.99,1.2,
0,10.111,2745,32.8,7/22/2026 10:00:42,16.5,0,23.51,1.45,
0,10.173,2740.83,32.8,7/22/2026 10:00:46,16.5,0,23.83,1.41,
0,10.07,2741.67,32.8,7/22/2026 10:00:51,16.5,0,23.85,1.39,
0,10.137,2725,32.8,7/22/2026 10:00:55,16.5,0,23.85,1.44,
0,10.11,2721.67,32.8,7/22/2026 10:01:00,16.5,0,23.84,1.32,
0,10.174,2703.33,32.8,7/22/2026 10:01:04,16.5,0,23.91,1.48,
0,10.174,2703.33,32.8,7/22/2026 10:01:04,16.5,0,23.91,1.48,
0,10.09,2704.17,32.8,7/22/2026 10:01:09,16.5,0,23.93,1.1,
0,10.198,2703.33,32.8,7/22/2026 10:01:13,16.5,0,23.82,1.15,
0,10.09,2692.5,32.8,7/22/2026 10:01:18,16.5,0,23.95,0.97,
0,10.153,2693.33,32.8,7/22/2026 10:01:22,16.5,0,24.07,1.13,
0,10.115,2662.5,32.8,7/22/2026 10:01:26,16.5,0,23.97,1.36,
0,10.12,2645.83,32.8,7/22/2026 10:01:30,16.5,0,23.75,0.81,
0,10.143,2617.5,32.8,7/22/2026 10:01:36,16.5,0,23.81,1.04,
0,10.125,2585.83,32.8,7/22/2026 10:01:41,16.5,0,23.92,1.16,
0,10.176,2563.33,32.8,7/22/2026 10:01:46,16.5,0,23.77,1.18,
0,10.18,2551.67,32.8,7/22/2026 10:01:50,16.5,0,23.81,0.83,
0,10.067,2532.5,32.8,7/22/2026 10:01:55,16.5,0,23.87,1.22,
0,10.144,2530.83,32.8,7/22/2026 10:01:59,16.5,0,23.95,0.97,
0,10.071,2529.17,32.8,7/22/2026 10:02:03,16.5,0,23.94,0.97,
0,10.047,2531.67,32.8,7/22/2026 10:02:08,16.5,0,23.81,1.07,
0,10.193,2542.5,32.8,7/22/2026 10:02:13,16.5,0,23.89,1.36,
0,10.119,2575,32.8,7/22/2026 10:02:17,16.5,0,23.37,1.42,
0,10.117,2604.17,32.9,7/22/2026 10:02:21,16.5,0,23.89,1.14,
0,10.172,2596.67,32.9,7/22/2026 10:02:26,16.5,0,23.7,0.83,
0,10.159,2609.17,32.8,7/22/2026 10:02:31,16.5,0,23.71,0.98,
0,10.155,2599.17,32.8,7/22/2026 10:02:35,16.5,0,23.94,1.13,
0,10.267,2590.83,32.8,7/22/2026 10:02:39,16.5,0,23.72,1.27,
0,10.165,2608.33,32.8,7/22/2026 10:02:44,16.5,0,23.9,1.37,
0,10.114,2611.67,32.8,7/22/2026 10:02:48,16.5,0,23.85,1.44,
0,10.224,2645,32.8,7/22/2026 10:02:50,16.5,0,23.85,1.44,
0,10.25,2622.5,32.8,7/22/2026 10:02:55,16.5,0,23.83,0.82,
0,10.109,2648.33,32.8,7/22/2026 10:02:59,16.5,0,23.87,0.8,
0,10.285,2615.83,32.8,7/22/2026 10:03:04,16.5,0,23.77,0.92,
0,10.125,2564.17,32.8,7/22/2026 10:03:08,16.5,0,23.8,1.35,
0,10.108,2550,32.8,7/22/2026 10:03:13,16.5,0,23.61,1.42,
0,10.145,2542.5,32.8,7/22/2026 10:03:18,16.5,0,23.89,0.84,
0,10.145,2542.5,32.8,7/22/2026 10:03:18,16.5,0,23.89,0.84,
0,10.062,2535,32.8,7/22/2026 10:03:22,16.5,0,23.64,1.01,
0,10.18,2560,32.8,7/22/2026 10:03:27,16.5,0,23.78,0.91,
0,10.136,2582.5,32.8,7/22/2026 10:03:32,16.5,0,23.83,1.07,
0,10.21,2523.33,32.8,7/22/2026 10:03:32,16.5,0,23.83,1.07,
0,10.1,2463.33,32.8,7/22/2026 10:03:36,16.5,0,23.61,1.04,
0,10.073,2416.67,32.8,7/22/2026 10:03:41,16.5,0,23.62,0.82,
0,10.002,2419.17,32.8,7/22/2026 10:03:46,16.5,0,23.62,1.15,
0,10.059,2353.33,32.8,7/22/2026 10:03:51,16.5,0,23.61,0.8,
0,10.002,2419.17,32.8,7/22/2026 10:03:51,16.5,0,23.61,0.8,
0,10.046,2329.17,32.8,7/22/2026 10:03:56,16.5,0,23.51,1.49,
0,10.07,2326.67,32.8,7/22/2026 10:04:00,16.5,0,23.61,0.99,
0,10.036,2345.83,32.8,7/22/2026 10:04:07,16.5,0,23.48,1.46,
0,10.055,2358.33,32.8,7/22/2026 10:04:12,16.5,0,23.45,1.22,
0,10.106,2373.33,32.8,7/22/2026 10:04:16,16.5,0,23.46,0.84,
0,10.16,2421.67,32.8,7/22/2026 10:04:21,16.5,0,23.45,0.91,
0,10.091,2481.67,32.8,7/22/2026 10:04:25,16.5,0,23.46,0.99,
0,10.131,2528.33,32.8,7/22/2026 10:04:29,16.5,0,23.63,0.8,
0,10.201,2592.5,32.8,7/22/2026 10:04:33,16.5,0,23.45,1.28,
0,10.104,2690.83,32.8,7/22/2026 10:04:34,16.5,0,23.45,1.28,
0,10.175,2772.5,32.8,7/22/2026 10:04:38,16.5,0,23.49,1.1,
0,10.159,2854.17,32.8,7/22/2026 10:04:42,16.5,0,23.5,1.1,
0,10.089,2903.33,32.8,7/22/2026 10:04:47,16.5,0,23.51,0.93,
0,10.09,2890,32.8,7/22/2026 10:04:51,16.5,0,23.51,1.22,
0,10.126,2855.83,32.8,7/22/2026 10:04:55,16.5,0,23.45,0.86,
0,10.082,2906.67,32.8,7/22/2026 10:04:59,16.5,0,23.47,1.22,
0,10.07,3239.17,32.8,7/22/2026 10:05:04,16.5,0,23.6,1.32,
0,10.121,3915.83,32.8,7/22/2026 10:05:08,16.5,0,23.75,1.28,
0,10.155,3796.67,32.8,7/22/2026 10:05:12,16.5,0,23.74,0.94,
0,10.062,2880,32.8,7/22/2026 10:05:17,16.5,0,23.51,1.47,
0,10.152,2561.67,32.8,7/22/2026 10:05:21,16.5,0,23.23,1.03,
0,10.107,2375,32.8,7/22/2026 10:05:26,16.5,0,23.03,1.35,
0,10.054,2194.17,32.8,7/22/2026 10:05:31,16.5,0,23.02,1.05,
0,10.044,2125,32.8,7/22/2026 10:05:35,16.5,0,22.89,1.15,
0,10.175,2055.83,32.8,7/22/2026 10:05:39,16.5,0,23.09,1.03,
0,10.085,1945.83,32.8,7/22/2026 10:05:43,16.5,0,22.94,1.35,
0,10.172,1897.5,32.8,7/22/2026 10:05:48,16.5,0,23.07,1.23,
0,10.132,1890,32.8,7/22/2026 10:05:52,16.5,0,22.82,1,
0,10.074,1891.67,32.8,7/22/2026 10:06:00,16.5,0,22.85,1.11,
0,10.201,1901.67,32.8,7/22/2026 10:06:05,16.5,0,22.94,1.33,
0,10.205,1893.33,32.8,7/22/2026 10:06:05,16.5,0,22.94,1.33,
0,10.116,1896.67,32.8,7/22/2026 10:06:09,16.5,0,22.75,1.12,
0,10.152,1857.5,32.8,7/22/2026 10:06:15,16.5,0,22.79,0.99,
0,10.144,1700,32.8,7/22/2026 10:06:21,16.5,0,22.67,1.04,
0,10.182,1660,32.8,7/22/2026 10:06:26,16.5,0,22.83,1.05,
0,10.182,1660,32.8,7/22/2026 10:06:30,16.5,0,22.51,1.03,
0,10.108,1554.17,32.7,7/22/2026 10:06:38,16.5,0,22.5,0.84,
0,10.192,1510.83,32.4,7/22/2026 10:06:42,16.5,0,22.43,0.95,
0,10.125,1495.83,32.3,7/22/2026 10:06:47,16.5,0,22.32,1.29,
0,10.081,1465,32.3,7/22/2026 10:06:51,16.5,0,22.44,1.48,
0,10.055,1447.5,32.3,7/22/2026 10:06:56,16.5,0,22.35,0.94,
0,10.079,1417.5,32.3,7/22/2026 10:07:01,16.5,0,22.43,1.25,
0,10.043,1407.5,32.3,7/22/2026 10:07:05,16.5,0,22.4,1.28,
0,10.089,1398.33,32.4,7/22/2026 10:07:10,16.5,0,22.31,1.49,
0,9.953,1378.33,32.4,7/22/2026 10:07:14,16.5,0,22.37,1.02,
0,10.062,1369.17,32.4,7/22/2026 10:07:18,16.5,0,22.43,1.04,
0,10.008,1354.17,32.4,7/22/2026 10:07:23,16.5,0,22.43,1.2,
0,10.002,1353.33,32.4,7/22/2026 10:07:27,16.5,0,21.94,1.17,
0,10.132,1350.83,32.4,7/22/2026 10:07:32,16.5,0,22.5,0.98,
0,10.117,1352.5,32.4,7/22/2026 10:07:39,16.5,0,22.37,1.49,
0,10.087,1355,32.4,7/22/2026 10:07:47,16.5,0,22.37,1.35,
0,10.208,1360,32.3,7/22/2026 10:07:54,16.5,0,22.37,1.48,
0,10.141,1361.67,32.3,7/22/2026 10:07:59,16.5,0,22.4,1.19,
0,10.177,1361.67,32.3,7/22/2026 10:08:03,16.5,0,22.45,1.48,
0,10.14,1362.5,32.3,7/22/2026 10:08:08,16.5,0,22.24,0.8,
0,10.143,1365,32.3,7/22/2026 10:08:12,16.5,0,22.43,1.36,
0,10.148,1364.17,32.3,7/22/2026 10:08:17,16.5,0,22.43,1.33,
0,10.038,1365,32.3,7/22/2026 10:08:21,16.5,0,22.43,0.85,
0,10.06,1360,32.3,7/22/2026 10:08:28,16.5,0,22.27,0.92,
0,10.06,1360,32.3,7/22/2026 10:08:32,16.5,0,21.98,1.02,
0,10.098,1350.83,32.3,7/22/2026 10:08:37,16.5,0,22.57,0.84,
0,10.103,1347.5,32.3,7/22/2026 10:08:41,16.5,0,22.38,0.8,
0,10.164,1344.17,32.3,7/22/2026 10:08:46,16.5,0,22.4,1.41,
0,10.024,1340.83,32.3,7/22/2026 10:08:50,16.5,0,22.42,1.44,
0,10.098,1341.67,32.3,7/22/2026 10:08:54,16.5,0,22.43,1.34,
0,10.149,1340.83,32.3,7/22/2026 10:08:58,16.5,0,22.43,1.04,
0,10.106,1343.33,32.3,7/22/2026 10:09:02,16.5,0,22.43,0.87,
0,10.088,1343.33,32.3,7/22/2026 10:09:07,16.5,0,22.33,1.38,
0,10.07,1345,32.3,7/22/2026 10:09:11,16.5,0,22.37,0.9,
0,10.14,1347.5,32.3,7/22/2026 10:09:16,16.5,0,22.39,0.91,
0,10.112,1351.67,32.3,7/22/2026 10:09:20,16.5,0,22.58,1.06,
0,10.046,1354.17,32.3,7/22/2026 10:09:24,16.5,0,22.35,0.84,
0,10.088,1360,32.3,7/22/2026 10:09:29,16.5,0,22.4,1.37,
0,10.163,1367.5,32.3,7/22/2026 10:09:34,16.5,0,22.46,1.04,
0,10.024,1372.5,32.3,7/22/2026 10:09:38,16.5,0,22.24,0.98,
0,10.192,1377.5,32.3,7/22/2026 10:09:42,16.5,0,22.26,1.19,
0,10.277,1385,32.3,7/22/2026 10:09:47,16.5,0,22.3,1.07,
0,10.253,1382.5,32.3,7/22/2026 10:09:51,16.5,0,22.25,1.38,
0,10.114,1390.83,32.3,7/22/2026 10:09:55,16.5,0,22.26,1.08,
0,10.255,1397.5,32.3,7/22/2026 10:10:00,16.5,0,22.29,1.46,
0,10.132,1399.17,32.3,7/22/2026 10:10:04,16.5,0,22.24,1.21,
0,10.214,1396.67,32.3,7/22/2026 10:10:08,16.5,0,22.18,1.34,
0,10.231,1392.5,32.3,7/22/2026 10:10:13,16.5,0,22.23,1.3,
0,10.181,1378.33,32.3,7/22/2026 10:10:18,16.5,0,22.23,1.15,
0,10.153,1368.33,32.3,7/22/2026 10:10:23,16.5,0,22.18,0.9,
0,10.022,1352.5,32.3,7/22/2026 10:10:28,16.5,0,22.15,1.34,
0,10.172,1344.17,32.3,7/22/2026 10:10:32,16.5,0,22.18,0.82,
0,10.265,1335.83,32.3,7/22/2026 10:10:36,16.5,0,22.27,0.84,
0,10.139,1315.83,32.3,7/22/2026 10:10:40,16.5,0,21.92,1.31,
0,10.156,1307.5,32.3,7/22/2026 10:10:44,16.5,0,22.11,1.15,
0,10.172,1292.5,32.3,7/22/2026 10:10:48,16.5,0,21.75,1.17,
0,10.247,1285,32.3,7/22/2026 10:10:53,16.5,0,21.84,1.22,
0,10.247,1285,32.3,7/22/2026 10:10:57,16.5,0,22.01,1.02,
0,10.194,1246.67,31.8,7/22/2026 10:11:01,16.5,0,22.01,1.1,
0,10.171,1234.17,31.8,7/22/2026 10:11:06,16.5,0,22.04,0.91,
0,10.166,1228.33,31.8,7/22/2026 10:11:10,16.5,0,22.17,1.45,
0,10.261,1220.83,31.8,7/22/2026 10:11:11,16.5,0,22.17,1.45,
0,9.995,1219.17,31.8,7/22/2026 10:11:15,16.5,0,21.93,0.97,
0,10.111,1215,31.8,7/22/2026 10:11:19,16.5,0,22.12,0.97,
0,10.145,1200,31.8,7/22/2026 10:11:24,16.5,0,21.86,1.09,
0,10.116,1193.33,31.8,7/22/2026 10:11:29,16.5,0,21.85,1.25,
0,10.057,1190,31.8,7/22/2026 10:11:33,16.5,0,21.76,1.17,
0,10.062,1187.5,31.3,7/22/2026 10:11:38,16.5,0,22.05,1.03,
0,10.162,1183.33,31.3,7/22/2026 10:11:42,16.5,0,21.84,1.37,
0,10.056,1180.83,31.3,7/22/2026 10:11:46,16.5,0,21.99,0.92,
0,9.998,1179.17,31.3,7/22/2026 10:11:51,16.5,0,21.7,1.23,
0,10.02,1176.67,31.3,7/22/2026 10:11:51,16.5,0,21.7,1.23,
0,10.071,1175,31.3,7/22/2026 10:11:55,16.5,0,21.86,1.11,
0,10.05,1175,31.3,7/22/2026 10:11:59,16.5,0,21.85,0.89,
0,10.152,1173.33,31.3,7/22/2026 10:12:05,16.5,0,21.83,1.44,
0,10.104,1171.67,31.3,7/22/2026 10:12:09,16.5,0,21.79,1.33,
0,10.102,1163.33,31.3,7/22/2026 10:12:13,16.5,0,21.68,0.91,
0,10.08,1160,31.3,7/22/2026 10:12:17,16.5,0,21.74,1.03,
0,10.199,1151.67,31.3,7/22/2026 10:12:21,16.5,0,21.88,1.21,
0,10.078,1146.67,31.4,7/22/2026 10:12:25,16.5,0,21.73,1.33,
0,10.114,1144.17,31.6,7/22/2026 10:12:30,16.5,0,21.76,1.43,
0,9.958,1135,31.8,7/22/2026 10:12:34,16.5,0,21.89,1.23,
0,10.077,1131.67,31.8,7/22/2026 10:12:34,16.5,0,21.89,1.23,
0,10.123,1126.67,31.8,7/22/2026 10:12:38,16.5,0,21.71,0.84,
0,10.042,1120.83,31.8,7/22/2026 10:12:43,16.5,0,21.72,0.94,
0,10.238,1117.5,31.8,7/22/2026 10:12:47,16.5,0,21.76,1.1,
0,10.184,1107.5,31.8,7/22/2026 10:12:52,16.5,0,21.66,1.44,
0,10.02,1107.5,31.8,7/22/2026 10:12:56,16.5,0,21.71,1.17,
0,10.089,1105,31.8,7/22/2026 10:13:01,16.5,0,21.73,0.87,
0,10.004,1099.17,31.4,7/22/2026 10:13:05,16.5,0,21.64,1.2,
0,10.053,1095.83,31.3,7/22/2026 10:13:09,16.5,0,21.69,1.16,
0,10.097,1090.83,31.3,7/22/2026 10:13:14,16.5,0,21.63,1.17,
0,10.065,1088.33,31.3,7/22/2026 10:13:18,16.5,0,21.65,0.92,
0,9.968,1083.33,31.3,7/22/2026 10:13:22,16.5,0,21.65,1.25,
0,10.105,1076.67,31.3,7/22/2026 10:13:27,16.5,0,21.92,1.02,
0,9.987,1071.67,31.3,7/22/2026 10:13:31,16.5,0,21.75,1.42,
0,9.916,1070.83,31.3,7/22/2026 10:13:35,16.5,0,21.65,1.3,
0,10.124,1069.17,31.3,7/22/2026 10:13:39,16.5,0,21.72,1.46,
0,10.12,1070.83,31.3,7/22/2026 10:13:43,16.5,0,21.56,1.18,
0,10.029,1072.5,31.3,7/22/2026 10:13:47,16.5,0,21.64,1.14,
0,10.045,1064.17,31.3,7/22/2026 10:13:52,16.5,0,21.51,0.87,
0,10.049,1065.83,31.3,7/22/2026 10:13:56,16.5,0,21.64,1.4,
0,10.153,1064.17,31.3,7/22/2026 10:14:00,16.5,0,21.7,1.46,
0,10.049,1062.5,31.3,7/22/2026 10:14:04,16.5,0,21.64,1.23,
0,10.039,1062.5,31.3,7/22/2026 10:14:08,16.5,0,21.99,1.33,
0,9.945,1056.67,31.3,7/22/2026 10:14:13,16.5,0,21.96,0.98,
0,9.934,1054.17,31.3,7/22/2026 10:14:18,16.5,0,21.55,1.45,
0,10.078,1052.5,31.3,7/22/2026 10:14:22,16.5,0,21.91,1.22,
0,9.962,1050.83,31.3,7/22/2026 10:14:22,16.5,0,21.91,1.22,
0,9.927,1048.33,31.3,7/22/2026 10:14:27,16.5,0,21.46,1.41,
0,9.966,1045.83,31.3,7/22/2026 10:14:31,16.5,0,21.87,0.95,
0,9.933,1040.83,31.3,7/22/2026 10:14:35,16.5,0,21.63,0.84,
0,9.98,1030.83,31.3,7/22/2026 10:14:39,16.5,0,21.55,1.02,
0,9.89,1029.17,31.3,7/22/2026 10:14:43,16.5,0,21.91,1.28,
0,9.929,1032.5,31.3,7/22/2026 10:14:47,16.5,0,21.68,1.14,
0,9.914,1035,31.3,7/22/2026 10:14:47,16.5,0,21.68,1.14,
0,10.023,1021.67,31.3,7/22/2026 10:14:51,16.5,0,21.66,1.06,
0,9.895,1028.33,31.3,7/22/2026 10:14:55,16.5,0,21.65,1.22,
0,9.948,1033.33,31.1,7/22/2026 10:14:59,16.5,0,21.73,0.89,
0,9.94,1034.17,30.9,7/22/2026 10:15:03,16.5,0,21.75,1.09,
0,9.876,1035.83,30.8,7/22/2026 10:15:08,16.5,0,21.64,1.4,
0,9.998,1035.83,30.8,7/22/2026 10:15:12,16.5,0,21.67,1.35,
0,9.947,1040.83,30.9,7/22/2026 10:15:16,16.5,0,21.67,1.41,
0,9.863,1040.83,30.8,7/22/2026 10:15:20,16.5,0,21.56,1.04,
0,9.966,1043.33,30.8,7/22/2026 10:15:24,16.5,0,21.65,0.89,
0,9.979,1048.33,30.9,7/22/2026 10:15:29,16.5,0,21.73,0.93,
0,9.856,1049.17,31,7/22/2026 10:15:33,16.5,0,21.72,1.14,
0,9.927,1055,31.1,7/22/2026 10:15:37,16.5,0,22.07,1.37,
0,9.909,1058.33,31,7/22/2026 10:15:42,16.5,0,21.76,1.13,
0,9.911,1062.5,30.8,7/22/2026 10:15:45,16.5,0,21.56,1.37,
0,9.911,1062.5,30.8,7/22/2026 10:15:45,16.5,0,21.56,1.37,
0,10.011,1064.17,30.8,7/22/2026 10:15:50,16.5,0,21.74,1.32,
0,9.982,1066.67,30.8,7/22/2026 10:15:54,16.5,0,21.73,1.36,
0,9.919,1072.5,30.8,7/22/2026 10:15:58,16.5,0,21.65,1.28,
0,9.866,1076.67,30.8,7/22/2026 10:16:03,16.5,0,21.75,1.12,
0,9.896,1076.67,30.8,7/22/2026 10:16:07,16.5,0,21.75,0.88,
0,9.897,1087.5,30.8,7/22/2026 10:16:12,16.5,0,21.64,1.23,
0,9.978,1093.33,30.8,7/22/2026 10:16:17,16.5,0,21.68,0.82,
0,9.916,1097.5,31,7/22/2026 10:16:21,16.5,0,22.17,0.97,
0,9.856,1099.17,31.3,7/22/2026 10:16:21,16.5,0,22.17,0.97,
0,9.924,1102.5,31.3,7/22/2026 10:16:26,16.5,0,21.83,1.28,
0,9.929,1104.17,31.3,7/22/2026 10:16:31,16.5,0,21.75,1.04,
0,10.022,1105.83,31.3,7/22/2026 10:16:35,16.5,0,21.73,1.41,
0,9.971,1105,31.3,7/22/2026 10:16:35,16.5,0,21.73,1.41,
0,10.055,1104.17,31.3,7/22/2026 10:16:40,16.5,0,21.78,1.37,
0,9.89,1100.83,31.3,7/22/2026 10:16:46,16.5,0,21.59,1,
0,10.009,1100.83,31.3,7/22/2026 10:16:50,16.5,0,21.73,0.9,
0,9.844,1096.67,31.3,7/22/2026 10:16:55,16.5,0,21.55,1.49,
0,10.04,1092.5,31.3,7/22/2026 10:16:59,16.5,0,21.69,0.98,
0,10.012,1086.67,31.3,7/22/2026 10:17:04,16.5,0,21.65,1.14,
0,10.073,1077.5,31.3,7/22/2026 10:17:09,16.5,0,21.64,1.27,
0,10.073,1077.5,31.3,7/22/2026 10:17:09,16.5,0,21.64,1.27,
0,9.924,1073.33,31.3,7/22/2026 10:17:13,16.5,0,21.65,1.33,
0,9.966,1069.17,31.3,7/22/2026 10:17:17,16.5,0,21.51,1.32,
0,9.915,1067.5,31.3,7/22/2026 10:17:17,16.5,0,21.51,1.32,
0,9.995,1063.33,31.3,7/22/2026 10:17:22,16.5,0,21.91,1.3,
0,10.106,1060,31.3,7/22/2026 10:17:26,16.5,0,21.66,1.04,
0,9.954,1050.83,31.3,7/22/2026 10:17:30,16.5,0,21.8,0.92,
0,9.993,1043.33,31.3,7/22/2026 10:17:34,16.5,0,21.66,1.48,
0,10.045,1036.67,31.3,7/22/2026 10:17:38,16.5,0,21.55,1.11,
0,9.928,1033.33,31.3,7/22/2026 10:17:43,16.5,0,21.56,1.48,
0,9.894,1026.67,31.3,7/22/2026 10:17:48,16.5,0,21.58,1.34,
0,9.919,1018.33,31.3,7/22/2026 10:17:52,16.5,0,21.32,1.09,
0,9.933,1014.17,31.3,7/22/2026 10:17:57,16.5,0,21.45,0.93,
0,9.942,1011.67,31.3,7/22/2026 10:18:01,16.5,0,21.49,1.21,
0,10.028,1009.17,31.3,7/22/2026 10:18:05,16.5,0,21.38,0.85,
0,10.027,1000.83,31.3,7/22/2026 10:18:10,16.5,0,21.75,0.92,
0,9.926,997.5,31.3,7/22/2026 10:18:14,16.5,0,21.64,1.36,
0,9.931,978.33,31.3,7/22/2026 10:18:19,16.5,0,21.56,0.91,
0,9.874,968.33,31.3,7/22/2026 10:18:23,16.5,0,21.41,0.82,
0,9.859,956.67,31.3,7/22/2026 10:18:27,16.5,0,21.48,1.07,
0,9.938,950.83,31.3,7/22/2026 10:18:32,16.5,0,21.37,1.21,
0,9.987,942.5,31.3,7/22/2026 10:18:36,16.5,0,21.45,1.43,
0,9.987,942.5,31.3,7/22/2026 10:18:41,16.5,0,21.4,1.28,
0,9.784,924.17,31.3,7/22/2026 10:18:46,16.5,0,21.46,1.4,
0,9.859,916.67,31.3,7/22/2026 10:18:50,16.5,0,21.44,0.99,
0,9.859,916.67,31.3,7/22/2026 10:18:50,16.5,0,21.44,0.99,
0,9.821,911.67,31.3,7/22/2026 10:18:55,16.5,0,21.45,1.34,
0,9.961,899.17,30.8,7/22/2026 10:19:02,16.5,0,21.39,1.26,
0,9.95,901.67,30.8,7/22/2026 10:19:07,16.5,0,21.49,1.37,
0,9.901,900,30.8,7/22/2026 10:19:11,16.5,0,21.38,1.41,
0,9.95,899.17,30.8,7/22/2026 10:19:15,16.5,0,21.45,1.29,
0,9.846,896.67,30.8,7/22/2026 10:19:19,16.5,0,21.54,1.45,
0,9.877,895.83,30.8,7/22/2026 10:19:23,16.5,0,21.48,0.86,
0,9.877,895.83,30.8,7/22/2026 10:19:23,16.5,0,21.48,0.86,
0,9.941,891.67,30.8,7/22/2026 10:19:30,16.5,0,21.45,1.12,
0,9.898,890.83,30.8,7/22/2026 10:19:35,16.5,0,21.39,0.88,
0,9.873,890,30.8,7/22/2026 10:19:39,16.5,0,21.45,0.83,
0,9.838,887.5,30.8,7/22/2026 10:19:43,16.5,0,21.43,1.37,
0,9.837,884.17,30.8,7/22/2026 10:19:43,16.5,0,21.43,1.37,
0,9.923,880.83,30.8,7/22/2026 10:19:48,16.5,0,21.47,1.45,
0,9.965,872.5,30.8,7/22/2026 10:19:53,16.5,0,21.49,1.09,
0,9.904,868.33,30.8,7/22/2026 10:19:57,16.5,0,21.49,1.23,
0,9.921,863.33,30.8,7/22/2026 10:20:01,16.5,0,21.48,0.89,
0,9.774,861.67,30.8,7/22/2026 10:20:06,16.5,0,21.45,0.83,
0,9.774,861.67,30.8,7/22/2026 10:20:06,16.5,0,21.45,0.83,
0,9.856,859.17,30.8,7/22/2026 10:20:10,16.5,0,21.13,1.11,
0,9.954,858.33,30.8,7/22/2026 10:20:15,16.5,0,21.49,0.93,
0,9.881,857.5,30.8,7/22/2026 10:20:19,16.5,0,21.79,1.35,
0,9.871,856.67,30.9,7/22/2026 10:20:23,16.5,0,21.58,1.29,
0,9.871,856.67,30.9,7/22/2026 10:20:23,16.5,0,21.58,1.29,
0,9.906,858.33,30.9,7/22/2026 10:20:28,16.5,0,21.55,1.49,
0,9.939,859.17,31.2,7/22/2026 10:20:32,16.5,0,21.55,0.87,
0,9.975,861.67,31.3,7/22/2026 10:20:37,16.5,0,21.54,1.15,
0,9.939,863.33,31.3,7/22/2026 10:20:42,16.5,0,21.63,1.25,
0,9.846,869.17,31.3,7/22/2026 10:20:47,16.5,0,21.62,0.86,
0,9.966,870.83,31.3,7/22/2026 10:20:51,16.5,0,21.65,1.45,
0,9.926,875.83,31.2,7/22/2026 10:20:55,16.5,0,21.81,1.14,
0,9.921,877.5,31.2,7/22/2026 10:20:59,16.5,0,21.92,0.91,
0,9.9,880.83,31.2,7/22/2026 10:20:59,16.5,0,21.92,0.91,
0,10.018,883.33,31.3,7/22/2026 10:21:03,16.5,0,21.65,1.38,
0,10.018,883.33,31.3,7/22/2026 10:21:08,16.5,0,21.92,0.85,
0,9.894,895.83,31.3,7/22/2026 10:21:13,16.5,0,21.84,0.98,
0,9.969,900,31.3,7/22/2026 10:21:17,16.5,0,21.81,1.08,
0,10.033,907.5,31.3,7/22/2026 10:21:22,16.5,0,21.83,0.81,
0,9.825,914.17,31.3,7/22/2026 10:21:27,16.5,0,21.93,1.44,
0,9.825,914.17,31.3,7/22/2026 10:21:31,16.5,0,21.95,0.93,
0,9.925,927.5,31.3,7/22/2026 10:21:37,16.5,0,21.86,1.44,
0,9.925,927.5,31.3,7/22/2026 10:21:37,16.5,0,21.86,1.44,
0,9.861,941.67,30.9,7/22/2026 10:21:47,16.5,0,21.88,0.94,
0,9.975,946.67,30.8,7/22/2026 10:21:47,16.5,0,21.88,0.94,
0,9.939,951.67,30.8,7/22/2026 10:21:52,16.5,0,21.94,0.95,
0,9.939,951.67,30.8,7/22/2026 10:21:56,16.5,0,21.95,1.23,
0,9.959,968.33,30.8,7/22/2026 10:22:00,16.5,0,21.99,1.43,
0,10.021,972.5,30.8,7/22/2026 10:22:04,16.5,0,22.16,1.3,
0,9.975,982.5,30.8,7/22/2026 10:22:09,16.5,0,22.04,1,
0,9.975,982.5,30.8,7/22/2026 10:22:14,16.5,0,22.18,1.27,
0,9.975,982.5,30.8,7/22/2026 10:22:19,16.5,0,22.1,1.17,
0,9.99,1010.83,30.9,7/22/2026 10:22:23,16.5,0,22.15,0.94,
0,9.819,1025.83,31.3,7/22/2026 10:22:30,16.5,0,22.15,1.08,
0,9.819,1025.83,31.3,7/22/2026 10:22:34,16.5,0,22.05,1.19,
0,9.989,1047.5,31.3,7/22/2026 10:22:38,16.5,0,22.22,1.16,
0,9.834,1053.33,31.3,7/22/2026 10:22:43,16.5,0,22.18,1.32,
0,9.85,1071.67,31.3,7/22/2026 10:22:48,16.5,0,22.26,1,
0,10.005,1079.17,31.3,7/22/2026 10:22:52,16.5,0,21.98,1.35,
0,9.889,1093.33,31.3,7/22/2026 10:22:56,16.5,0,22.01,1.1,
0,9.964,1101.67,31.3,7/22/2026 10:23:00,16.5,0,22.34,0.89,
0,10.019,1105.83,31.3,7/22/2026 10:23:05,16.5,0,22.27,1.48,
0,9.942,1120.83,31.3,7/22/2026 10:23:10,16.5,0,22.26,1.14,
0,10.029,1132.5,31.3,7/22/2026 10:23:16,16.5,0,22.24,0.94,
0,9.911,1147.5,31.3,7/22/2026 10:23:20,16.5,0,22.33,1.24,
0,9.881,1149.17,31.3,7/22/2026 10:23:24,16.5,0,22.04,0.85,
0,9.989,1154.17,31.3,7/22/2026 10:23:29,16.5,0,22.43,1.17,
0,9.885,1165,31.3,7/22/2026 10:23:33,16.5,0,22.62,1.38,
0,9.854,1180,31.3,7/22/2026 10:23:37,16.5,0,22.4,0.82,
0,9.854,1180,31.3,7/22/2026 10:23:37,16.5,0,22.4,0.82,
0,9.811,1185,31.3,7/22/2026 10:23:41,16.5,0,22.43,1.21,
0,9.973,1193.33,31.3,7/22/2026 10:23:46,16.5,0,22.43,1.39,
0,9.945,1206.67,31.3,7/22/2026 10:23:53,16.5,0,22.48,1.25,
0,9.815,1215,31.3,7/22/2026 10:24:01,16.5,0,22.47,0.85,
0,9.894,1218.33,31.3,7/22/2026 10:24:02,16.5,0,22.47,0.85,
0,9.899,1223.33,31.3,7/22/2026 10:24:06,16.5,0,22.46,1.4,
0,9.917,1226.67,31.3,7/22/2026 10:24:10,16.5,0,22.56,0.98,
0,9.924,1234.17,31.3,7/22/2026 10:24:15,16.5,0,22.73,0.96,
0,9.986,1237.5,31.3,7/22/2026 10:24:19,16.5,0,22.71,0.86,
0,9.886,1240.83,31.3,7/22/2026 10:24:23,16.5,0,22.51,1.14,
0,9.973,1245,31.3,7/22/2026 10:24:28,16.5,0,22.72,1.3,
0,10.033,1251.67,31.3,7/22/2026 10:24:32,16.5,0,22.53,0.83,
0,9.796,1260,31.3,7/22/2026 10:24:36,16.5,0,22.59,1.49,
0,9.952,1262.5,31.3,7/22/2026 10:24:40,16.5,0,22.62,1.33,
0,9.994,1267.5,31.3,7/22/2026 10:24:45,16.5,0,22.54,0.8,
0,9.925,1281.67,31.3,7/22/2026 10:24:58,16.5,0,22.8,0.91,
0,9.929,1286.67,31.3,7/22/2026 10:25:02,16.5,0,22.64,1.22,
0,9.923,1289.17,31.3,7/22/2026 10:25:06,16.5,0,22.67,1,
0,9.91,1294.17,31.3,7/22/2026 10:25:11,16.5,0,22.7,0.89,
0,9.885,1297.5,31.3,7/22/2026 10:25:18,16.5,0,22.73,1.14,
0,9.839,1299.17,31.3,7/22/2026 10:25:23,16.5,0,22.74,0.99,
0,9.958,1300.83,31.3,7/22/2026 10:25:28,16.5,0,22.79,1.35,
0,9.812,1303.33,31.3,7/22/2026 10:25:28,16.5,0,22.79,1.35,
0,9.812,1303.33,31.3,7/22/2026 10:25:33,16.5,0,22.74,1.45,
0,9.826,1308.33,31.8,7/22/2026 10:25:40,16.5,0,22.77,0.97,
0,9.979,1311.67,31.8,7/22/2026 10:25:44,16.5,0,23.07,1.35,
0,9.807,1313.33,31.8,7/22/2026 10:25:48,16.5,0,22.78,0.8,
0,9.913,1316.67,31.8,7/22/2026 10:25:48,16.5,0,22.78,0.8,
0,9.909,1317.5,31.8,7/22/2026 10:25:52,16.5,0,22.82,1.07,
0,9.93,1315.83,31.8,7/22/2026 10:25:57,16.5,0,22.86,1.09,
0,9.83,1318.33,31.8,7/22/2026 10:26:01,16.5,0,22.88,1.29,
0,9.931,1333.33,31.8,7/22/2026 10:26:06,16.5,0,23.07,0.94,
0,9.785,1345,31.8,7/22/2026 10:26:13,16.5,0,23.21,0.98,
0,9.812,1353.33,31.8,7/22/2026 10:26:18,16.5,0,22.89,0.96,
0,9.812,1353.33,31.8,7/22/2026 10:26:18,16.5,0,22.89,0.96,
0,10.008,1358.33,31.8,7/22/2026 10:26:22,16.5,0,22.83,1.01,
0,9.926,1366.67,31.8,7/22/2026 10:26:27,16.5,0,22.87,0.85,
0,9.997,1374.17,31.8,7/22/2026 10:26:31,16.5,0,22.91,1.38,
0,9.944,1380,31.8,7/22/2026 10:26:36,16.5,0,23.02,0.8,
0,10.044,1378.33,31.8,7/22/2026 10:26:36,16.5,0,23.02,0.8,
0,9.917,1380.83,31.8,7/22/2026 10:26:42,16.5,0,22.89,1.03,
0,9.912,1390,31.8,7/22/2026 10:26:47,16.5,0,22.96,0.87,
0,9.959,1395.83,31.8,7/22/2026 10:26:51,16.5,0,22.99,0.82,
0,9.916,1395.83,31.8,7/22/2026 10:26:51,16.5,0,22.99,0.82,
0,9.916,1395.83,31.8,7/22/2026 10:26:57,16.5,0,23.15,0.85,
0,9.788,1408.33,31.8,7/22/2026 10:26:57,16.5,0,23.15,0.85,
0,9.89,1414.17,31.8,7/22/2026 10:27:02,16.5,0,23.02,1.19,
0,9.89,1414.17,31.8,7/22/2026 10:27:06,16.5,0,22.84,1.17,
0,9.834,1418.33,31.8,7/22/2026 10:27:07,16.5,0,22.84,1.17,
0,9.785,1422.5,31.8,7/22/2026 10:27:11,16.5,0,22.75,1.13,
0,10.026,1427.5,31.8,7/22/2026 10:27:15,16.5,0,23.09,1.44,
0,9.841,1430,31.8,7/22/2026 10:27:25,16.5,0,23.02,1,
0,9.928,1440,31.8,7/22/2026 10:27:30,16.5,0,23.13,1.26,
0,9.899,1440.83,31.8,7/22/2026 10:27:34,16.5,0,23.14,0.8,
0,9.805,1445.83,31.8,7/22/2026 10:27:38,16.5,0,23.02,1.19,
0,9.918,1443.33,31.8,7/22/2026 10:27:43,16.5,0,23.08,0.9,
0,9.913,1450,31.8,7/22/2026 10:27:50,16.5,0,22.83,1.12,
0,9.846,1454.17,31.8,7/22/2026 10:27:54,16.5,0,23.29,1.43,
0,9.759,1451.67,31.8,7/22/2026 10:27:59,16.5,0,23.15,0.95,
0,9.811,1450.83,31.8,7/22/2026 10:28:03,16.5,0,23.1,1.18,
0,9.92,1448.33,31.8,7/22/2026 10:28:07,16.5,0,23.12,1.14,
0,9.851,1460.83,31.8,7/22/2026 10:28:11,16.5,0,23.21,1.21,
0,9.762,1457.5,31.3,7/22/2026 10:28:15,16.5,0,23.13,1.18,
0,9.762,1457.5,31.3,7/22/2026 10:28:15,16.5,0,23.13,1.18,
0,9.762,1457.5,31.3,7/22/2026 10:28:20,16.5,0,23.14,1.15,
0,9.856,1451.67,31.3,7/22/2026 10:28:24,16.5,0,23.13,0.88,
0,9.856,1469.17,31.3,7/22/2026 10:28:28,16.5,0,23.16,0.82,
0,9.903,1478.33,31.3,7/22/2026 10:28:33,16.5,0,23.26,1.1,
0,9.903,1478.33,31.3,7/22/2026 10:28:37,16.5,0,23.21,1.14,
0,9.913,1503.33,31.3,7/22/2026 10:28:45,16.5,0,23.26,1.44,
0,9.841,1515,31.3,7/22/2026 10:28:53,16.5,0,23.21,1.4,
0,9.959,1520,31.3,7/22/2026 10:28:57,16.5,0,23.42,1.11,
0,9.858,1517.5,31.3,7/22/2026 10:29:01,16.5,0,23.26,1.06,
0,9.887,1537.5,31.3,7/22/2026 10:29:09,16.5,0,23.61,1.18,
0,9.787,1546.67,31.3,7/22/2026 10:29:14,16.5,0,23.29,0.81,
0,9.853,1546.67,31.3,7/22/2026 10:29:18,16.5,0,23.26,1.42,
0,9.855,1560.83,31.3,7/22/2026 10:29:23,16.5,0,23.26,0.95,
0,9.855,1560.83,31.3,7/22/2026 10:29:23,16.5,0,23.26,0.95,
0,9.932,1565.83,31.3,7/22/2026 10:29:27,16.5,0,23.28,1.09,
0,9.95,1573.33,31.3,7/22/2026 10:29:32,16.5,0,23.31,0.93,
0,9.862,1575.83,31.3,7/22/2026 10:29:36,16.5,0,23.43,0.93,
0,9.938,1583.33,31.3,7/22/2026 10:29:40,16.5,0,23.32,1.09,
0,10.015,1589.17,31.3,7/22/2026 10:29:45,16.5,0,23.22,1.04,
0,9.882,1600,31.3,7/22/2026 10:29:49,16.5,0,23.41,1.45,
0,9.905,1599.17,31.3,7/22/2026 10:29:53,16.5,0,23.23,1.22,
0,9.902,1608.33,31.3,7/22/2026 10:29:58,16.5,0,23.26,1.24,
0,9.88,1621.67,31.3,7/22/2026 10:30:03,16.5,0,23.28,0.91,
0,9.968,1625.83,31.3,7/22/2026 10:30:08,16.5,0,23.31,1.15,
0,9.907,1633.33,31.3,7/22/2026 10:30:13,16.5,0,23.15,1.24,
0,9.966,1628.33,31.3,7/22/2026 10:30:13,16.5,0,23.15,1.24,
0,9.906,1640,31.3,7/22/2026 10:30:18,16.5,0,23.31,1.36,
0,9.919,1641.67,31.3,7/22/2026 10:30:23,16.5,0,23.31,1.48,
0,9.95,1654.17,31.3,7/22/2026 10:30:23,16.5,0,23.31,1.48,
0,9.876,1661.67,31.3,7/22/2026 10:30:28,16.5,0,23.22,0.97,
0,9.912,1659.17,31.3,7/22/2026 10:30:32,16.5,0,23.22,1.24,
0,9.977,1675,31.3,7/22/2026 10:30:37,16.5,0,23.21,0.97,
0,9.99,1689.17,31.3,7/22/2026 10:30:42,16.5,0,23.31,1.2,
0,9.811,1699.17,31.4,7/22/2026 10:30:47,16.5,0,23.35,1.27,
0,9.81,1703.33,31.4,7/22/2026 10:30:51,16.5,0,23.28,1.17,
0,9.797,1720.83,31.8,7/22/2026 10:30:56,16.5,0,23.09,1.27,
0,9.918,1726.67,31.8,7/22/2026 10:31:01,16.5,0,23.42,1.38,
0,9.908,1730.83,31.8,7/22/2026 10:31:01,16.5,0,23.42,1.38,
0,9.963,1738.33,31.8,7/22/2026 10:31:06,16.5,0,23.31,1.09,
0,9.829,1745.83,31.8,7/22/2026 10:31:10,16.5,0,22.91,1.39,
0,9.829,1745.83,31.8,7/22/2026 10:31:10,16.5,0,22.91,1.39,
0,9.932,1755,31.8,7/22/2026 10:31:14,16.5,0,23.32,1.08,
0,9.935,1764.17,31.8,7/22/2026 10:31:19,16.5,0,23.3,1.44,
0,9.993,1776.67,31.8,7/22/2026 10:31:23,16.5,0,23.23,1.46,
0,9.898,1780.83,31.8,7/22/2026 10:31:27,16.5,0,23.31,1.26,
0,10.004,1779.17,31.8,7/22/2026 10:31:32,16.5,0,23.39,1.32,
0,9.911,1793.33,31.8,7/22/2026 10:31:36,16.5,0,23.15,1.14,
0,9.929,1800.83,31.8,7/22/2026 10:31:40,16.5,0,23.29,1.11,
0,10.036,1816.67,31.8,7/22/2026 10:31:44,16.5,0,23.33,0.85,
0,9.892,1825.83,31.8,7/22/2026 10:31:49,16.5,0,23.3,0.99,
0,10.083,1850.83,31.8,7/22/2026 10:31:53,16.5,0,23.41,1.3,
0,10.007,1835.83,31.8,7/22/2026 10:31:57,16.5,0,23.42,0.93,
0,9.996,1842.5,31.8,7/22/2026 10:32:02,16.5,0,23.43,0.81,
0,9.92,1850.83,31.8,7/22/2026 10:32:07,16.5,0,23.41,1.44,
0,9.942,1868.33,31.8,7/22/2026 10:32:11,16.5,0,23.64,1.41,
0,10.028,1875,31.7,7/22/2026 10:32:16,16.5,0,23.35,0.9,
0,9.919,1887.5,31.3,7/22/2026 10:32:21,16.5,0,23.5,1.18,
0,9.992,1906.67,31.3,7/22/2026 10:32:25,16.5,0,23.44,1.11,
0,9.95,1903.33,31.3,7/22/2026 10:32:30,16.5,0,23.35,1.28,
0,10.101,1913.33,31.3,7/22/2026 10:32:34,16.5,0,23.26,1.27,
0,10.139,1923.33,31.3,7/22/2026 10:32:39,16.5,0,23.61,1.32,
0,10.064,1928.33,31.3,7/22/2026 10:32:39,16.5,0,23.61,1.32,
0,10.155,1939.17,31.3,7/22/2026 10:32:43,16.5,0,23.34,0.99,
0,9.943,1944.17,31.3,7/22/2026 10:32:48,16.5,0,23.61,0.85,
0,10.191,1946.67,31.3,7/22/2026 10:32:52,16.5,0,23.5,1.34,
0,10.087,1964.17,31.4,7/22/2026 10:32:56,16.5,0,23.51,1.21,
0,9.993,1970.83,31.6,7/22/2026 10:33:00,16.5,0,23.46,0.97,
0,9.92,1974.17,31.7,7/22/2026 10:33:05,16.5,0,23.46,1.24,
0,9.941,1981.67,31.7,7/22/2026 10:33:10,16.5,0,23.71,1.21,
0,9.825,1989.17,31.8,7/22/2026 10:33:14,16.5,0,23.26,0.83,
0,9.923,1994.17,31.8,7/22/2026 10:33:18,16.5,0,23.49,0.9,
0,9.935,2002.5,31.8,7/22/2026 10:33:23,16.5,0,23.49,1.25,
0,10.057,2006.67,31.8,7/22/2026 10:33:27,16.5,0,23.48,0.94,
0,9.962,2013.33,31.8,7/22/2026 10:33:31,16.5,0,23.6,0.86,
0,9.967,2033.33,31.8,7/22/2026 10:33:41,16.5,0,23.7,1.26,
0,9.967,2033.33,31.8,7/22/2026 10:33:41,16.5,0,23.7,1.26,
0,9.967,2033.33,31.8,7/22/2026 10:33:42,16.5,0,23.68,1.33,
0,9.934,2042.5,31.8,7/22/2026 10:33:47,16.5,0,23.69,0.83,
0,9.934,2042.5,31.8,7/22/2026 10:33:47,16.5,0,23.69,0.83,
0,10.023,2048.33,31.8,7/22/2026 10:33:53,16.5,0,23.61,1.11,
0,9.915,2053.33,31.8,7/22/2026 10:33:57,16.5,0,23.51,1.31,
0,9.858,2065.83,31.8,7/22/2026 10:34:05,16.5,0,23.7,1.21,
0,10.002,2074.17,31.8,7/22/2026 10:34:10,16.5,0,23.6,1.4,
0,9.827,2071.67,31.8,7/22/2026 10:34:14,16.5,0,23.51,1.23,
0,9.968,2076.67,31.8,7/22/2026 10:34:22,16.5,0,23.61,0.9,
0,9.969,2091.67,31.8,7/22/2026 10:34:26,16.5,0,23.79,1.2,
0,9.973,2100,31.8,7/22/2026 10:34:31,16.5,0,23.61,0.96,
0,9.975,2114.17,31.8,7/22/2026 10:34:36,16.5,0,23.74,1.48,
0,10.015,2122.5,31.8,7/22/2026 10:34:40,16.5,0,23.72,0.81,
0,10.055,2129.17,31.8,7/22/2026 10:34:41,16.5,0,23.72,0.81,
0,9.929,2135.83,31.8,7/22/2026 10:34:45,16.5,0,23.64,1.3,
0,10.043,2143.33,31.8,7/22/2026 10:34:49,16.5,0,23.12,0.91,
0,10.021,2145.83,31.8,7/22/2026 10:34:49,16.5,0,23.12,0.91,
0,9.956,2155.83,31.8,7/22/2026 10:34:54,16.5,0,23.68,1.44,
0,9.944,2166.67,31.8,7/22/2026 10:34:59,16.5,0,23.66,1.37,
0,9.944,2166.67,31.8,7/22/2026 10:35:04,16.5,0,23.65,1.2,
0,9.948,2184.17,31.8,7/22/2026 10:35:09,16.5,0,23.69,1.06,
0,9.959,2196.67,31.8,7/22/2026 10:35:13,16.5,0,23.72,1.38,
0,10.011,2201.67,32.2,7/22/2026 10:35:17,16.5,0,23.43,0.81,
0,9.951,2214.17,32.3,7/22/2026 10:35:22,16.5,0,23.64,0.97,
0,10.004,2225,32.3,7/22/2026 10:35:26,16.5,0,23.68,0.9,
0,9.979,2234.17,32.3,7/22/2026 10:35:31,16.5,0,23.77,0.81,
0,9.964,2272.5,32.3,7/22/2026 10:35:38,16.5,0,23.75,1.43,
0,9.964,2272.5,32.3,7/22/2026 10:35:38,16.5,0,23.75,1.43,
0,9.962,2287.5,32.3,7/22/2026 10:35:42,16.5,0,23.68,1,
0,10.037,2317.5,32.3,7/22/2026 10:35:48,16.5,0,23.74,1.47,
0,10.075,2339.17,32.3,7/22/2026 10:35:52,16.5,0,23.84,1.02,
0,9.968,2371.67,32.3,7/22/2026 10:35:58,16.5,0,23.81,1.03,
0,10.066,2401.67,32.3,7/22/2026 10:36:03,16.5,0,23.65,0.92,
0,10.009,2437.5,32.4,7/22/2026 10:36:08,16.5,0,23.83,1.32,
0,9.956,2457.5,32.7,7/22/2026 10:36:13,16.5,0,23.81,1.27,
0,9.958,2513.33,32.8,7/22/2026 10:36:18,16.5,0,24.01,0.8,
0,10.039,2532.5,32.8,7/22/2026 10:36:22,16.5,0,23.91,1.43,
0,10.085,2571.67,32.8,7/22/2026 10:36:27,16.5,0,23.9,1.22,
0,9.894,2618.33,32.8,7/22/2026 10:36:31,16.5,0,23.83,0.84,
0,9.918,2715,32.8,7/22/2026 10:36:39,16.5,0,23.91,1.28,
0,9.971,2720,32.8,7/22/2026 10:36:46,16.5,0,23.5,1.27,
0,9.978,2732.5,32.8,7/22/2026 10:36:51,16.5,0,23.94,1.48,
0,9.978,2770.83,33.3,7/22/2026 10:36:57,16.5,0,24.12,1.42,
0,10.017,2806.67,33.3,7/22/2026 10:37:01,16.5,0,24.2,1,
0,9.951,2828.33,33.3,7/22/2026 10:37:05,16.5,0,24,1.28,
0,9.99,2906.67,33.3,7/22/2026 10:37:11,16.5,0,24.18,1.37,
0,10.102,2901.67,33.3,7/22/2026 10:37:16,16.5,0,24.01,0.91,
0,9.981,2874.17,33.3,7/22/2026 10:37:23,16.5,0,24.05,0.8,
0,9.928,2850,33.3,7/22/2026 10:37:31,16.5,0,24.04,0.8,
0,10.076,2844.17,33.3,7/22/2026 10:37:38,16.5,0,24.04,1.15,
0,10.07,2835,33.3,7/22/2026 10:37:46,16.5,0,24.07,1.48,
0,10.052,2831.67,33.3,7/22/2026 10:37:50,16.5,0,24.11,1,
0,10.075,2833.33,33.3,7/22/2026 10:37:55,16.5,0,24.07,0.82,
0,10.093,2840.83,33.3,7/22/2026 10:38:02,16.5,0,24.14,1.42,
0,10.03,2852.5,33.3,7/22/2026 10:38:07,16.5,0,24.3,1.07,
0,10.087,2869.17,33.3,7/22/2026 10:38:15,16.5,0,23.94,0.92,
0,10.049,2893.33,33.3,7/22/2026 10:38:19,16.5,0,24.11,0.93,
0,9.99,2899.17,33.3,7/22/2026 10:38:24,16.5,0,24.12,1.04,
0,9.978,2929.17,33.3,7/22/2026 10:38:31,16.5,0,24.18,0.95,
0,10.033,2954.17,33.3,7/22/2026 10:38:39,16.5,0,24.11,1.2,
0,10.205,3016.67,33.3,7/22/2026 10:38:46,16.5,0,24.17,1.17,
0,10.028,3028.33,33.3,7/22/2026 10:38:50,16.5,0,24.3,1.33,
0,9.951,3060.83,33.3,7/22/2026 10:38:54,16.5,0,24.15,1.47,
0,10.022,3077.5,33.3,7/22/2026 10:38:59,16.5,0,24.14,1.15,
0,10.116,3096.67,33.4,7/22/2026 10:39:06,16.5,0,24.2,1.09,
0,10.033,3160,33.8,7/22/2026 10:39:11,16.5,0,24.31,1.44,
0,10.033,3198.33,33.8,7/22/2026 10:39:17,16.5,0,24.07,0.83,
0,10.062,3218.33,33.8,7/22/2026 10:39:21,16.5,0,24.23,1.19,
0,10.165,3290,33.8,7/22/2026 10:39:29,16.5,0,24.21,1.45,
0,10.115,3319.17,33.8,7/22/2026 10:39:35,16.5,0,24.2,1.17,
0,9.969,3349.17,33.8,7/22/2026 10:39:39,16.5,0,24.22,1.02,
0,9.97,3369.17,33.8,7/22/2026 10:39:39,16.5,0,24.22,1.02,
0,9.993,3394.17,33.8,7/22/2026 10:39:43,16.5,0,24.04,1.08,
0,10.042,3430,33.8,7/22/2026 10:39:48,16.5,0,24.15,1.29,
0,10.042,3430,33.8,7/22/2026 10:39:53,16.5,0,24.28,0.86,
0,10.107,3484.17,33.8,7/22/2026 10:39:58,16.5,0,24.3,0.9,
0,10.107,3484.17,33.8,7/22/2026 10:40:02,16.5,0,24.33,1.45,
0,10.132,3506.67,33.8,7/22/2026 10:40:07,16.5,0,24.28,0.85,
0,10.048,3535.83,33.8,7/22/2026 10:40:13,16.5,0,24.3,0.89,
0,9.953,3576.67,33.6,7/22/2026 10:40:21,16.5,0,24.33,1.34,
0,10.171,3605.83,33.4,7/22/2026 10:40:28,16.5,0,24.32,1.08,
0,10.134,3617.5,33.4,7/22/2026 10:40:32,16.5,0,24.26,1.37,
0,10.078,3639.17,33.3,7/22/2026 10:40:37,16.5,0,24.33,0.92,
0,10.15,3662.5,33.3,7/22/2026 10:40:41,16.5,0,24.42,1.3,
0,10.061,3680,33.3,7/22/2026 10:40:45,16.5,0,24.34,0.85,
0,10.075,3691.67,33.3,7/22/2026 10:40:49,16.5,0,24.39,1.37,
0,10.028,3713.33,33.3,7/22/2026 10:40:53,16.5,0,24.31,1.37,
0,10.108,3733.33,33.3,7/22/2026 10:40:57,16.5,0,24.34,1.15,
0,10.108,3733.33,33.3,7/22/2026 10:40:57,16.5,0,24.34,1.15,
0,10.048,3750,33.3,7/22/2026 10:41:01,16.5,0,24.39,0.86,
0,10.117,3760.83,33.4,7/22/2026 10:41:05,16.5,0,24.31,1.38,
0,9.956,3779.17,33.8,7/22/2026 10:41:10,16.5,0,24.41,1.15,
0,10.004,3827.5,33.8,7/22/2026 10:41:17,16.5,0,24.41,1.29,
0,10.148,3836.67,33.8,7/22/2026 10:41:21,16.5,0,24.14,1.03,
0,10.061,3875,33.8,7/22/2026 10:41:26,16.5,0,24.5,1.36,
0,10.105,3881.67,33.8,7/22/2026 10:41:26,16.5,0,24.5,1.36,
0,10.07,3918.33,33.8,7/22/2026 10:41:32,16.5,0,24.4,1.44,
0,10.117,3935,33.8,7/22/2026 10:41:32,16.5,0,24.4,1.44,
0,10.117,3935,33.8,7/22/2026 10:41:36,16.5,0,24.42,1.12,
0,10.168,3976.67,33.8,7/22/2026 10:41:41,16.5,0,24.44,1.07,
0,10.113,3995,33.8,7/22/2026 10:41:41,16.5,0,24.44,1.07,
0,10.1,4018.33,33.8,7/22/2026 10:41:45,16.5,0,24.3,1.17,
0,10.159,4038.33,33.8,7/22/2026 10:41:49,16.5,0,24.26,1.17,
0,10.08,4085.83,33.8,7/22/2026 10:41:54,16.5,0,24.4,1,
0,10.087,4115,33.8,7/22/2026 10:42:01,16.5,0,24.51,1.06,
0,10.025,4215.83,33.8,7/22/2026 10:42:06,16.5,0,24.4,1.38,
0,9.908,4292.5,33.8,7/22/2026 10:42:14,16.5,0,24.36,1.48,
0,10.027,4376.67,33.8,7/22/2026 10:42:18,16.5,0,24.61,1.36,
0,10.013,4480,33.8,7/22/2026 10:42:23,16.5,0,24.38,1.48,
0,10.055,4535.83,33.8,7/22/2026 10:42:28,16.5,0,24.6,1.3,
0,9.983,4597.5,33.8,7/22/2026 10:42:28,16.5,0,24.6,1.3,
0,9.983,4597.5,33.8,7/22/2026 10:42:33,16.5,0,24.53,1.36,
0,10.192,4739.17,33.8,7/22/2026 10:42:37,16.5,0,24.61,1.25,
0,10.095,4778.33,33.8,7/22/2026 10:42:41,16.5,0,24.61,1.23,
0,10.188,4945.83,34.2,7/22/2026 10:42:50,16.5,0,24.34,1.32,
0,10.101,5123.33,34.2,7/22/2026 10:42:57,16.5,0,24.68,1.35,
0,10.082,5769.17,34.2,7/22/2026 10:43:06,16.5,0,24.79,1.37,
0,10.184,6990,34.2,7/22/2026 10:43:12,16.5,0,25.06,0.97,
0,10.182,7005,34.2,7/22/2026 10:43:16,16.5,0,25.01,1.17,
0,10.168,6875.83,34.2,7/22/2026 10:43:16,16.5,0,25.01,1.17,
0,10.216,6795.83,34.2,7/22/2026 10:43:21,16.5,0,25.15,1.2,
0,10.169,6667.5,34.2,7/22/2026 10:43:29,16.5,0,25.03,0.87,
0,10.211,6552.5,34.2,7/22/2026 10:43:34,16.5,0,24.53,0.82,
0,10.085,6954.17,34.2,7/22/2026 10:43:38,16.5,0,24.99,1.15,
0,10.085,6954.17,34.2,7/22/2026 10:43:42,16.5,0,24.89,1.2,
0,10.219,7215,34.2,7/22/2026 10:43:48,16.5,0,25.1,1.44,
0,10.313,6950.83,34.6,7/22/2026 10:43:56,16.5,0,25.01,0.81,
0,9.794,6478.33,34.7,7/22/2026 10:44:00,16.5,0,24.89,1.49,
0,9.593,6268.33,34.7,7/22/2026 10:44:04,16.5,0,24.7,1.03,
0,9.811,6111.67,34.7,7/22/2026 10:44:12,16.5,0,24.91,0.86,
0,9.83,6080.83,34.7,7/22/2026 10:44:12,16.5,0,24.91,0.86,
0,9.923,6160.83,35.1,7/22/2026 10:44:16,16.5,0,24.8,0.95,
0,9.994,6519.17,35.2,7/22/2026 10:44:20,16.5,0,24.92,1.45,
0,9.994,6519.17,35.2,7/22/2026 10:44:24,16.5,0,24.69,0.92,
0,9.983,6123.33,35.2,7/22/2026 10:44:29,16.5,0,24.42,0.93,
0,9.866,5912.5,35.2,7/22/2026 10:44:37,16.5,0,24.79,0.8,
0,9.866,5912.5,35.2,7/22/2026 10:44:37,16.5,0,24.79,0.8,
0,9.866,5912.5,35.2,7/22/2026 10:44:41,16.5,0,24.89,1,
0,9.935,6468.33,35.2,7/22/2026 10:44:45,16.5,0,24.95,0.8,
0,9.886,6531.67,35.2,7/22/2026 10:44:49,16.5,0,24.91,0.81,
0,10.034,6703.33,35.2,7/22/2026 10:44:49,16.5,0,24.91,0.81,
0,10.034,6943.33,35.2,7/22/2026 10:44:53,16.5,0,24.99,0.85,
0,10.034,6943.33,35.2,7/22/2026 10:44:58,16.5,0,25.1,1.41,
0,9.931,7339.17,35.2,7/22/2026 10:45:02,16.5,0,24.96,1.18,
0,9.844,6820,35.2,7/22/2026 10:45:09,16.5,0,24.99,0.88,
0,9.73,7324.17,35.2,7/22/2026 10:45:14,16.5,0,25.03,1.05,
0,9.386,7414.17,35.2,7/22/2026 10:45:23,16.5,0,24.81,1.42,
0,9.425,8088.33,35.6,7/22/2026 10:45:31,16.5,0,25.17,1.23,
0,9.584,8685,35.6,7/22/2026 10:45:35,16.5,0,25.4,0.84,
0,9.654,7944.17,35.6,7/22/2026 10:45:42,16.5,0,25.14,1.23,
0,9.808,7580.83,35.6,7/22/2026 10:45:46,16.5,0,25.08,0.94,
0,9.635,7855,35.6,7/22/2026 10:45:51,16.5,0,25.09,1.44,
0,9.845,7668.33,35.6,7/22/2026 10:45:59,16.5,0,25.19,1.45,
0,9.821,8025,35.6,7/22/2026 10:46:06,16.5,0,25.23,1.02,
0,9.821,8025,35.6,7/22/2026 10:46:11,16.5,0,25.17,1.26,
0,10.008,6910.83,35.6,7/22/2026 10:46:19,16.5,0,24.99,1.08,
0,10.008,6910.83,35.6,7/22/2026 10:46:24,16.5,0,25.03,1.25,
0,10.016,6765.83,35.6,7/22/2026 10:46:30,16.5,0,24.85,0.82,
0,9.989,5955.83,35.6,7/22/2026 10:46:35,16.5,0,24.84,1.28,
0,10.021,5820,35.6,7/22/2026 10:46:40,16.5,0,24.74,1.32,
0,10.041,5503.33,35.3,7/22/2026 10:46:45,16.5,0,24.68,1.46,
0,10.02,5310,35.2,7/22/2026 10:46:49,16.5,0,24.61,0.92,
0,10.04,5130.83,35.2,7/22/2026 10:46:57,16.5,0,24.6,1.49,
0,9.951,4905.83,35.2,7/22/2026 10:47:02,16.5,0,24.58,1.48,
0,10.017,4880,35.2,7/22/2026 10:47:06,16.5,0,24.58,1.17,
0,9.983,4822.5,35.2,7/22/2026 10:47:06,16.5,0,24.58,1.17,
0,10.163,4767.5,35.2,7/22/2026 10:47:10,16.5,0,24.46,0.86,
0,10.127,4690,35.2,7/22/2026 10:47:15,16.5,0,24.52,1.16,
0,10.061,4639.17,35.2,7/22/2026 10:47:20,16.5,0,24.44,0.96,
0,9.964,4593.33,35.2,7/22/2026 10:47:25,16.5,0,24.58,1.07,
0,10.14,4435.83,35.2,7/22/2026 10:47:29,16.5,0,24.4,0.93,
0,10.005,4386.67,35.2,7/22/2026 10:47:34,16.5,0,24.56,1.34,
0,10.057,4256.67,35.2,7/22/2026 10:47:41,16.5,0,24.39,0.87,
0,10.043,4210,35.2,7/22/2026 10:47:41,16.5,0,24.39,0.87,
0,9.977,4172.5,35.2,7/22/2026 10:47:46,16.5,0,24.36,1.26,
0,10.016,4068.33,35.2,7/22/2026 10:47:53,16.5,0,24.46,1.34,
0,10.036,3997.5,35.2,7/22/2026 10:47:57,16.5,0,24.43,0.96,
0,9.942,3956.67,35.2,7/22/2026 10:48:02,16.5,0,24.33,1.07,
0,10.095,3885,35.2,7/22/2026 10:48:11,16.5,0,24.09,1.35,
0,10.046,3830.83,35.2,7/22/2026 10:48:15,16.5,0,24.25,0.87,
0,10.04,3753.33,35.2,7/22/2026 10:48:20,16.5,0,24.3,1.43,
0,10.008,3730,34.9,7/22/2026 10:48:26,16.5,0,24.3,0.96,
0,10.008,3730,34.9,7/22/2026 10:48:30,16.5,0,24.27,0.84,
0,10.148,3697.5,34.7,7/22/2026 10:48:37,16.5,0,24.09,1.07,
0,9.909,3693.33,34.7,7/22/2026 10:48:42,16.5,0,24.36,1.07,
0,9.918,3690.83,34.7,7/22/2026 10:48:47,16.5,0,24.11,1.32,
0,10.044,3686.67,34.7,7/22/2026 10:48:52,16.5,0,24.28,1.12,
0,10.002,3683.33,34.7,7/22/2026 10:48:52,16.5,0,24.28,1.12,
0,10.042,3687.5,34.7,7/22/2026 10:48:56,16.5,0,24.21,1.06,
0,10.003,3689.17,34.7,7/22/2026 10:49:01,16.5,0,24.17,1.08,
0,9.922,3708.33,34.7,7/22/2026 10:49:07,16.5,0,24.16,0.98,
0,10.041,3704.17,34.7,7/22/2026 10:49:12,16.5,0,24.34,0.86,
0,9.942,3712.5,34.7,7/22/2026 10:49:12,16.5,0,24.34,0.86,
0,9.919,3728.33,34.7,7/22/2026 10:49:17,16.5,0,24.23,1.19,
0,10.009,3708.33,34.7,7/22/2026 10:49:21,16.5,0,24.3,1.18,
0,10,3633.33,34.7,7/22/2026 10:49:25,16.5,0,24.18,1.24,
0,10.044,3584.17,34.7,7/22/2026 10:49:30,16.5,0,24.2,1.04,
0,10.058,3576.67,34.7,7/22/2026 10:49:34,16.5,0,24.19,1.38,
0,10.008,3580,34.7,7/22/2026 10:49:38,16.5,0,24.17,0.84,
0,10.022,3563.33,34.7,7/22/2026 10:49:42,16.5,0,24.14,0.88,
0,9.996,3551.67,34.7,7/22/2026 10:49:46,16.5,0,24.2,1.04,
0,9.996,3551.67,34.7,7/22/2026 10:49:51,16.5,0,24.25,1.22,
0,9.876,3549.17,34.7,7/22/2026 10:49:55,16.5,0,24.18,1.4,
0,9.987,3556.67,34.7,7/22/2026 10:50:00,16.5,0,24.01,1,
0,9.92,3569.17,34.7,7/22/2026 10:50:04,16.5,0,24.14,1.31,
0,10.035,3569.17,34.6,7/22/2026 10:50:09,16.5,0,24.41,1.21,
0,9.954,3590.83,34.5,7/22/2026 10:50:14,16.5,0,24.2,0.97,
0,10.013,3607.5,34.4,7/22/2026 10:50:19,16.5,0,24.18,0.96,
0,9.987,3628.33,34.4,7/22/2026 10:50:23,16.5,0,24.18,1.14,
0,10.033,3666.67,34.4,7/22/2026 10:50:27,16.5,0,24.2,0.85,
0,10.005,3715,34.3,7/22/2026 10:50:31,16.5,0,24.24,0.82,
0,9.9,3771.67,34.3,7/22/2026 10:50:32,16.5,0,24.24,0.82,
0,10.031,3830,34.3,7/22/2026 10:50:36,16.5,0,24.2,1.07,
0,9.927,3906.67,34.5,7/22/2026 10:50:40,16.5,0,24.37,1.13,
0,10.05,4090.83,34.7,7/22/2026 10:50:45,16.5,0,24.33,1.33,
0,9.981,4121.67,34.7,7/22/2026 10:50:50,16.5,0,24.3,0.8,
0,10.104,4080,34.7,7/22/2026 10:50:50,16.5,0,24.3,0.8,
0,10.022,4022.5,34.7,7/22/2026 10:50:53,16.5,0,24.2,1.22,
0,10.007,4025,34.7,7/22/2026 10:50:58,16.5,0,24.38,0.85,
0,9.973,3935.83,34.7,7/22/2026 10:51:02,16.5,0,24.37,1.19,
0,10,3920,34.7,7/22/2026 10:51:06,16.5,0,24.26,1.03,
0,9.953,3924.17,34.7,7/22/2026 10:51:11,16.5,0,24.05,1.39,
0,10.059,3923.33,34.7,7/22/2026 10:51:19,16.5,0,24.3,1.04,
0,10.059,3923.33,34.7,7/22/2026 10:51:23,16.5,0,24.36,1.18,
0,10.035,3953.33,34.7,7/22/2026 10:51:28,16.5,0,24.3,1.03,
0,10.109,3969.17,34.7,7/22/2026 10:51:32,16.5,0,24.4,1.08,
0,10.019,4005.83,34.7,7/22/2026 10:51:37,16.5,0,24.03,1.2,
0,10.099,4024.17,34.7,7/22/2026 10:51:42,16.5,0,24.36,1.06,
0,10.03,4050,34.7,7/22/2026 10:51:47,16.5,0,24.4,0.83,
0,10.063,4094.17,34.7,7/22/2026 10:51:52,16.5,0,24.37,1.04,
0,10.075,4135,34.7,7/22/2026 10:51:59,16.5,0,24.37,0.94,
0,10.117,4176.67,34.7,7/22/2026 10:51:59,16.5,0,24.37,0.94,
0,10.02,4207.5,34.7,7/22/2026 10:52:03,16.5,0,24.38,1.48,
0,10.02,4207.5,34.7,7/22/2026 10:52:08,16.5,0,24.4,1.36,
0,10.122,4282.5,34.7,7/22/2026 10:52:12,16.5,0,24.42,1.31,
0,10.122,4282.5,34.7,7/22/2026 10:52:16,16.5,0,24.3,1.38,
0,9.985,4390.83,34.7,7/22/2026 10:52:20,16.5,0,24.44,0.99,
0,10.097,4421.67,34.7,7/22/2026 10:52:24,16.5,0,24.51,1.48,
0,10.022,4448.33,34.8,7/22/2026 10:52:29,16.5,0,24.58,1.26,
0,10.099,4553.33,35.2,7/22/2026 10:52:34,16.5,0,24.44,1.03,
0,9.984,4585.83,35.2,7/22/2026 10:52:38,16.5,0,24.22,1.07,
0,10.031,4640.83,35.2,7/22/2026 10:52:42,16.5,0,24.6,1.07,
0,10.031,4640.83,35.2,7/22/2026 10:52:42,16.5,0,24.6,1.07,
0,10.031,4640.83,35.2,7/22/2026 10:52:47,16.5,0,24.5,1.39,
0,10.018,4839.17,35.2,7/22/2026 10:52:51,16.5,0,24.54,0.92,
0,9.976,4917.5,35.2,7/22/2026 10:52:51,16.5,0,24.54,0.92,
0,10.053,4920.83,35.2,7/22/2026 10:52:55,16.5,0,24.57,0.99,
0,10.053,4920.83,35.2,7/22/2026 10:52:59,16.5,0,24.5,1.37,
0,10.055,4864.17,35.2,7/22/2026 10:53:03,16.5,0,24.55,0.94,
0,10.094,4855,35.2,7/22/2026 10:53:08,16.5,0,24.55,0.89,
0,10.121,4788.33,35.2,7/22/2026 10:53:12,16.5,0,24.27,1.09,
0,10.041,4719.17,35.2,7/22/2026 10:53:16,16.5,0,24.54,1.15,
0,10.178,4720.83,35.2,7/22/2026 10:53:21,16.5,0,24.49,0.97,
0,10.22,4485,35.3,7/22/2026 10:53:28,16.5,0,24.39,1.26,
0,10.197,4402.5,35.6,7/22/2026 10:53:33,16.5,0,24.3,1.43,
0,10.073,4226.67,35.6,7/22/2026 10:53:40,16.5,0,24.3,1.41,
0,10.125,4072.5,35.6,7/22/2026 10:53:45,16.5,0,24.42,0.9,
0,10.089,3922.5,35.6,7/22/2026 10:53:50,16.5,0,24.26,1.09,
0,10.176,3822.5,35.6,7/22/2026 10:53:54,16.5,0,24.22,0.98,
0,10.23,3661.67,35.6,7/22/2026 10:53:58,16.5,0,23.94,1.22,
0,10.135,3568.33,35.6,7/22/2026 10:54:02,16.5,0,23.9,0.99,
0,10.158,3384.17,35.2,7/22/2026 10:54:07,16.5,0,24.01,1.48,
0,10.19,3290.83,35.2,7/22/2026 10:54:11,16.5,0,24.12,1.33,
0,10.012,3168.33,35.2,7/22/2026 10:54:16,16.5,0,23.82,1.03,
0,10.139,3158.33,35.2,7/22/2026 10:54:20,16.5,0,23.92,0.8,
0,10.051,3087.5,35.2,7/22/2026 10:54:25,16.5,0,23.95,1.3,
0,10.162,3058.33,35.2,7/22/2026 10:54:30,16.5,0,24.02,1.2,
0,10.151,3043.33,34.7,7/22/2026 10:54:34,16.5,0,23.8,1.17,
0,10.129,3036.67,34.7,7/22/2026 10:54:38,16.5,0,23.84,1.05,
0,10.072,3032.5,34.7,7/22/2026 10:54:42,16.5,0,23.81,1.29,
0,10.029,3021.67,34.7,7/22/2026 10:54:47,16.5,0,23.91,1.49,
0,10.098,3010.83,34.7,7/22/2026 10:54:51,16.5,0,23.95,1.43,
0,10.086,3010.83,34.7,7/22/2026 10:54:55,16.5,0,23.9,0.93,
0,10.123,3000,34.7,7/22/2026 10:54:59,16.5,0,23.93,1.31,
0,10.12,2983.33,34.7,7/22/2026 10:55:04,16.5,0,24.01,1.31,
0,10.08,2980,34.7,7/22/2026 10:55:09,16.5,0,24.08,1.49,
0,10.09,2979.17,34.7,7/22/2026 10:55:09,16.5,0,24.08,1.49,
0,10.103,2969.17,34.7,7/22/2026 10:55:13,16.5,0,23.79,1.34,
0,10.144,2967.5,34.7,7/22/2026 10:55:18,16.5,0,23.91,1.25,
0,10.019,2977.5,34.7,7/22/2026 10:55:22,16.5,0,23.81,0.89,
0,10.058,2991.67,34.7,7/22/2026 10:55:27,16.5,0,23.92,1.02,
0,10.194,2985.83,34.7,7/22/2026 10:55:32,16.5,0,23.95,1.19,
0,10.163,3005.83,34.7,7/22/2026 10:55:36,16.5,0,24.01,1.34,
0,10.093,2955.83,34.7,7/22/2026 10:55:41,16.5,0,24.01,0.9,
0,10.127,2948.33,34.6,7/22/2026 10:55:45,16.5,0,23.99,0.91,
0,10.048,2944.17,34.7,7/22/2026 10:55:49,16.5,0,24,1.07,
0,10.094,2963.33,34.7,7/22/2026 10:55:53,16.5,0,23.99,0.96,
0,9.993,2967.5,34.7,7/22/2026 10:55:58,16.5,0,23.94,0.8,
0,10.102,2990.83,34.7,7/22/2026 10:56:02,16.5,0,24.01,1.46,
0,10.154,3000.83,34.7,7/22/2026 10:56:06,16.5,0,24.09,1.06,
0,10.112,3014.17,34.7,7/22/2026 10:56:11,16.5,0,24.05,0.95,
0,10.139,3047.5,34.7,7/22/2026 10:56:15,16.5,0,24.28,0.97,
0,10.139,3047.5,34.7,7/22/2026 10:56:18,16.5,0,24.12,1.27,
0,10.025,3071.67,34.7,7/22/2026 10:56:23,16.5,0,23.93,1.07,
0,10.125,3104.17,34.7,7/22/2026 10:56:27,16.5,0,24.12,1.2,
0,10.098,3198.33,34.6,7/22/2026 10:56:35,16.5,0,24.23,1.34,
0,10.098,3198.33,34.6,7/22/2026 10:56:40,16.5,0,24.18,0.88,
0,10.036,3267.5,34.2,7/22/2026 10:56:44,16.5,0,24.24,1.15,
0,10.124,3320,34.2,7/22/2026 10:56:49,16.5,0,24.15,1.12,
0,10.061,3385,34.2,7/22/2026 10:56:56,16.5,0,24.25,0.91,
0,10.002,3437.5,34.2,7/22/2026 10:57:00,16.5,0,24.28,1.08,
0,10.122,3502.5,34.2,7/22/2026 10:57:06,16.5,0,24.31,0.98,
0,10.03,3590,34.2,7/22/2026 10:57:13,16.5,0,24.36,0.94,
0,10.228,3652.5,34.2,7/22/2026 10:57:22,16.5,0,24.28,1.35,
0,10.061,3812.5,34.7,7/22/2026 10:57:28,16.5,0,24.47,1.21,
0,10.02,3916.67,34.7,7/22/2026 10:57:36,16.5,0,24.48,1.06,
0,10.036,3989.17,34.7,7/22/2026 10:57:42,16.5,0,24.63,1.01,
0,10.016,4067.5,34.7,7/22/2026 10:57:48,16.5,0,24.58,1.17,
0,9.934,4205.83,34.7,7/22/2026 10:57:56,16.5,0,24.43,1.44,
0,10.07,4376.67,34.7,7/22/2026 10:58:04,16.5,0,24.63,0.93,
0,10.22,4429.17,34.7,7/22/2026 10:58:08,16.5,0,24.69,1,
0,10.287,4533.33,34.7,7/22/2026 10:58:12,16.5,0,24.6,0.98,
0,10.124,4811.67,34.7,7/22/2026 10:58:20,16.5,0,24.59,0.93,
0,10.146,4821.67,34.7,7/22/2026 10:58:24,16.5,0,24.74,1.11,
0,10.141,4855.83,34.7,7/22/2026 10:58:29,16.5,0,24.62,1.47,
0,10.135,4918.33,34.7,7/22/2026 10:58:36,16.5,0,24.74,1.11,
0,10.088,4931.67,34.8,7/22/2026 10:58:41,16.5,0,24.62,1.03,
0,10.188,4865,35.2,7/22/2026 10:58:45,16.5,0,24.54,1.38,
0,10.236,4542.5,35.2,7/22/2026 10:58:50,16.5,0,24.47,0.97,
0,9.991,4516.67,35.2,7/22/2026 10:58:55,16.5,0,24.36,1.12,
0,10.077,4589.17,35.2,7/22/2026 10:59:00,16.5,0,24.22,1.37,
0,10.072,4755,35.2,7/22/2026 10:59:07,16.5,0,24.49,1.37,
0,10.024,4770.83,35.2,7/22/2026 10:59:12,16.5,0,24.54,1.37,
0,10.19,4804.17,35.6,7/22/2026 10:59:16,16.5,0,24.4,1.27,
0,10.213,4700.83,35.6,7/22/2026 10:59:20,16.5,0,24.25,0.88,
0,10.16,4552.5,35.6,7/22/2026 10:59:24,16.5,0,24.41,0.89,
0,10.047,4274.17,35.6,7/22/2026 10:59:28,16.5,0,24.37,0.86,
0,10.047,4274.17,35.6,7/22/2026 10:59:28,16.5,0,24.37,0.86,
0,10.047,4274.17,35.6,7/22/2026 10:59:33,16.5,0,24.29,1.44,
0,10.08,4002.5,35.6,7/22/2026 10:59:37,16.5,0,24.19,1.44,
0,10.197,3853.33,35.6,7/22/2026 10:59:41,16.5,0,24.2,1.28,
0,10.219,3770,35.6,7/22/2026 10:59:46,16.5,0,24.3,1.2,
0,10.061,3697.5,35.6,7/22/2026 10:59:53,16.5,0,24.2,0.93,
0,10.125,3660.83,35.6,7/22/2026 10:59:57,16.5,0,24.19,1.47,
0,10.116,3638.33,35.6,7/22/2026 11:00:05,16.5,0,24.25,0.84,
0,10.375,3650.83,35.6,7/22/2026 11:00:09,16.5,0,24.29,0.81,
0,10.057,3664.17,35.6,7/22/2026 11:00:14,16.5,0,24.17,1.47,
0,10.173,3711.67,35.6,7/22/2026 11:00:19,16.5,0,24.07,1.07,
0,10.107,3782.5,35.6,7/22/2026 11:00:24,16.5,0,24.26,1.27,
0,10.191,3947.5,35.6,7/22/2026 11:00:29,16.5,0,24.35,1.38,
0,10.151,3984.17,35.6,7/22/2026 11:00:34,16.5,0,24.39,1.19,
0,10.129,4114.17,35.6,7/22/2026 11:00:34,16.5,0,24.39,1.19,
0,10.231,4322.5,35.6,7/22/2026 11:00:38,16.5,0,23.94,0.83,
0,10.172,5134.17,35.6,7/22/2026 11:00:42,16.5,0,24.75,1.28,
0,10.208,5327.5,35.6,7/22/2026 11:00:47,16.5,0,24.78,1.24,
0,10.168,5461.67,35.6,7/22/2026 11:00:52,16.5,0,24.73,0.81,
0,10.189,6008.33,35.6,7/22/2026 11:00:56,16.5,0,24.92,0.84,
0,10.088,6067.5,35.6,7/22/2026 11:01:01,16.5,0,24.88,0.99,
0,10.088,6067.5,35.6,7/22/2026 11:01:05,16.5,0,25.06,1.16,
0,10.218,6918.33,36.3,7/22/2026 11:01:10,16.5,0,25.03,1.41,
0,10.209,6912.5,36.3,7/22/2026 11:01:14,16.5,0,25.18,0.8,
0,10.315,7942.5,36.3,7/22/2026 11:01:19,16.5,0,25.32,1.06,
0,10.349,7790.83,36.3,7/22/2026 11:01:23,16.5,0,25.19,0.91,
0,10.209,7127.5,36.3,7/22/2026 11:01:28,16.5,0,25.06,1.04,
0,10.209,6728.33,36.3,7/22/2026 11:01:34,16.5,0,25.01,1.17,
0,10.339,8029.17,36.9,7/22/2026 11:01:39,16.5,0,25.3,0.93,
0,10.482,8060.83,36.9,7/22/2026 11:01:43,16.5,0,25.27,1.24,
0,10.623,8669.17,36.9,7/22/2026 11:01:48,16.5,0,25.37,0.8,
0,10.721,9311.67,36.9,7/22/2026 11:01:52,16.5,0,25.3,1.41,
0,10.798,9494.17,37.4,7/22/2026 11:01:56,16.5,0,25.36,1.03,
0,10.908,9341.67,37.4,7/22/2026 11:02:01,16.5,0,25.44,1.01,
0,10.791,9162.5,37.4,7/22/2026 11:02:06,16.5,0,25.38,0.97,
0,10.945,9151.67,38,7/22/2026 11:02:10,16.5,0,25.48,1.16,
0,10.856,9255,38,7/22/2026 11:02:14,16.5,0,25.17,1.17,
0,10.946,9322.5,38,7/22/2026 11:02:18,16.5,0,25.4,1.37,
0,10.972,9112.5,38.5,7/22/2026 11:02:23,16.5,0,25.34,1.21,
0,11.032,8948.33,38.5,7/22/2026 11:02:27,16.5,0,25.32,0.84,
0,11.171,9009.17,38.5,7/22/2026 11:02:32,16.5,0,25.36,0.89,
0,11.059,9200.83,38.6,7/22/2026 11:02:36,16.5,0,25.35,1.47,
0,10.985,8743.33,39,7/22/2026 11:02:40,16.5,0,25.3,0.87,
0,11.051,8745,39,7/22/2026 11:02:44,16.5,0,25.29,0.9,
0,11.068,9223.33,39.2,7/22/2026 11:02:48,16.5,0,25.39,0.89,
0,10.976,9197.5,39.5,7/22/2026 11:02:52,16.5,0,25.35,0.83,
0,10.979,8876.67,39.5,7/22/2026 11:02:57,16.5,0,25.49,0.86,
0,10.979,8876.67,39.5,7/22/2026 11:03:01,16.5,0,25.3,0.89,
0,10.753,8435.83,39.5,7/22/2026 11:03:07,16.5,0,25.22,1.33,
0,10.775,7560.83,39.5,7/22/2026 11:03:14,16.5,0,25.01,1.07,
0,10.72,7223.33,39.5,7/22/2026 11:03:19,16.5,0,24.96,0.87,
0,10.765,7027.5,39.5,7/22/2026 11:03:23,16.5,0,24.92,1.21,
0,10.752,6900,39.5,7/22/2026 11:03:27,16.5,0,24.98,1.17,
0,10.732,6842.5,39.5,7/22/2026 11:03:31,16.5,0,24.84,1.1,
0,10.724,6301.67,39.5,7/22/2026 11:03:35,16.5,0,24.97,1.29,
0,10.75,5816.67,39.5,7/22/2026 11:03:41,16.5,0,24.79,1.38,
0,10.73,5608.33,39,7/22/2026 11:03:45,16.5,0,24.71,1.04,
0,10.73,5095,39,7/22/2026 11:03:53,16.5,0,24.6,1.09,
0,10.63,4879.17,39,7/22/2026 11:03:57,16.5,0,24.54,0.96,
0,10.767,4647.5,39,7/22/2026 11:04:01,16.5,0,24.5,1.04,
0,10.803,4645,39,7/22/2026 11:04:06,16.5,0,24.51,0.89,
0,10.845,4796.67,39,7/22/2026 11:04:10,16.5,0,24.64,0.96,
0,10.7,4852.5,39,7/22/2026 11:04:14,16.5,0,24.54,1.09,
0,10.76,4882.5,39,7/22/2026 11:04:19,16.5,0,24.6,1.25,
0,10.851,5108.33,39,7/22/2026 11:04:23,16.5,0,24.47,0.81,
0,10.835,4931.67,39,7/22/2026 11:04:27,16.5,0,24.6,1.06,
0,10.736,4453.33,39,7/22/2026 11:04:32,16.5,0,24.4,0.9,
0,10.787,4149.17,39,7/22/2026 11:04:36,16.5,0,24.23,1.12,
0,10.742,3913.33,39,7/22/2026 11:04:41,16.5,0,24.31,0.87,
0,10.672,3712.5,39,7/22/2026 11:04:46,16.5,0,24.27,1.27,
0,10.886,3680,38.7,7/22/2026 11:04:51,16.5,0,24.39,1.47,
0,10.747,3610.83,38.5,7/22/2026 11:04:55,16.5,0,24.29,1.18,
0,10.828,3585.83,38.5,7/22/2026 11:04:59,16.5,0,24.11,1.34,
0,10.828,3585.83,38.5,7/22/2026 11:05:04,16.5,0,24.17,1.15,
0,10.736,3545.83,38.5,7/22/2026 11:05:09,16.5,0,24.11,0.85,
0,10.73,3547.5,38.5,7/22/2026 11:05:16,16.5,0,24.03,1.35,
0,10.759,3552.5,38.5,7/22/2026 11:05:16,16.5,0,24.03,1.35,
0,10.759,3552.5,38.5,7/22/2026 11:05:21,16.5,0,23.99,0.8,
0,10.788,3591.67,38.5,7/22/2026 11:05:26,16.5,0,24.2,1.1,
0,10.823,3630.83,38.5,7/22/2026 11:05:33,16.5,0,24.1,1.45,
0,10.741,3642.5,38,7/22/2026 11:05:38,16.5,0,24.18,1.34,
0,10.689,3575,38,7/22/2026 11:05:42,16.5,0,24.15,1,
0,10.886,3564.17,38,7/22/2026 11:05:47,16.5,0,24.12,0.95,
0,10.732,3515,38,7/22/2026 11:05:51,16.5,0,24.03,1.15,
0,10.837,3406.67,38,7/22/2026 11:05:56,16.5,0,23.96,1,
0,10.75,3374.17,38,7/22/2026 11:06:00,16.5,0,23.97,1.43,
0,10.579,3305.83,38,7/22/2026 11:06:04,16.5,0,23.94,1.01,
0,10.753,3275,37.7,7/22/2026 11:06:08,16.5,0,23.92,1.08,
0,10.751,3235.83,37.5,7/22/2026 11:06:12,16.5,0,23.9,1.14,
0,10.654,3178.33,37.4,7/22/2026 11:06:17,16.5,0,24.01,0.98,
0,10.64,3150.83,37.5,7/22/2026 11:06:21,16.5,0,23.87,0.97,
0,10.64,3150.83,37.5,7/22/2026 11:06:25,16.5,0,23.81,1.24,
0,10.671,3073.33,37.4,7/22/2026 11:06:29,16.5,0,23.71,0.88,
0,10.828,3008.33,37.4,7/22/2026 11:06:34,16.5,0,23.75,1.33,
0,10.693,3040.83,37.4,7/22/2026 11:06:34,16.5,0,23.75,1.33,
0,10.618,2967.5,37.4,7/22/2026 11:06:39,16.5,0,23.9,0.97,
0,10.692,2944.17,37.5,7/22/2026 11:06:43,16.5,0,23.73,1.4,
0,10.813,2894.17,37.7,7/22/2026 11:06:49,16.5,0,23.68,1.15,
0,10.69,2771.67,37.5,7/22/2026 11:06:55,16.5,0,23.85,1.16,
0,10.69,2771.67,37.5,7/22/2026 11:07:00,16.5,0,23.72,1.24,
0,10.587,2666.67,37.4,7/22/2026 11:07:04,16.5,0,23.67,1.02,
0,10.587,2666.67,37.4,7/22/2026 11:07:09,16.5,0,23.68,1.01,
0,10.659,2580,37.4,7/22/2026 11:07:09,16.5,0,23.68,1.01,
0,10.781,2526.67,37.4,7/22/2026 11:07:13,16.5,0,23.61,1.08,
0,10.613,2485.83,37.4,7/22/2026 11:07:17,16.5,0,23.44,0.91,
0,10.635,2455.83,37.4,7/22/2026 11:07:21,16.5,0,23.61,1.16,
0,10.784,2425,37.4,7/22/2026 11:07:21,16.5,0,23.61,1.16,
0,10.707,2392.5,37.4,7/22/2026 11:07:26,16.5,0,23.41,1.39,
0,10.699,2352.5,36.9,7/22/2026 11:07:31,16.5,0,23.5,1.18,
0,10.579,2306.67,36.9,7/22/2026 11:07:35,16.5,0,23.35,1.04,
0,10.579,2306.67,36.9,7/22/2026 11:07:35,16.5,0,23.35,1.04,
0,10.579,2306.67,36.9,7/22/2026 11:07:40,16.5,0,23.45,1.24,
0,10.612,2265,36.9,7/22/2026 11:07:44,16.5,0,23.42,0.83,
0,10.615,2228.33,36.9,7/22/2026 11:07:48,16.5,0,23.31,1.38,
0,10.615,2228.33,36.9,7/22/2026 11:07:52,16.5,0,23.31,1.1,
0,10.656,2165,36.9,7/22/2026 11:07:57,16.5,0,23.37,0.99,
0,10.723,2187.5,36.9,7/22/2026 11:07:57,16.5,0,23.37,0.99,
0,10.573,2144.17,36.9,7/22/2026 11:08:01,16.5,0,23.3,1.24,
0,10.57,2125.83,36.9,7/22/2026 11:08:05,16.5,0,23.31,1.36,
0,10.63,2106.67,36.9,7/22/2026 11:08:05,16.5,0,23.31,1.36,
0,10.711,2084.17,36.9,7/22/2026 11:08:09,16.5,0,23.04,0.88,
0,10.762,2032.5,36.9,7/22/2026 11:08:17,16.5,0,23.23,1.49,
0,10.643,2015.83,36.9,7/22/2026 11:08:17,16.5,0,23.23,1.49,
0,10.666,1981.67,36.9,7/22/2026 11:08:23,16.5,0,23.21,1.43,
0,10.606,1950.83,36.9,7/22/2026 11:08:28,16.5,0,23.21,1.16,
0,10.621,1914.17,36.9,7/22/2026 11:08:35,16.5,0,23.28,1.08,
0,10.632,1891.67,36.9,7/22/2026 11:08:40,16.5,0,23.19,0.9,
0,10.599,1852.5,36.9,7/22/2026 11:08:45,16.5,0,23.18,0.83,
0,10.524,1825,36.3,7/22/2026 11:08:52,16.5,0,23.11,1.13,
0,10.658,1786.67,36.3,7/22/2026 11:08:55,16.5,0,23.08,1.15,
0,10.7,1763.33,36.3,7/22/2026 11:09:00,16.5,0,23.02,1.39,
0,10.725,1749.17,36.3,7/22/2026 11:09:04,16.5,0,23.07,1.33,
0,10.566,1738.33,36,7/22/2026 11:09:08,16.5,0,23.19,0.94,
0,10.743,1708.33,35.6,7/22/2026 11:09:12,16.5,0,23.07,0.86,
0,10.683,1700,35.6,7/22/2026 11:09:17,16.5,0,23.02,1.37,
0,10.752,1667.5,35.6,7/22/2026 11:09:21,16.5,0,23.12,0.94,
0,10.702,1658.33,35.6,7/22/2026 11:09:25,16.5,0,23.02,0.87,
0,10.706,1635.83,35.6,7/22/2026 11:09:30,16.5,0,23.01,0.89,
0,10.571,1616.67,35.6,7/22/2026 11:09:35,16.5,0,22.98,1.08,
0,10.6,1605,35.6,7/22/2026 11:09:39,16.5,0,23.09,1.39,
0,10.503,1586.67,35.6,7/22/2026 11:09:43,16.5,0,22.94,1.17,
0,10.437,1568.33,35.2,7/22/2026 11:09:47,16.5,0,22.98,1.18,
0,10.429,1562.5,35.2,7/22/2026 11:09:51,16.5,0,22.89,0.86,
0,10.448,1549.17,35.2,7/22/2026 11:09:55,16.5,0,22.95,0.93,
0,10.437,1533.33,35.2,7/22/2026 11:10:00,16.5,0,22.86,1.18,
0,10.386,1516.67,35.1,7/22/2026 11:10:07,16.5,0,22.94,1.33,
0,10.366,1501.67,34.7,7/22/2026 11:10:11,16.5,0,22.89,1.19,
0,10.366,1501.67,34.7,7/22/2026 11:10:16,16.5,0,22.96,1.14,
0,10.391,1474.17,34.7,7/22/2026 11:10:20,16.5,0,22.87,1.11,
0,10.385,1466.67,34.7,7/22/2026 11:10:25,16.5,0,22.99,1.23,
0,10.333,1456.67,34.7,7/22/2026 11:10:29,16.5,0,22.86,1.07,
0,10.32,1451.67,34.7,7/22/2026 11:10:33,16.5,0,23.05,0.81,
0,10.462,1445.83,34.7,7/22/2026 11:10:38,16.5,0,23.02,0.82,
0,10.502,1438.33,34.7,7/22/2026 11:10:38,16.5,0,23.02,0.82,
0,10.407,1433.33,34.7,7/22/2026 11:10:42,16.5,0,22.85,1.42,
0,10.282,1419.17,34.7,7/22/2026 11:10:49,16.5,0,22.91,1.38,
0,10.423,1414.17,34.7,7/22/2026 11:10:54,16.5,0,22.93,0.98,
0,10.348,1397.5,34.7,7/22/2026 11:11:02,16.5,0,22.8,1.41,
0,10.335,1390.83,34.7,7/22/2026 11:11:06,16.5,0,22.63,1.25,
0,10.287,1390.83,34.7,7/22/2026 11:11:06,16.5,0,22.63,1.25,
0,10.479,1390,34.7,7/22/2026 11:11:11,16.5,0,22.82,1.29,
0,10.383,1379.17,34.4,7/22/2026 11:11:15,16.5,0,22.82,1.09,
0,10.409,1369.17,34.2,7/22/2026 11:11:19,16.5,0,22.98,1.03,
0,10.405,1374.17,34.2,7/22/2026 11:11:23,16.5,0,22.82,1.47,
0,10.304,1371.67,34.2,7/22/2026 11:11:27,16.5,0,22.8,1.3,
0,10.382,1365.83,34.2,7/22/2026 11:11:31,16.5,0,23.01,1.36,
0,10.421,1360.83,34.2,7/22/2026 11:11:39,16.5,0,22.58,0.88,
0,10.405,1364.17,34.2,7/22/2026 11:11:43,16.5,0,22.77,0.84,
0,10.356,1361.67,33.8,7/22/2026 11:11:51,16.5,0,22.62,1.01,
0,10.311,1361.67,33.8,7/22/2026 11:11:55,16.5,0,22.86,0.99,
0,10.311,1361.67,33.8,7/22/2026 11:11:59,16.5,0,22.75,1.41,
0,10.375,1350.83,33.8,7/22/2026 11:12:07,16.5,0,22.7,1.42,
0,10.469,1353.33,33.8,7/22/2026 11:12:11,16.5,0,22.85,0.83,
0,10.444,1345,33.8,7/22/2026 11:12:15,16.5,0,22.63,1.12,
0,10.304,1346.67,33.8,7/22/2026 11:12:19,16.5,0,22.89,1.26,
0,10.473,1346.67,33.8,7/22/2026 11:12:23,16.5,0,22.66,1.18,
0,10.488,1339.17,33.8,7/22/2026 11:12:31,16.5,0,22.79,1.25,
0,10.328,1335.83,33.8,7/22/2026 11:12:35,16.5,0,22.66,1.37,
0,10.409,1333.33,33.8,7/22/2026 11:12:40,16.5,0,22.37,1.1,
0,10.473,1328.33,33.8,7/22/2026 11:12:44,16.5,0,22.58,1.15,
0,10.516,1322.5,33.8,7/22/2026 11:12:48,16.5,0,22.62,0.84,
0,10.371,1319.17,33.8,7/22/2026 11:12:52,16.5,0,22.58,1.33,
0,10.429,1319.17,33.8,7/22/2026 11:12:52,16.5,0,22.58,1.33,
0,10.322,1315,33.8,7/22/2026 11:13:00,16.5,0,22.71,1.48,
0,10.358,1312.5,33.8,7/22/2026 11:13:04,16.5,0,22.61,0.95,
0,10.434,1309.17,33.8,7/22/2026 11:13:09,16.5,0,22.75,1.09,
0,10.423,1304.17,33.8,7/22/2026 11:13:14,16.5,0,22.62,1.49,
0,10.503,1304.17,33.8,7/22/2026 11:13:18,16.5,0,22.48,0.8,
0,10.332,1300.83,33.8,7/22/2026 11:13:23,16.5,0,22.5,1.36,
0,10.482,1295,33.8,7/22/2026 11:13:28,16.5,0,22.72,1.44,
0,10.395,1293.33,33.8,7/22/2026 11:13:33,16.5,0,22.58,1.47,
0,10.385,1290.83,33.8,7/22/2026 11:13:33,16.5,0,22.58,1.47,
0,10.429,1287.5,33.8,7/22/2026 11:13:41,16.5,0,22.34,0.9,
0,10.367,1284.17,33.8,7/22/2026 11:13:45,16.5,0,22.45,1.49,
0,10.477,1279.17,33.8,7/22/2026 11:13:53,16.5,0,22.47,1.11,
0,10.454,1284.17,33.8,7/22/2026 11:13:57,16.5,0,22.4,1.34,
0,10.347,1280,33.8,7/22/2026 11:14:05,16.5,0,22.63,1.25,
0,10.417,1280.83,33.8,7/22/2026 11:14:09,16.5,0,22.43,1.08,
0,10.449,1279.17,33.8,7/22/2026 11:14:13,16.5,0,22.53,1.12,
0,10.318,1275.83,33.8,7/22/2026 11:14:17,16.5,0,22.5,1.11,
0,10.413,1273.33,33.8,7/22/2026 11:14:21,16.5,0,22.59,1.22,
0,10.34,1273.33,33.8,7/22/2026 11:14:25,16.5,0,22.24,0.9,
0,10.34,1273.33,33.8,7/22/2026 11:14:25,16.5,0,22.24,0.9,
0,10.291,1269.17,33.8,7/22/2026 11:14:33,16.5,0,22.38,0.91,
0,10.27,1265.83,33.8,7/22/2026 11:14:37,16.5,0,22.47,1.38,
0,10.423,1259.17,33.8,7/22/2026 11:14:41,16.5,0,22.59,0.84,
0,10.485,1249.17,33.8,7/22/2026 11:14:49,16.5,0,22.52,0.98,
0,10.279,1243.33,33.8,7/22/2026 11:14:53,16.5,0,22.53,0.82,
0,10.311,1235.83,33.8,7/22/2026 11:14:57,16.5,0,22.43,1.23,
0,10.439,1230.83,33.8,7/22/2026 11:15:05,16.5,0,22.4,0.9,
0,10.397,1211.67,33.8,7/22/2026 11:15:10,16.5,0,22.39,1.02,
0,10.319,1204.17,33.8,7/22/2026 11:15:14,16.5,0,22.32,1.45,
0,10.403,1192.5,33.8,7/22/2026 11:15:18,16.5,0,22.62,0.86,
0,10.264,1187.5,33.8,7/22/2026 11:15:23,16.5,0,22.45,1.32,
0,10.364,1175.83,33.8,7/22/2026 11:15:27,16.5,0,22.44,1.17,
0,10.3,1167.5,33.8,7/22/2026 11:15:32,16.5,0,22.51,1.31,
0,10.356,1155.83,33.8,7/22/2026 11:15:37,16.5,0,22.43,1.39,
0,10.368,1146.67,33.8,7/22/2026 11:15:42,16.5,0,22.53,1.43,
0,10.457,1142.5,33.8,7/22/2026 11:15:46,16.5,0,22.64,1.36,
0,10.414,1125.83,33.8,7/22/2026 11:15:51,16.5,0,22.44,1.35,
0,10.376,1125,33.8,7/22/2026 11:15:56,16.5,0,22.62,0.8,
0,10.352,1120,33.8,7/22/2026 11:15:56,16.5,0,22.62,0.8,
0,10.359,1121.67,33.6,7/22/2026 11:16:00,16.5,0,22.43,1.39,
0,10.444,1120.83,33.3,7/22/2026 11:16:05,16.5,0,22.47,1.15,
0,10.444,1120.83,33.3,7/22/2026 11:16:05,16.5,0,22.47,1.15,
0,10.384,1118.33,33.3,7/22/2026 11:16:09,16.5,0,22.47,1.2,
0,10.421,1116.67,33.3,7/22/2026 11:16:13,16.5,0,22.54,1.36,
0,10.34,1112.5,33.3,7/22/2026 11:16:18,16.5,0,22.47,1.29,
0,10.276,1106.67,33.3,7/22/2026 11:16:23,16.5,0,22.43,1.4,
0,10.319,1105,33.3,7/22/2026 11:16:27,16.5,0,22.56,1.09,
0,10.348,1101.67,33.3,7/22/2026 11:16:31,16.5,0,22.5,0.88,
0,10.417,1093.33,33.3,7/22/2026 11:16:35,16.5,0,22.69,0.99,
0,10.316,1090,33.3,7/22/2026 11:16:40,16.5,0,22.5,0.98,
0,10.311,1086.67,33.3,7/22/2026 11:16:45,16.5,0,22.58,1.43,
0,10.333,1078.33,33.3,7/22/2026 11:16:50,16.5,0,22.54,1.2,
0,10.457,1068.33,33.3,7/22/2026 11:16:54,16.5,0,22.49,1.2,
0,10.251,1066.67,33.3,7/22/2026 11:16:58,16.5,0,22.52,1,
0,10.4,1066.67,33.3,7/22/2026 11:17:02,16.5,0,22.54,0.99,
0,10.336,1062.5,33.3,7/22/2026 11:17:06,16.5,0,22.5,1.09,
0,10.255,1055.83,33.3,7/22/2026 11:17:12,16.5,0,22.48,1.22,
0,10.271,1055.83,33.3,7/22/2026 11:17:12,16.5,0,22.48,1.22,
0,10.471,1053.33,33.3,7/22/2026 11:17:16,16.5,0,22.43,1.45,
0,10.345,1048.33,32.8,7/22/2026 11:17:21,16.5,0,22.53,1.24,
0,10.409,1046.67,32.8,7/22/2026 11:17:25,16.5,0,22.43,1.33,
0,10.455,1044.17,32.8,7/22/2026 11:17:29,16.5,0,22.45,1.06,
0,10.513,1035.83,32.8,7/22/2026 11:17:34,16.5,0,22.51,1.36,
0,10.318,1037.5,32.8,7/22/2026 11:17:38,16.5,0,22.47,0.94,
0,10.358,1035,32.8,7/22/2026 11:17:43,16.5,0,22.53,1.45,
0,10.384,1033.33,32.8,7/22/2026 11:17:47,16.5,0,22.5,1.09,
0,10.354,1026.67,32.8,7/22/2026 11:17:51,16.5,0,22.47,0.92,
0,10.34,1028.33,32.8,7/22/2026 11:17:55,16.5,0,22.45,1.39,
0,10.463,1030,32.8,7/22/2026 11:17:59,16.5,0,22.48,1.24,
0,10.401,1030,32.8,7/22/2026 11:18:04,16.5,0,22.52,0.86,
0,10.319,1032.5,32.8,7/22/2026 11:18:08,16.5,0,22.46,1.29,
0,10.319,1035.83,32.8,7/22/2026 11:18:13,16.5,0,22.55,0.96,
0,10.404,1039.17,32.8,7/22/2026 11:18:21,16.5,0,22.51,1.38,
0,10.278,1040,32.8,7/22/2026 11:18:25,16.5,0,22.72,1.06,
0,10.251,1040.83,32.8,7/22/2026 11:18:30,16.5,0,22.72,0.83,
0,10.312,1042.5,32.8,7/22/2026 11:18:34,16.5,0,22.55,1.19,
0,10.32,1043.33,32.8,7/22/2026 11:18:39,16.5,0,22.32,1.33,
0,10.372,1043.33,32.8,7/22/2026 11:18:43,16.5,0,22.54,1.36,
0,10.272,1043.33,32.8,7/22/2026 11:18:47,16.5,0,22.77,1.34,
0,10.348,1042.5,32.8,7/22/2026 11:18:53,16.5,0,22.52,0.85,
0,10.348,1042.5,32.8,7/22/2026 11:18:57,16.5,0,22.5,1.32,
0,10.375,1040.83,32.8,7/22/2026 11:19:01,16.5,0,22.5,1.43,
0,10.356,1041.67,32.8,7/22/2026 11:19:01,16.5,0,22.5,1.43,
0,10.43,1039.17,33,7/22/2026 11:19:09,16.5,0,22.53,1.15,
0,10.403,1036.67,33.3,7/22/2026 11:19:16,16.5,0,22.63,0.84,
0,10.402,1035,33.3,7/22/2026 11:19:20,16.5,0,22.58,1.1,
0,10.347,1034.17,33.3,7/22/2026 11:19:24,16.5,0,22.57,0.87,
0,10.319,1030.83,33.3,7/22/2026 11:19:28,16.5,0,22.59,1.18,
0,10.238,1025,33.3,7/22/2026 11:19:33,16.5,0,22.6,1.24,
0,10.238,1025,33.3,7/22/2026 11:19:33,16.5,0,22.6,1.24,
0,10.338,1022.5,33.3,7/22/2026 11:19:37,16.5,0,22.54,1.49,
0,10.263,1016.67,33.3,7/22/2026 11:19:42,16.5,0,22.53,1.14,
0,10.375,1014.17,33.3,7/22/2026 11:19:46,16.5,0,22.5,1.05,
0,10.342,1007.5,33.3,7/22/2026 11:19:50,16.5,0,22.56,1.09,
0,10.281,1006.67,33.3,7/22/2026 11:19:54,16.5,0,22.5,0.86,
0,10.366,1003.33,33.3,7/22/2026 11:19:58,16.5,0,22.74,1.48,
0,10.443,995,33.3,7/22/2026 11:20:03,16.5,0,22.73,0.97,
0,10.382,992.5,33.3,7/22/2026 11:20:07,16.5,0,22.71,1.02,
0,10.336,984.17,33.3,7/22/2026 11:20:11,16.5,0,22.46,0.93,
0,10.31,977.5,33.3,7/22/2026 11:20:16,16.5,0,22.45,0.98,
0,10.31,977.5,33.3,7/22/2026 11:20:20,16.5,0,22.41,0.84,
0,11.414,964.17,33.3,7/22/2026 11:20:25,16.5,0,22.42,1.17,
0,10.296,958.33,33.3,7/22/2026 11:20:29,16.5,0,22.59,1.19,
0,10.264,954.17,33.3,7/22/2026 11:20:29,16.5,0,22.59,1.19,
0,10.262,948.33,33.3,7/22/2026 11:20:33,16.5,0,22.44,0.87,
0,10.315,941.67,33.3,7/22/2026 11:20:38,16.5,0,22.51,0.92,
0,10.222,930.83,33.3,7/22/2026 11:20:43,16.5,0,22.28,1.46,
0,10.255,924.17,33.3,7/22/2026 11:20:47,16.5,0,22.35,1.36,
0,10.255,924.17,33.3,7/22/2026 11:20:51,16.5,0,22.24,1.38,
0,10.264,913.33,33.3,7/22/2026 11:20:56,16.5,0,22.25,1,
0,10.244,904.17,33.3,7/22/2026 11:21:00,16.5,0,22.4,1.24,
0,10.366,895,33.3,7/22/2026 11:21:04,16.5,0,22.28,0.85,
0,10.371,891.67,33.3,7/22/2026 11:21:09,16.5,0,22.16,1.01,
0,10.345,888.33,33.3,7/22/2026 11:21:13,16.5,0,22.04,1.15,
0,10.204,878.33,33.3,7/22/2026 11:21:17,16.5,0,22.15,0.95,
0,10.349,870.83,33.3,7/22/2026 11:21:23,16.5,0,22.19,1.17,
0,10.167,868.33,33.3,7/22/2026 11:21:29,16.5,0,22.05,1.36,
0,10.362,856.67,33.3,7/22/2026 11:21:33,16.5,0,22.07,1.46,
0,10.362,856.67,33.3,7/22/2026 11:21:38,16.5,0,22.05,1.45,
0,10.401,850.83,33.4,7/22/2026 11:21:43,16.5,0,22.01,1.23,
0,10.46,845,33.7,7/22/2026 11:21:50,16.5,0,21.95,1.22,
0,10.46,845,33.7,7/22/2026 11:21:55,16.5,0,22.04,1.41,
0,10.505,840,33.8,7/22/2026 11:21:59,16.5,0,22.04,0.93,
0,10.44,838.33,33.8,7/22/2026 11:22:03,16.5,0,22,1.22,
0,10.286,836.67,33.8,7/22/2026 11:22:08,16.5,0,21.92,1.44,
0,10.442,835,33.8,7/22/2026 11:22:13,16.5,0,21.91,1.12,
0,10.391,833.33,33.8,7/22/2026 11:22:17,16.5,0,21.96,1.14,
0,10.391,833.33,33.8,7/22/2026 11:22:21,16.5,0,22.06,1.34,
0,10.376,832.5,33.8,7/22/2026 11:22:25,16.5,0,22.08,1.12,
0,10.291,830.83,33.8,7/22/2026 11:22:33,16.5,0,21.83,1.43,
0,10.252,830.83,33.8,7/22/2026 11:22:38,16.5,0,21.96,0.96,
0,10.442,831.67,33.8,7/22/2026 11:22:48,16.5,0,21.67,1.37,
0,10.306,832.5,33.8,7/22/2026 11:22:53,16.5,0,21.97,0.85,
0,10.205,832.5,33.8,7/22/2026 11:23:01,16.5,0,21.88,0.98,
0,10.359,835,33.8,7/22/2026 11:23:05,16.5,0,21.89,1.09,
0,10.359,835,33.8,7/22/2026 11:23:09,16.5,0,21.9,1.06,
0,10.29,836.67,33.8,7/22/2026 11:23:14,16.5,0,21.91,0.91,
0,10.252,836.67,33.8,7/22/2026 11:23:19,16.5,0,21.95,0.9,
0,10.252,836.67,33.8,7/22/2026 11:23:24,16.5,0,21.94,0.9,
0,10.418,839.17,33.3,7/22/2026 11:23:29,16.5,0,22.15,1.39,
0,10.325,837.5,33.6,7/22/2026 11:23:29,16.5,0,22.15,1.39,
0,10.418,839.17,33.3,7/22/2026 11:23:34,16.5,0,21.92,1.42,
0,10.335,840.83,33.3,7/22/2026 11:23:38,16.5,0,21.94,0.82,
0,10.336,841.67,33.3,7/22/2026 11:23:42,16.5,0,21.79,1.38,
0,10.468,838.33,33.3,7/22/2026 11:23:47,16.5,0,21.75,1.29,
0,10.305,844.17,33.3,7/22/2026 11:23:51,16.5,0,21.92,0.99,
0,10.356,840.83,33.3,7/22/2026 11:23:55,16.5,0,21.96,1.43,
0,10.318,843.33,33.3,7/22/2026 11:24:00,16.5,0,21.81,0.96,
0,10.319,844.17,33.3,7/22/2026 11:24:04,16.5,0,21.9,1.18,
0,10.356,842.5,32.8,7/22/2026 11:24:08,16.5,0,22.04,0.83,
0,10.446,841.67,32.8,7/22/2026 11:24:13,16.5,0,21.94,1.16,
0,10.38,843.33,32.8,7/22/2026 11:24:19,16.5,0,21.84,1.41,
0,10.331,841.67,32.8,7/22/2026 11:24:23,16.5,0,21.94,1.21,
0,10.338,840.83,32.8,7/22/2026 11:24:27,16.5,0,21.9,0.99,
0,10.283,840.83,32.8,7/22/2026 11:24:32,16.5,0,22.15,1.43,
0,10.33,839.17,32.8,7/22/2026 11:24:36,16.5,0,21.77,0.98,
0,10.201,841.67,32.8,7/22/2026 11:24:40,16.5,0,21.84,1.18,
0,10.268,841.67,32.8,7/22/2026 11:24:44,16.5,0,22.11,1.38,
0,10.177,841.67,32.8,7/22/2026 11:24:48,16.5,0,21.97,1.16,
0,10.298,842.5,32.8,7/22/2026 11:24:54,16.5,0,21.89,1.36,
0,10.242,843.33,32.8,7/22/2026 11:25:02,16.5,0,21.86,1.42,
0,10.214,845,32.8,7/22/2026 11:25:10,16.5,0,21.96,0.92,
0,10.256,846.67,32.8,7/22/2026 11:25:15,16.5,0,22.1,1.31,
0,10.256,846.67,32.8,7/22/2026 11:25:15,16.5,0,22.1,1.31,
0,10.235,847.5,32.8,7/22/2026 11:25:19,16.5,0,22.12,0.92,
0,10.243,849.17,32.8,7/22/2026 11:25:27,16.5,0,22.07,0.93,
0,10.243,853.33,32.8,7/22/2026 11:25:34,16.5,0,22.06,1.29,
0,10.249,855.83,32.8,7/22/2026 11:25:39,16.5,0,22.06,1.03,
0,10.352,856.67,32.8,7/22/2026 11:25:43,16.5,0,22.04,1.02,
0,10.155,859.17,32.8,7/22/2026 11:25:48,16.5,0,22.15,1.35,
0,10.211,862.5,32.8,7/22/2026 11:25:52,16.5,0,22.04,1.1,
0,10.314,863.33,32.8,7/22/2026 11:25:56,16.5,0,22.05,0.92,
0,10.252,865.83,32.8,7/22/2026 11:26:01,16.5,0,22.04,1.05,
0,10.229,866.67,32.8,7/22/2026 11:26:06,16.5,0,22.07,1,
0,10.229,866.67,32.8,7/22/2026 11:26:11,16.5,0,22.04,1.27,
0,10.273,867.5,32.8,7/22/2026 11:26:15,16.5,0,22.15,1.23,
0,10.275,870.83,32.8,7/22/2026 11:26:21,16.5,0,22.14,1.42,
0,10.191,871.67,32.7,7/22/2026 11:26:26,16.5,0,22.24,1.05,
0,10.204,884.17,32.3,7/22/2026 11:26:31,16.5,0,22.24,1.22,
0,10.299,884.17,32.3,7/22/2026 11:26:35,16.5,0,22.24,1.48,
0,10.315,889.17,32.3,7/22/2026 11:26:38,16.5,0,22.27,1.26,
0,10.238,891.67,32.3,7/22/2026 11:26:43,16.5,0,22.21,1.03,
0,10.238,894.17,32.3,7/22/2026 11:26:47,16.5,0,22.28,1.46,
0,10.183,895.83,32.3,7/22/2026 11:26:51,16.5,0,22.27,0.87,
0,10.2,899.17,32.3,7/22/2026 11:26:55,16.5,0,22.18,1.36,
0,10.189,902.5,32.3,7/22/2026 11:27:00,16.5,0,22.34,1.3,
0,10.194,906.67,32.3,7/22/2026 11:27:04,16.5,0,22.31,0.93,
0,10.089,910,32.3,7/22/2026 11:27:09,16.5,0,22.27,1.01,
0,10.289,912.5,32.3,7/22/2026 11:27:13,16.5,0,22.35,1.25,
0,10.246,915,32.3,7/22/2026 11:27:17,16.5,0,22.39,1.47,
0,10.289,917.5,32.3,7/22/2026 11:27:17,16.5,0,22.39,1.47,
0,10.245,918.33,32.3,7/22/2026 11:27:21,16.5,0,22.49,1.13,
0,10.356,923.33,32.3,7/22/2026 11:27:25,16.5,0,22.59,1.16,
0,10.295,925.83,32.3,7/22/2026 11:27:29,16.5,0,22.54,0.93,
0,10.357,930.83,32.3,7/22/2026 11:27:34,16.5,0,22.37,1.18,
0,10.263,932.5,32.3,7/22/2026 11:27:38,16.5,0,22.24,1.42,
0,10.206,935,32.3,7/22/2026 11:27:38,16.5,0,22.24,1.42,
0,10.191,937.5,32.3,7/22/2026 11:27:42,16.5,0,22.34,1.22,
0,10.194,940,32.3,7/22/2026 11:27:47,16.5,0,22.43,1.06,
0,10.12,944.17,32.4,7/22/2026 11:27:51,16.5,0,22.51,1.39,
0,10.19,948.33,32.8,7/22/2026 11:27:55,16.5,0,22.54,1.4,
0,10.19,948.33,32.8,7/22/2026 11:27:55,16.5,0,22.54,1.4,
0,10.144,949.17,32.8,7/22/2026 11:27:59,16.5,0,22.48,1.43,
0,10.237,952.5,32.8,7/22/2026 11:28:04,16.5,0,22.55,1.31,
0,10.217,957.5,32.8,7/22/2026 11:28:08,16.5,0,22.43,0.85,
0,10.226,959.17,32.8,7/22/2026 11:28:12,16.5,0,22.44,0.94,
0,10.162,962.5,32.8,7/22/2026 11:28:16,16.5,0,22.67,1.37,
0,10.196,963.33,32.8,7/22/2026 11:28:20,16.5,0,22.54,1.17,
0,10.133,965.83,32.8,7/22/2026 11:28:25,16.5,0,22.48,0.84,
0,10.284,968.33,32.8,7/22/2026 11:28:29,16.5,0,22.53,1.02,
0,10.284,968.33,32.8,7/22/2026 11:28:29,16.5,0,22.53,1.02,
0,10.247,969.17,32.8,7/22/2026 11:28:34,16.5,0,22.52,1.02,
0,10.239,971.67,32.8,7/22/2026 11:28:38,16.5,0,22.5,0.88,
0,10.231,973.33,32.8,7/22/2026 11:28:43,16.5,0,22.59,0.92,
0,10.186,976.67,32.8,7/22/2026 11:28:47,16.5,0,22.5,0.89,
0,10.161,979.17,32.8,7/22/2026 11:28:51,16.5,0,22.57,1.19,
0,10.19,980,32.8,7/22/2026 11:28:56,16.5,0,22.54,1.27,
0,10.263,983.33,32.8,7/22/2026 11:29:01,16.5,0,22.53,0.9,
0,10.267,986.67,32.8,7/22/2026 11:29:05,16.5,0,22.54,0.97,
0,10.267,986.67,32.8,7/22/2026 11:29:09,16.5,0,22.63,0.92,
0,10.203,992.5,32.8,7/22/2026 11:29:13,16.5,0,22.58,1.46,
0,10.267,992.5,32.8,7/22/2026 11:29:17,16.5,0,22.4,1.48,
0,10.364,997.5,32.8,7/22/2026 11:29:22,16.5,0,22.65,1.49,
0,10.254,999.17,32.8,7/22/2026 11:29:26,16.5,0,22.54,1.21,
0,10.259,1003.33,32.8,7/22/2026 11:29:30,16.5,0,22.73,0.87,
0,10.259,1003.33,32.8,7/22/2026 11:29:34,16.5,0,22.63,1.21,
0,10.347,1010.83,32.8,7/22/2026 11:29:38,16.5,0,22.66,0.99,
0,10.178,1011.67,32.8,7/22/2026 11:29:46,16.5,0,22.45,1.05,
0,10.25,1015.83,32.8,7/22/2026 11:29:50,16.5,0,22.66,1.16,
0,10.296,1017.5,32.8,7/22/2026 11:29:54,16.5,0,22.64,1.27,
0,10.242,1025.83,32.8,7/22/2026 11:29:59,16.5,0,22.66,1.27,
0,10.218,1020,32.8,7/22/2026 11:29:59,16.5,0,22.66,1.27,
0,10.245,1021.67,32.8,7/22/2026 11:30:05,16.5,0,22.72,1,
0,10.228,1030.83,32.8,7/22/2026 11:30:09,16.5,0,22.73,0.91,
0,10.169,1032.5,32.8,7/22/2026 11:30:13,16.5,0,22.75,0.8,
0,10.262,1032.5,32.8,7/22/2026 11:30:18,16.5,0,22.83,1.41,
0,10.248,1035.83,32.8,7/22/2026 11:30:18,16.5,0,22.83,1.41,
0,10.245,1040.83,32.8,7/22/2026 11:30:22,16.5,0,22.75,1.03,
0,10.222,1041.67,32.8,7/22/2026 11:30:28,16.5,0,22.81,1.41,
0,10.207,1045.83,32.7,7/22/2026 11:30:33,16.5,0,22.82,0.85,
0,10.23,1046.67,32.7,7/22/2026 11:30:37,16.5,0,22.79,1.06,
0,10.192,1050.83,32.5,7/22/2026 11:30:41,16.5,0,22.76,1.41,
0,10.216,1050.83,32.4,7/22/2026 11:30:46,16.5,0,22.59,1.47,
0,10.237,1052.5,32.4,7/22/2026 11:30:50,16.5,0,22.77,1.14,
0,10.25,1055,32.3,7/22/2026 11:30:50,16.5,0,22.77,1.14,
0,10.275,1056.67,32.3,7/22/2026 11:30:54,16.5,0,22.78,0.94,
0,10.297,1056.67,32.3,7/22/2026 11:30:58,16.5,0,23.04,1.48,
0,10.264,1060.83,32.3,7/22/2026 11:31:03,16.5,0,22.83,1.18,
0,10.296,1063.33,32.3,7/22/2026 11:31:07,16.5,0,22.86,1.14,
0,10.306,1065.83,32.3,7/22/2026 11:31:12,16.5,0,22.74,0.92,
0,10.356,1069.17,32.3,7/22/2026 11:31:16,16.5,0,22.86,0.8,
0,10.132,1070.83,32.3,7/22/2026 11:31:20,16.5,0,22.93,0.84,
0,10.308,1074.17,32.3,7/22/2026 11:31:25,16.5,0,22.91,1.03,
0,10.246,1075,32.3,7/22/2026 11:31:29,16.5,0,22.84,1.26,
0,10.251,1078.33,32.3,7/22/2026 11:31:33,16.5,0,22.85,1.4,
0,10.251,1078.33,32.3,7/22/2026 11:31:38,16.5,0,22.89,1.34,
0,10.186,1081.67,32.3,7/22/2026 11:31:42,16.5,0,22.93,1.09,
0,10.273,1085.83,32.3,7/22/2026 11:31:47,16.5,0,22.86,1.27,
0,10.3,1089.17,32.4,7/22/2026 11:31:51,16.5,0,23.09,1.35,
0,10.327,1090,32.5,7/22/2026 11:31:56,16.5,0,22.91,1.11,
0,10.196,1093.33,32.7,7/22/2026 11:32:00,16.5,0,22.73,1.23,
0,10.196,1093.33,32.7,7/22/2026 11:32:06,16.5,0,22.93,1.04,
0,10.229,1099.17,32.7,7/22/2026 11:32:10,16.5,0,22.91,1.18,
0,10.166,1105,32.8,7/22/2026 11:32:14,16.5,0,22.83,0.99,
0,10.166,1105,32.8,7/22/2026 11:32:19,16.5,0,22.94,1.31,
0,10.418,1109.17,32.8,7/22/2026 11:32:24,16.5,0,23.1,1.45,
0,10.28,1112.5,32.8,7/22/2026 11:32:24,16.5,0,23.1,1.45,
0,10.253,1113.33,32.8,7/22/2026 11:32:28,16.5,0,22.89,1.12,
0,10.305,1115.83,32.8,7/22/2026 11:32:33,16.5,0,22.82,0.87,
0,10.238,1119.17,32.8,7/22/2026 11:32:38,16.5,0,23.11,1.05,
0,10.238,1119.17,32.8,7/22/2026 11:32:42,16.5,0,23.02,1.35,
0,10.199,1125,32.8,7/22/2026 11:32:47,16.5,0,22.94,1.31,
0,10.199,1125,32.8,7/22/2026 11:32:51,16.5,0,23.12,1.26,
0,10.216,1129.17,32.8,7/22/2026 11:32:56,16.5,0,22.89,1.27,
0,10.286,1130.83,32.8,7/22/2026 11:33:00,16.5,0,22.93,0.9,
0,10.203,1132.5,32.8,7/22/2026 11:33:05,16.5,0,22.98,0.83,
0,10.289,1136.67,32.8,7/22/2026 11:33:10,16.5,0,22.94,1.01,
0,10.205,1137.5,32.8,7/22/2026 11:33:14,16.5,0,22.83,1.42,
0,10.195,1139.17,32.8,7/22/2026 11:33:18,16.5,0,23.05,1.44,
0,10.246,1140.83,32.8,7/22/2026 11:33:22,16.5,0,22.92,1.22,
0,10.257,1140.83,32.8,7/22/2026 11:33:27,16.5,0,22.89,1.27,
0,10.242,1145,32.9,7/22/2026 11:33:31,16.5,0,22.86,1.42,
0,10.236,1146.67,33.3,7/22/2026 11:33:36,16.5,0,22.94,1.15,
0,10.27,1150,33.3,7/22/2026 11:33:41,16.5,0,23.04,0.88,
0,10.334,1151.67,33.3,7/22/2026 11:33:45,16.5,0,22.94,0.86,
0,10.339,1154.17,33.3,7/22/2026 11:33:49,16.5,0,22.93,0.97,
0,10.339,1154.17,33.3,7/22/2026 11:33:53,16.5,0,23,1.35,
0,10.24,1159.17,33.3,7/22/2026 11:33:57,16.5,0,22.86,1.02,
0,10.231,1165,33.3,7/22/2026 11:34:01,16.5,0,23.1,1.03,
0,10.298,1165.83,33.3,7/22/2026 11:34:06,16.5,0,22.83,1.14,
0,10.14,1167.5,33.3,7/22/2026 11:34:10,16.5,0,22.91,1.02,
0,10.239,1173.33,33.2,7/22/2026 11:34:18,16.5,0,22.89,0.9,
0,10.148,1175,33.2,7/22/2026 11:34:22,16.5,0,22.91,1.48,
0,10.196,1177.5,33.2,7/22/2026 11:34:27,16.5,0,22.96,0.85,
0,10.278,1180.83,33.2,7/22/2026 11:34:31,16.5,0,22.94,1.43,
0,10.257,1180.83,33.2,7/22/2026 11:34:35,16.5,0,22.93,1.36,
0,10.181,1185,33.2,7/22/2026 11:34:39,16.5,0,22.83,0.97,
0,10.142,1190,32.9,7/22/2026 11:34:44,16.5,0,22.94,0.88,
0,10.347,1194.17,32.8,7/22/2026 11:34:48,16.5,0,22.79,0.9,
0,10.409,1197.5,32.8,7/22/2026 11:34:53,16.5,0,23.04,1.32,
0,10.188,1197.5,32.8,7/22/2026 11:34:57,16.5,0,23.15,0.84,
0,10.32,1197.5,32.8,7/22/2026 11:35:01,16.5,0,22.98,0.89,
0,10.194,1204.17,32.8,7/22/2026 11:35:05,16.5,0,22.91,1.06,
0,10.307,1210.83,32.8,7/22/2026 11:35:10,16.5,0,23.09,1.43,
0,10.283,1215,32.8,7/22/2026 11:35:15,16.5,0,22.96,1.23,
0,10.303,1220.83,32.8,7/22/2026 11:35:19,16.5,0,23.02,1.28,
0,10.251,1224.17,32.8,7/22/2026 11:35:23,16.5,0,22.85,1.44,
0,10.178,1226.67,32.8,7/22/2026 11:35:28,16.5,0,23.04,1.3,
0,10.181,1230,32.8,7/22/2026 11:35:32,16.5,0,23.01,1.46,
0,10.2,1236.67,32.8,7/22/2026 11:35:36,16.5,0,23.13,1.1,
0,10.2,1236.67,32.8,7/22/2026 11:35:36,16.5,0,23.13,1.1,
0,10.231,1240.83,32.8,7/22/2026 11:35:41,16.5,0,22.77,1.39,
0,10.238,1243.33,32.8,7/22/2026 11:35:45,16.5,0,23.04,1.36,
0,10.186,1253.33,32.8,7/22/2026 11:35:50,16.5,0,22.9,1.21,
0,10.263,1255.83,32.8,7/22/2026 11:35:54,16.5,0,22.85,1.41,
0,10.262,1261.67,32.8,7/22/2026 11:35:58,16.5,0,22.96,1.42,
0,10.204,1265.83,32.8,7/22/2026 11:36:02,16.5,0,23.12,1.42,
0,10.154,1268.33,32.8,7/22/2026 11:36:07,16.5,0,22.72,0.97,
0,10.24,1270.83,32.8,7/22/2026 11:36:11,16.5,0,22.99,1.13,
0,10.181,1280,32.8,7/22/2026 11:36:19,16.5,0,23.1,1.25,
0,10.207,1291.67,32.6,7/22/2026 11:36:23,16.5,0,23.01,1.27,
0,10.186,1296.67,32.5,7/22/2026 11:36:28,16.5,0,23.09,1.35,
0,10.16,1302.5,32.3,7/22/2026 11:36:32,16.5,0,23.19,1.47,
0,10.255,1310.83,32.3,7/22/2026 11:36:36,16.5,0,23.11,1.31,
0,10.122,1315,32.3,7/22/2026 11:36:41,16.5,0,23.06,0.91,
0,10.303,1320.83,32.3,7/22/2026 11:36:41,16.5,0,23.06,0.91,
0,10.088,1330,32.3,7/22/2026 11:36:46,16.5,0,23.12,1.03,
0,10.216,1333.33,32.3,7/22/2026 11:36:50,16.5,0,23.11,0.84,
0,10.059,1356.67,32.3,7/22/2026 11:36:57,16.5,0,23.12,0.88,
0,10.139,1360,32.3,7/22/2026 11:37:02,16.5,0,23.09,1.33,
0,10.197,1375,32.3,7/22/2026 11:37:07,16.5,0,23.13,0.98,
0,10.176,1380.83,32.3,7/22/2026 11:37:11,16.5,0,23.05,0.98,
0,10.232,1397.5,32.3,7/22/2026 11:37:15,16.5,0,22.73,1.16,
0,10.197,1400.83,32.3,7/22/2026 11:37:19,16.5,0,23.22,1.19,
0,10.266,1422.5,32.3,7/22/2026 11:37:24,16.5,0,23.04,0.99,
0,10.252,1430,32.3,7/22/2026 11:37:28,16.5,0,23.14,1.09,
0,10.308,1443.33,32.3,7/22/2026 11:37:33,16.5,0,23.12,1.45,
0,10.267,1456.67,32.3,7/22/2026 11:37:37,16.5,0,23.07,0.91,
0,10.227,1464.17,32.4,7/22/2026 11:37:41,16.5,0,23.34,0.82,
0,10.304,1481.67,32.8,7/22/2026 11:37:46,16.5,0,23.3,1.09,
0,10.237,1495.83,32.8,7/22/2026 11:37:51,16.5,0,23.2,1.15,
0,10.322,1514.17,32.8,7/22/2026 11:37:56,16.5,0,23.28,1.08,
0,10.203,1525.83,32.8,7/22/2026 11:38:00,16.5,0,22.99,1.47,
0,10.254,1542.5,32.8,7/22/2026 11:38:04,16.5,0,23.22,0.83,
0,10.234,1553.33,32.8,7/22/2026 11:38:08,16.5,0,23.31,1.27,
0,10.332,1583.33,32.8,7/22/2026 11:38:16,16.5,0,23.26,1.15,
0,10.332,1583.33,32.8,7/22/2026 11:38:20,16.5,0,23.61,1.17,
0,10.321,1619.17,32.8,7/22/2026 11:38:25,16.5,0,23.26,0.83,
0,10.304,1630,32.8,7/22/2026 11:38:29,16.5,0,22.99,0.92,
0,10.282,1646.67,32.8,7/22/2026 11:38:33,16.5,0,23.32,1.43,
0,10.276,1673.33,32.8,7/22/2026 11:38:38,16.5,0,23.42,0.82,
0,10.305,1697.5,32.8,7/22/2026 11:38:43,16.5,0,23.39,1.17,
0,10.352,1707.5,32.8,7/22/2026 11:38:47,16.5,0,23.2,1.29,
0,10.184,1722.5,32.8,7/22/2026 11:38:51,16.5,0,23.35,1.02,
0,10.311,1741.67,32.8,7/22/2026 11:38:55,16.5,0,23.46,1.28,
0,10.104,1765,32.8,7/22/2026 11:38:59,16.5,0,23.42,1.3,
0,10.163,1775,32.8,7/22/2026 11:39:03,16.5,0,23.39,1.46,
0,10.125,1811.67,32.8,7/22/2026 11:39:08,16.5,0,23.4,1.11,
0,10.227,1885,32.8,7/22/2026 11:39:21,16.5,0,23.48,1.44,
0,10.227,1885,32.8,7/22/2026 11:39:21,16.5,0,23.5,0.96,
0,10.294,1945,32.8,7/22/2026 11:39:29,16.5,0,23.78,1.32,
0,10.208,1960.83,32.8,7/22/2026 11:39:33,16.5,0,23.7,0.91,
0,10.056,2000,32.8,7/22/2026 11:39:38,16.5,0,23.6,1.28,
0,10.244,2015.83,32.8,7/22/2026 11:39:42,16.5,0,23.61,1.21,
0,10.095,2043.33,32.8,7/22/2026 11:39:47,16.5,0,23.62,1.33,
0,10.074,2075,32.8,7/22/2026 11:39:52,16.5,0,23.73,0.92,
0,10.351,2087.5,32.8,7/22/2026 11:39:57,16.5,0,23.61,1.3,
0,10.256,2114.17,32.8,7/22/2026 11:40:01,16.5,0,23.7,1.43,
0,10.192,2137.5,32.8,7/22/2026 11:40:05,16.5,0,23.69,1.1,
0,10.07,2150,32.8,7/22/2026 11:40:10,16.5,0,23.7,1.29,
0,10.183,2165,32.8,7/22/2026 11:40:14,16.5,0,23.74,0.9,
0,10.005,2187.5,32.8,7/22/2026 11:40:19,16.5,0,23.75,1.07,
0,10.218,2194.17,32.8,7/22/2026 11:40:24,16.5,0,23.72,1.25,
0,10.201,2228.33,32.8,7/22/2026 11:40:28,16.5,0,23.73,1.46,
0,10.197,2227.5,32.8,7/22/2026 11:40:32,16.5,0,23.93,0.92,
0,10.203,2247.5,32.8,7/22/2026 11:40:37,16.5,0,23.84,0.92,
0,10.301,2259.17,32.8,7/22/2026 11:40:41,16.5,0,23.61,0.97,
0,10.122,2268.33,32.8,7/22/2026 11:40:46,16.5,0,23.71,0.97,
0,10.144,2286.67,32.8,7/22/2026 11:40:46,16.5,0,23.71,0.97,
0,10.283,2288.33,32.8,7/22/2026 11:40:50,16.5,0,23.81,1.31,
0,10.23,2306.67,32.8,7/22/2026 11:40:55,16.5,0,23.84,0.99,
0,10.217,2319.17,32.8,7/22/2026 11:40:59,16.5,0,23.96,1.48,
0,10.22,2326.67,32.8,7/22/2026 11:41:00,16.5,0,23.96,1.48,
0,10.141,2332.5,32.8,7/22/2026 11:41:04,16.5,0,23.8,0.91,
0,10.178,2340,32.8,7/22/2026 11:41:08,16.5,0,23.71,0.86,
0,10.162,2353.33,32.8,7/22/2026 11:41:12,16.5,0,24.01,1.41,
0,10.119,2359.17,32.8,7/22/2026 11:41:17,16.5,0,24.05,1.35,
0,10.161,2371.67,32.8,7/22/2026 11:41:21,16.5,0,23.94,1.04,
0,10.231,2390.83,32.8,7/22/2026 11:41:26,16.5,0,23.9,1.48,
0,10.135,2400.83,32.9,7/22/2026 11:41:31,16.5,0,23.96,1.48,
0,10.273,2407.5,32.8,7/22/2026 11:41:35,16.5,0,23.99,1,
0,10.217,2430,32.8,7/22/2026 11:41:40,16.5,0,24.12,1.24,
0,10.268,2437.5,32.8,7/22/2026 11:41:44,16.5,0,24.17,1.09,
0,10.221,2460,33,7/22/2026 11:41:49,16.5,0,24.01,1.17,
0,10.207,2485,33.2,7/22/2026 11:41:53,16.5,0,24.31,1.39,
0,10.199,2502.5,33.3,7/22/2026 11:41:59,16.5,0,24.01,1.29,
0,10.299,2509.17,33.3,7/22/2026 11:42:04,16.5,0,24.21,1.16,
0,10.291,2519.17,33.3,7/22/2026 11:42:04,16.5,0,24.21,1.16,
0,10.369,2529.17,33.3,7/22/2026 11:42:10,16.5,0,23.91,1.31,
0,10.274,2552.5,33.3,7/22/2026 11:42:14,16.5,0,24.14,0.99,
0,10.279,2565.83,33.3,7/22/2026 11:42:18,16.5,0,24.21,0.99,
0,10.334,2575.83,33.3,7/22/2026 11:42:22,16.5,0,24.1,1.27,
0,10.225,2586.67,33.3,7/22/2026 11:42:22,16.5,0,24.1,1.27,
0,10.285,2600.83,33.3,7/22/2026 11:42:26,16.5,0,24.14,1.43,
0,10.241,2625,33.3,7/22/2026 11:42:31,16.5,0,24.27,1.01,
0,10.265,2626.67,33.3,7/22/2026 11:42:35,16.5,0,23.89,1.03,
0,10.221,2657.5,33.3,7/22/2026 11:42:40,16.5,0,24.31,0.93,
0,10.162,2681.67,33.3,7/22/2026 11:42:45,16.5,0,24.2,0.92,
0,10.218,2696.67,33.3,7/22/2026 11:42:49,16.5,0,24.2,1.27,
0,10.138,2714.17,33.4,7/22/2026 11:42:54,16.5,0,24.18,0.83,
0,10.242,2760,33.8,7/22/2026 11:42:58,16.5,0,23.75,0.99,
0,10.141,2790.83,33.8,7/22/2026 11:43:02,16.5,0,24.36,1.25,
0,10.305,2840,33.8,7/22/2026 11:43:07,16.5,0,24.24,0.88,
0,10.165,2870,33.8,7/22/2026 11:43:11,16.5,0,24.33,0.96,
0,10.194,2953.33,33.8,7/22/2026 11:43:15,16.5,0,24.34,1.32,
0,10.179,3009.17,33.8,7/22/2026 11:43:19,16.5,0,24.39,0.86,
0,10.222,3038.33,33.8,7/22/2026 11:43:20,16.5,0,24.39,0.86,
0,10.24,3065,33.8,7/22/2026 11:43:24,16.5,0,24.37,0.92,
0,10.217,3044.17,33.8,7/22/2026 11:43:28,16.5,0,24.41,1.09,
0,10.23,3045.83,33.8,7/22/2026 11:43:32,16.5,0,24.41,0.89,
0,10.265,3076.67,33.8,7/22/2026 11:43:37,16.5,0,24.41,1.45,
0,10.229,3109.17,33.8,7/22/2026 11:43:41,16.5,0,24.44,1.17,
0,10.176,3140,33.8,7/22/2026 11:43:45,16.5,0,24.48,1.04,
0,10.19,3161.67,33.8,7/22/2026 11:43:50,16.5,0,24.46,1.44,
0,10.19,3161.67,33.8,7/22/2026 11:43:50,16.5,0,24.46,1.44,
0,10.233,3173.33,33.8,7/22/2026 11:43:54,16.5,0,24.43,0.97,
0,10.348,3191.67,34.2,7/22/2026 11:43:59,16.5,0,24.52,1.28,
0,10.316,3212.5,34.2,7/22/2026 11:44:03,16.5,0,24.41,1.03,
0,10.234,3259.17,34.2,7/22/2026 11:44:08,16.5,0,24.61,1.3,
0,10.243,3299.17,34.2,7/22/2026 11:44:12,16.5,0,24.39,1.07,
0,10.316,3385,34.2,7/22/2026 11:44:16,16.5,0,24.7,0.81,
0,10.292,3536.67,34.2,7/22/2026 11:44:21,16.5,0,24.5,0.89,
0,10.3,3765,34.2,7/22/2026 11:44:25,16.5,0,24.99,1.44,
0,10.289,4117.5,34.2,7/22/2026 11:44:29,16.5,0,25.08,1.38,
0,10.218,4111.67,34.2,7/22/2026 11:44:33,16.5,0,25.06,1.12,
0,10.259,4390,34.2,7/22/2026 11:44:37,16.5,0,25.12,0.88,
0,10.275,4164.17,34.2,7/22/2026 11:44:42,16.5,0,25.06,0.87,
0,10.254,4025.83,34.2,7/22/2026 11:44:45,16.5,0,24.9,1.4,
0,10.205,4225,34.2,7/22/2026 11:44:50,16.5,0,25.17,1.46,
0,10.512,4925.83,34.6,7/22/2026 11:44:54,16.5,0,25.35,1.12,
0,10.447,4999.17,34.7,7/22/2026 11:44:58,16.5,0,25.39,1.4,
0,10.608,5550,34.7,7/22/2026 11:45:03,16.5,0,25.58,1.03,
0,11.177,5879.17,34.7,7/22/2026 11:45:07,16.5,0,25.64,0.85,
0,11.244,6220.83,34.7,7/22/2026 11:45:11,16.5,0,25.64,1.27,
0,11.256,6140.83,35,7/22/2026 11:45:12,16.5,0,25.64,1.27,
0,11.372,6400,35.2,7/22/2026 11:45:17,16.5,0,26.01,0.8,
0,11.475,6730,35.2,7/22/2026 11:45:21,16.5,0,25.81,1.1,
0,10.841,5680,35.6,7/22/2026 11:45:26,16.5,0,25.41,1.14,
0,10.645,5495,35.6,7/22/2026 11:45:30,16.5,0,25.47,0.83,
0,11.33,6155.83,36.3,7/22/2026 11:45:35,16.5,0,25.7,1.14,
0,11.101,6202.5,36.3,7/22/2026 11:45:40,16.5,0,25.68,1.39,
0,10.895,5940,36.5,7/22/2026 11:45:44,16.5,0,25.43,1.19,
0,11.391,6697.5,36.9,7/22/2026 11:45:49,16.5,0,25.81,1.23,
0,11.452,6724.17,36.9,7/22/2026 11:45:53,16.5,0,25.81,1.41,
0,11.478,6759.17,36.9,7/22/2026 11:45:57,16.5,0,25.79,1.42,
0,11.134,6247.5,37.4,7/22/2026 11:46:02,16.5,0,25.62,1.09,
0,11.131,6230.83,37.4,7/22/2026 11:46:08,16.5,0,25.59,0.85,
0,10.846,5777.5,37.8,7/22/2026 11:46:12,16.5,0,25.38,1.19,
0,10.905,5825.83,38,7/22/2026 11:46:16,16.5,0,25.59,0.85,
0,10.872,5603.33,38,7/22/2026 11:46:21,16.5,0,25.3,1.06,
0,10.843,5537.5,38,7/22/2026 11:46:25,16.5,0,25.19,1.16,
0,10.843,5537.5,38,7/22/2026 11:46:25,16.5,0,25.19,1.16,
0,10.691,5586.67,38,7/22/2026 11:46:30,16.5,0,25.37,0.87,
0,11.178,6191.67,38.5,7/22/2026 11:46:34,16.5,0,25.5,1.28,
0,11.248,6231.67,38.5,7/22/2026 11:46:38,16.5,0,25.57,0.87,
0,10.556,5405,38.5,7/22/2026 11:46:43,16.5,0,25.19,1.05,
0,11.096,6068.33,38.5,7/22/2026 11:46:43,16.5,0,25.19,1.05,
0,10.587,4744.17,38.5,7/22/2026 11:46:48,16.5,0,24.93,0.96,
0,10.641,4755.83,38.5,7/22/2026 11:46:53,16.5,0,24.89,1.32,
0,10.542,4472.5,38.5,7/22/2026 11:46:57,16.5,0,24.8,0.88,
0,10.578,4430.83,38.5,7/22/2026 11:47:02,16.5,0,25.03,0.89,
0,10.461,4330,38.5,7/22/2026 11:47:06,16.5,0,24.78,1.17,
0,10.646,4268.33,38.5,7/22/2026 11:47:11,16.5,0,24.76,1.16,
0,10.578,4434.17,38.5,7/22/2026 11:47:16,16.5,0,24.79,1.02,
0,10.667,4369.17,38,7/22/2026 11:47:21,16.5,0,24.81,1.45,
0,10.565,4351.67,38.5,7/22/2026 11:47:21,16.5,0,24.81,1.45,
0,10.665,4165,38,7/22/2026 11:47:25,16.5,0,24.73,1.18,
0,10.701,4035.83,38,7/22/2026 11:47:29,16.5,0,24.63,1.19,
0,10.667,3873.33,38,7/22/2026 11:47:34,16.5,0,24.6,1.27,
0,10.627,3832.5,38,7/22/2026 11:47:37,16.5,0,24.54,0.93,
0,10.639,3752.5,38,7/22/2026 11:47:42,16.5,0,24.5,1.35,
0,10.71,3719.17,38,7/22/2026 11:47:49,16.5,0,24.47,1.16,
0,10.66,3680.83,38,7/22/2026 11:47:54,16.5,0,23.95,1.23,
0,10.666,3662.5,38,7/22/2026 11:47:58,16.5,0,24.37,1.27,
0,10.631,3656.67,38,7/22/2026 11:48:03,16.5,0,24.39,1.15,
0,10.548,3665,38,7/22/2026 11:48:07,16.5,0,24.4,1.27,
0,10.588,3665,38,7/22/2026 11:48:12,16.5,0,23.99,0.84,
0,10.615,3656.67,38,7/22/2026 11:48:12,16.5,0,23.99,0.84,
0,10.556,3653.33,38,7/22/2026 11:48:16,16.5,0,24.51,0.89,
0,10.645,3646.67,38,7/22/2026 11:48:20,16.5,0,24.34,1,
0,10.558,3635.83,38,7/22/2026 11:48:25,16.5,0,24.25,1.1,
0,10.638,3635,38,7/22/2026 11:48:29,16.5,0,24.39,1.23,
0,10.721,3630.83,38,7/22/2026 11:48:33,16.5,0,24.39,0.86,
0,10.606,3624.17,38,7/22/2026 11:48:37,16.5,0,24.53,1.2,
0,10.684,3628.33,38,7/22/2026 11:48:42,16.5,0,24.27,1.29,
0,10.645,3633.33,38,7/22/2026 11:48:47,16.5,0,24.38,1.2,
0,10.66,3652.5,38,7/22/2026 11:48:51,16.5,0,24.4,1.17,
0,10.606,3653.33,37.5,7/22/2026 11:48:56,16.5,0,24.39,1.18,
0,10.606,3653.33,37.5,7/22/2026 11:49:00,16.5,0,24.37,1.01,
0,10.752,3676.67,37.4,7/22/2026 11:49:06,16.5,0,24.38,1,
0,10.67,3700.83,37.4,7/22/2026 11:49:10,16.5,0,24.49,0.82,
0,10.687,3717.5,37.4,7/22/2026 11:49:14,16.5,0,24.4,1.08,
0,10.675,3735,37.4,7/22/2026 11:49:19,16.5,0,24.52,1.27,
0,10.61,3775,37.4,7/22/2026 11:49:23,16.5,0,24.71,1.33,
0,10.534,3838.33,37.4,7/22/2026 11:49:34,16.5,0,24.48,1.41,
0,10.538,3848.33,37.4,7/22/2026 11:49:38,16.5,0,24.58,1.12,
0,10.615,3859.17,37.4,7/22/2026 11:49:42,16.5,0,24.58,0.98,
0,10.622,3877.5,37.4,7/22/2026 11:49:47,16.5,0,24.33,1.05,
0,10.471,3886.67,37.2,7/22/2026 11:49:51,16.5,0,24.55,1.2,
0,10.666,3898.33,37.1,7/22/2026 11:49:56,16.5,0,24.63,0.85,
0,10.772,3935.83,37,7/22/2026 11:50:00,16.5,0,24.51,1.02,
0,10.595,3959.17,37,7/22/2026 11:50:04,16.5,0,24.63,0.88,
0,10.886,4086.67,37.2,7/22/2026 11:50:09,16.5,0,24.84,0.93,
0,10.741,4260,37.4,7/22/2026 11:50:13,16.5,0,24.96,1.24,
0,10.73,4720.83,37.4,7/22/2026 11:50:13,16.5,0,24.96,1.24,
0,11.045,5627.5,37.4,7/22/2026 11:50:17,16.5,0,25.42,1.32,
0,11.196,5826.67,37.4,7/22/2026 11:50:22,16.5,0,25.55,1.04,
0,11.196,5826.67,37.4,7/22/2026 11:50:22,16.5,0,25.55,1.04,
0,11.268,5713.33,37.4,7/22/2026 11:50:27,16.5,0,25.38,1.01,
0,10.916,5090.83,38,7/22/2026 11:50:31,16.5,0,25,1.01,
0,10.801,4270.83,38,7/22/2026 11:50:36,16.5,0,24.63,1.45,
0,10.733,4072.5,38,7/22/2026 11:50:40,16.5,0,24.6,1.17,
0,10.823,4103.33,38,7/22/2026 11:50:44,16.5,0,24.61,1.14,
0,10.771,4155.83,38,7/22/2026 11:50:48,16.5,0,24.47,0.96,
0,10.705,4310.83,38.5,7/22/2026 11:50:52,16.5,0,24.64,1.13,
0,10.821,4375.83,38.5,7/22/2026 11:50:57,16.5,0,24.81,1.09,
0,10.7,4322.5,38.5,7/22/2026 11:51:01,16.5,0,24.69,1.4,
0,10.725,4335,38.5,7/22/2026 11:51:06,16.5,0,24.71,1.19,
0,10.605,4407.5,38.5,7/22/2026 11:51:10,16.5,0,24.64,1.03,
0,10.682,4355.83,38.5,7/22/2026 11:51:14,16.5,0,24.79,1.18,
0,10.682,4355.83,38.5,7/22/2026 11:51:14,16.5,0,24.79,1.18,
0,10.699,4332.5,38.5,7/22/2026 11:51:18,16.5,0,24.6,1.3,
0,10.759,4466.67,38.6,7/22/2026 11:51:23,16.5,0,24.76,0.82,
0,10.745,4655.83,39,7/22/2026 11:51:29,16.5,0,24.75,1.24,
0,10.731,4652.5,39,7/22/2026 11:51:33,16.5,0,24.41,1.4,
0,10.704,4367.5,39,7/22/2026 11:51:38,16.5,0,24.61,1.07,
0,10.759,4350.83,39,7/22/2026 11:51:43,16.5,0,24.61,1.17,
0,10.673,4425.83,39,7/22/2026 11:51:47,16.5,0,24.61,1.17,
0,10.612,4342.5,39,7/22/2026 11:51:52,16.5,0,24.6,1.33,
0,10.56,4235.83,39,7/22/2026 11:51:56,16.5,0,24.59,1.11,
0,10.658,4148.33,39,7/22/2026 11:52:01,16.5,0,24.47,1.34,
0,10.818,4100,39,7/22/2026 11:52:06,16.5,0,24.47,1.03,
0,10.818,4100,39,7/22/2026 11:52:06,16.5,0,24.47,1.03,
0,10.738,4139.17,39,7/22/2026 11:52:10,16.5,0,24.6,0.81,
0,10.641,4147.5,39,7/22/2026 11:52:14,16.5,0,24.5,1.37,
0,10.664,4201.67,39,7/22/2026 11:52:18,16.5,0,24.6,1.49,
0,10.661,4335,39,7/22/2026 11:52:22,16.5,0,24.61,1.18,
0,10.661,4335,39,7/22/2026 11:52:23,16.5,0,24.61,1.18,
0,10.753,4478.33,39,7/22/2026 11:52:27,16.5,0,24.74,1.12,
0,10.774,4546.67,39,7/22/2026 11:52:31,16.5,0,24.73,1.45,
0,10.71,5202.5,38.5,7/22/2026 11:52:35,16.5,0,25.12,1.34,
0,10.712,5444.17,38.5,7/22/2026 11:52:40,16.5,0,25.11,1.29,
0,10.867,5614.17,38.5,7/22/2026 11:52:40,16.5,0,25.11,1.29,
0,10.908,5828.33,38.5,7/22/2026 11:52:44,16.5,0,25.29,1.06,
0,11.188,6091.67,38.6,7/22/2026 11:52:54,16.5,0,25.55,0.82,
0,11.082,6113.33,38.9,7/22/2026 11:52:56,16.5,0,25.44,1.47,
0,11.337,6736.67,39,7/22/2026 11:53:01,16.5,0,25.68,1.25,
0,11.529,6898.33,39,7/22/2026 11:53:05,16.5,0,25.57,1.37,
0,11.203,6174.17,39,7/22/2026 11:53:09,16.5,0,25.45,0.95,
0,11.866,7195,39.2,7/22/2026 11:53:14,16.5,0,25.51,1.25,
0,11.92,6665.83,39.5,7/22/2026 11:53:19,16.5,0,25.51,1.36,
0,12.401,7425.83,39.6,7/22/2026 11:53:23,16.5,0,25.72,0.99,
0,12.127,7270,40.1,7/22/2026 11:53:28,16.5,0,25.17,1.39,
0,12.482,7169.17,40.1,7/22/2026 11:53:32,16.5,0,25.41,1.19,
0,12.482,7169.17,40.1,7/22/2026 11:53:32,16.5,0,25.41,1.19,
0,12.398,6943.33,40.5,7/22/2026 11:53:36,16.5,0,25.58,1.28,
0,11.947,5490.83,40.6,7/22/2026 11:53:41,16.5,0,25.03,1.49,
0,11.901,5471.67,40.6,7/22/2026 11:53:46,16.5,0,25.03,0.83,
0,12.037,5280,41.1,7/22/2026 11:53:50,16.5,0,24.87,1.34,
0,12,5314.17,41.1,7/22/2026 11:53:56,16.5,0,25.04,1.46,
0,11.844,4613.33,41.1,7/22/2026 11:54:00,16.5,0,24.7,0.89,
0,11.935,4230.83,41.1,7/22/2026 11:54:04,16.5,0,24.44,1.46,
0,11.835,4100,41,7/22/2026 11:54:09,16.5,0,24.41,1.07,
0,11.814,4065.83,40.6,7/22/2026 11:54:13,16.5,0,24.46,1.47,
0,11.823,3918.33,40.6,7/22/2026 11:54:18,16.5,0,24.12,1.47,
0,11.786,3967.5,40.6,7/22/2026 11:54:18,16.5,0,24.12,1.47,
0,11.803,3884.17,40.3,7/22/2026 11:54:24,16.5,0,24.44,1.04,
0,11.803,3884.17,40.3,7/22/2026 11:54:24,16.5,0,24.44,1.04,
0,11.873,3821.67,40.1,7/22/2026 11:54:31,16.5,0,24.38,1.18,
0,11.825,3740.83,40.1,7/22/2026 11:54:35,16.5,0,24.2,1.39,
0,11.855,3715.83,40.1,7/22/2026 11:54:39,16.5,0,24.29,1.18,
0,11.721,3765,40.1,7/22/2026 11:54:43,16.5,0,24.17,1.37,
0,11.609,3761.67,39.6,7/22/2026 11:54:49,16.5,0,24.32,1.49,
0,11.315,3616.67,39.5,7/22/2026 11:54:54,16.5,0,24.12,1.47,
0,11.315,3616.67,39.5,7/22/2026 11:54:58,16.5,0,24.17,1.38,
0,11.099,3494.17,39.5,7/22/2026 11:55:03,16.5,0,24.2,1.43,
0,11.096,3461.67,39,7/22/2026 11:55:07,16.5,0,24.06,1.43,
0,11.159,3439.17,39,7/22/2026 11:55:11,16.5,0,24.27,0.91,
0,11.225,3404.17,39,7/22/2026 11:55:16,16.5,0,24.2,1.43,
0,11.096,3362.5,38.7,7/22/2026 11:55:21,16.5,0,24.2,1.3,
0,11.296,3342.5,38.5,7/22/2026 11:55:25,16.5,0,23.9,1.17,
0,11.123,3352.5,38.5,7/22/2026 11:55:30,16.5,0,24.17,1.03,
0,11.37,3359.17,38.5,7/22/2026 11:55:34,16.5,0,24.06,1.35,
0,11.209,3335,38.5,7/22/2026 11:55:39,16.5,0,24.13,1.4,
0,11.229,3331.67,38.5,7/22/2026 11:55:43,16.5,0,24.14,0.86,
0,11.221,3330,38.5,7/22/2026 11:55:47,16.5,0,24.36,1.45,
0,11.081,3326.67,38.5,7/22/2026 11:55:47,16.5,0,24.36,1.45,
0,11.131,3339.17,38.5,7/22/2026 11:55:52,16.5,0,24.17,1.29,
0,11.236,3352.5,38,7/22/2026 11:55:56,16.5,0,24.2,0.81,
0,11.018,3372.5,38,7/22/2026 11:56:00,16.5,0,24.24,1.3,
0,10.988,3404.17,38,7/22/2026 11:56:04,16.5,0,24.32,1.46,
0,10.931,3500,38,7/22/2026 11:56:08,16.5,0,24.27,0.96,
0,11.071,3560.83,38,7/22/2026 11:56:13,16.5,0,24.36,1.27,
0,11.016,3604.17,37.9,7/22/2026 11:56:17,16.5,0,24.54,1.05,
0,11.06,3654.17,37.4,7/22/2026 11:56:21,16.5,0,24.4,0.8,
0,11.079,3690.83,37.4,7/22/2026 11:56:26,16.5,0,24.47,1.12,
0,10.98,3678.33,37.4,7/22/2026 11:56:26,16.5,0,24.47,1.12,
0,10.972,3692.5,37.4,7/22/2026 11:56:31,16.5,0,24.41,1.05,
0,11.038,3727.5,37.4,7/22/2026 11:56:35,16.5,0,24.47,1.07,
0,11.054,3763.33,37.4,7/22/2026 11:56:40,16.5,0,24.54,0.85,
0,11.087,3830.83,37.4,7/22/2026 11:56:40,16.5,0,24.54,0.85,
0,11.018,3987.5,37.4,7/22/2026 11:56:45,16.5,0,24.77,0.99,
0,10.974,3893.33,37.4,7/22/2026 11:56:49,16.5,0,24.51,1.47,
0,11.057,3849.17,37.4,7/22/2026 11:56:54,16.5,0,24.5,1.15,
0,10.915,3845.83,37.4,7/22/2026 11:56:54,16.5,0,24.5,1.15,
0,11.119,3837.5,37.4,7/22/2026 11:56:59,16.5,0,24.34,1.49,
0,11.012,3808.33,37.4,7/22/2026 11:57:04,16.5,0,24.5,0.97,
0,10.914,3808.33,37.4,7/22/2026 11:57:08,16.5,0,24.55,1.06,
0,11.018,3824.17,37.4,7/22/2026 11:57:12,16.5,0,24.46,1.47,
0,11.05,3832.5,37.4,7/22/2026 11:57:16,16.5,0,24.54,0.87,
0,11.088,3835,37.4,7/22/2026 11:57:20,16.5,0,24.59,0.93,
0,10.84,3839.17,37.4,7/22/2026 11:57:25,16.5,0,24.46,1.32,
0,11.003,3853.33,37.4,7/22/2026 11:57:29,16.5,0,24.47,0.91,
0,10.921,3862.5,37.4,7/22/2026 11:57:33,16.5,0,24.4,1.42,
0,11.075,3891.67,37.4,7/22/2026 11:57:37,16.5,0,24.54,1.22,
0,10.991,3915,37.4,7/22/2026 11:57:42,16.5,0,24.52,1.45,
0,10.92,3980.83,37.4,7/22/2026 11:57:46,16.5,0,24.54,0.94,
0,10.86,4023.33,37.4,7/22/2026 11:57:50,16.5,0,24.29,0.88,
0,10.917,4002.5,37.4,7/22/2026 11:57:55,16.5,0,24.58,1.01,
0,10.901,3991.67,37.4,7/22/2026 11:57:59,16.5,0,24.44,0.9,
0,10.925,3951.67,38,7/22/2026 11:58:03,16.5,0,24.3,1.27,
0,11.084,3944.17,38,7/22/2026 11:58:08,16.5,0,24.44,0.81,
0,11.001,3980.83,38,7/22/2026 11:58:12,16.5,0,24.69,1.11,
0,10.888,4058.33,38,7/22/2026 11:58:16,16.5,0,24.66,1.16,
0,11.088,4066.67,38,7/22/2026 11:58:21,16.5,0,24.56,1.3,
0,10.953,4070,38,7/22/2026 11:58:25,16.5,0,24.63,1.42,
0,11.022,4112.5,38,7/22/2026 11:58:30,16.5,0,24.54,0.81,
0,11.015,4158.33,38,7/22/2026 11:58:34,16.5,0,24.6,0.82,
0,11.165,4120,38,7/22/2026 11:58:38,16.5,0,24.6,0.8,
0,11.06,4042.5,38,7/22/2026 11:58:43,16.5,0,24.48,1.26,
0,10.913,4057.5,38,7/22/2026 11:58:47,16.5,0,24.6,1.27,
0,11.058,4121.67,38,7/22/2026 11:58:51,16.5,0,24.68,1,
0,11.041,4156.67,38,7/22/2026 11:58:55,16.5,0,24.58,1.12,
0,10.97,4330,38,7/22/2026 11:58:59,16.5,0,24.69,1.34,
0,10.916,4412.5,38,7/22/2026 11:59:04,16.5,0,24.71,0.92,
0,11.031,4327.5,38.3,7/22/2026 11:59:09,16.5,0,24.71,0.88,
0,11.053,4370,38.5,7/22/2026 11:59:13,16.5,0,24.68,1.19,
0,11.016,4318.33,38.5,7/22/2026 11:59:18,16.5,0,24.73,1.03,
0,11.084,4266.67,38.5,7/22/2026 11:59:22,16.5,0,24.66,1.03,
0,10.911,4307.5,38.5,7/22/2026 11:59:26,16.5,0,24.6,1.34,
0,10.953,4412.5,38.5,7/22/2026 11:59:31,16.5,0,24.7,1.42,
0,11.114,4596.67,38.5,7/22/2026 11:59:36,16.5,0,24.73,1.29,
0,11.049,4525.83,38.6,7/22/2026 11:59:40,16.5,0,24.7,0.82,
0,10.962,4503.33,38.6,7/22/2026 11:59:44,16.5,0,24.24,0.86,
0,10.868,4660,38.7,7/22/2026 11:59:48,16.5,0,24.9,0.88,
0,11.012,5128.33,38.9,7/22/2026 11:59:53,16.5,0,25.06,1.27,
0,11.06,5080.83,39,7/22/2026 11:59:57,16.5,0,24.84,0.89,
0,11.012,4410,39,7/22/2026 12:00:01,16.5,0,24.69,1.46,
0,10.96,4424.17,39,7/22/2026 12:00:06,16.5,0,24.66,0.85,
0,10.923,4545,39,7/22/2026 12:00:12,16.5,0,24.77,0.95,
0,10.95,4533.33,39,7/22/2026 12:00:16,16.5,0,24.74,0.8,
0,10.937,4491.67,39,7/22/2026 12:00:21,16.5,0,24.61,0.86,
0,10.969,4478.33,39,7/22/2026 12:00:21,16.5,0,24.61,0.86,
0,11.081,4354.17,39,7/22/2026 12:00:25,16.5,0,24.4,1.42,
0,11.092,4381.67,39,7/22/2026 12:00:31,16.5,0,24.58,0.81,
0,11.092,4381.67,39,7/22/2026 12:00:31,16.5,0,24.58,0.81,
0,11.025,4464.17,39,7/22/2026 12:00:35,16.5,0,24.77,1.39,
0,10.942,4442.5,39,7/22/2026 12:00:40,16.5,0,24.63,1.35,
0,10.995,4331.67,39,7/22/2026 12:00:44,16.5,0,24.68,1.3,
0,11.014,4341.67,39,7/22/2026 12:00:48,16.5,0,24.63,0.84,
0,11.053,4326.67,39,7/22/2026 12:00:52,16.5,0,24.61,1.03,
0,11.045,4246.67,39,7/22/2026 12:00:57,16.5,0,24.36,0.84,
0,10.957,4250,39,7/22/2026 12:01:01,16.5,0,24.63,1.3,
0,11.039,4187.5,39,7/22/2026 12:01:06,16.5,0,24.49,1.39,
0,11.075,4160.83,39,7/22/2026 12:01:10,16.5,0,24.52,1.48,
0,10.991,4095,38.9,7/22/2026 12:01:15,16.5,0,24.58,1.45,
0,11.026,4058.33,38.7,7/22/2026 12:01:19,16.5,0,24.46,0.83,
0,11.015,4049.17,38.7,7/22/2026 12:01:23,16.5,0,24.12,1.27,
0,11.023,4012.5,38.6,7/22/2026 12:01:28,16.5,0,24.39,1.16,
0,10.972,4015,38.6,7/22/2026 12:01:33,16.5,0,24.5,1.41,
0,10.994,4037.5,38.6,7/22/2026 12:01:38,16.5,0,24.46,1.34,
0,11.006,4070,38.8,7/22/2026 12:01:43,16.5,0,24.47,1.41,
0,11.01,4053.33,38.7,7/22/2026 12:01:43,16.5,0,24.47,1.41,
0,11.131,4105.83,38.7,7/22/2026 12:01:47,16.5,0,24.47,0.88,
0,10.959,4141.67,38.7,7/22/2026 12:01:51,16.5,0,24.5,1.31,
0,11.057,4190.83,38.6,7/22/2026 12:01:56,16.5,0,24.46,1.26,
0,11.072,4285.83,38.6,7/22/2026 12:02:00,16.5,0,24.67,0.96,
0,11.081,4526.67,38.6,7/22/2026 12:02:05,16.5,0,24.81,1.43,
0,11.06,4639.17,38.9,7/22/2026 12:02:09,16.5,0,24.79,1.19,
0,11.047,4733.33,39,7/22/2026 12:02:13,16.5,0,25.17,0.99,
0,10.913,4815,39,7/22/2026 12:02:14,16.5,0,25.17,0.99,
0,11.137,4895,39,7/22/2026 12:02:18,16.5,0,25.07,1.03,
0,11.143,5367.5,39,7/22/2026 12:02:22,16.5,0,25.29,1.21,
0,11.162,5391.67,39,7/22/2026 12:02:27,16.5,0,25.41,1.29,
0,11.617,5930,39,7/22/2026 12:02:31,16.5,0,25.38,0.94,
0,11.429,5537.5,39.3,7/22/2026 12:02:31,16.5,0,25.38,0.94,
0,11.746,6169.17,39.5,7/22/2026 12:02:35,16.5,0,25.65,0.8,
0,12.039,6360,39.5,7/22/2026 12:02:39,16.5,0,25.82,1.22,
0,11.772,6140,39.5,7/22/2026 12:02:43,16.5,0,25.67,1.07,
0,11.384,5398.33,40.1,7/22/2026 12:02:47,16.5,0,25.19,1.42,
0,11.379,5558.33,40.1,7/22/2026 12:02:52,16.5,0,24.9,1.42,
0,11.673,5896.67,40.1,7/22/2026 12:02:56,16.5,0,25.52,0.88,
0,11.644,5868.33,40.1,7/22/2026 12:03:00,16.5,0,25.57,1.4,
0,11.996,5996.67,40.6,7/22/2026 12:03:04,16.5,0,25.52,1.39,
0,11.985,5866.67,40.6,7/22/2026 12:03:08,16.5,0,25.28,1.32,
0,11.682,4452.5,40.7,7/22/2026 12:03:13,16.5,0,24.69,1.26,
0,11.622,4154.17,41.1,7/22/2026 12:03:17,16.5,0,24.71,0.81,
0,11.614,4028.33,41.1,7/22/2026 12:03:21,16.5,0,24.73,0.86,
0,11.614,4028.33,41.1,7/22/2026 12:03:26,16.5,0,24.42,0.98,
0,11.698,3956.67,41.1,7/22/2026 12:03:30,16.5,0,24.46,1.48,
0,11.708,3937.5,41.1,7/22/2026 12:03:35,16.5,0,24.46,0.82,
0,11.494,3957.5,41.1,7/22/2026 12:03:35,16.5,0,24.46,0.82,
0,11.688,4000,41.1,7/22/2026 12:03:40,16.5,0,24.5,1.2,
0,11.574,3889.17,41.1,7/22/2026 12:03:45,16.5,0,24.4,1.07,
0,11.679,3825,41.1,7/22/2026 12:03:49,16.5,0,24.37,0.89,
0,11.633,3709.17,41.1,7/22/2026 12:03:54,16.5,0,24.29,0.85,
0,11.776,3715.83,41.1,7/22/2026 12:03:59,16.5,0,24.31,1.41,
0,11.663,3969.17,41.1,7/22/2026 12:04:03,16.5,0,24.4,1.17,
0,11.645,3581.67,41.1,7/22/2026 12:04:08,16.5,0,24.31,1.48,
0,11.162,3442.5,41.1,7/22/2026 12:04:13,16.5,0,23.87,1.33,
0,11.12,3395,40.8,7/22/2026 12:04:17,16.5,0,24.1,1,
0,10.746,3314.17,40.6,7/22/2026 12:04:25,16.5,0,24.09,0.86,
0,10.537,3255.83,40.6,7/22/2026 12:04:29,16.5,0,24.01,1.48,
0,10.299,3186.67,40.1,7/22/2026 12:04:36,16.5,0,24.03,1.21,
0,10.135,3183.33,40.1,7/22/2026 12:04:41,16.5,0,24.1,1.14,
0,10.027,3157.5,39.6,7/22/2026 12:04:45,16.5,0,24.03,1.07,
0,10.086,3151.67,39.5,7/22/2026 12:04:50,16.5,0,24.14,1.08,
0,10.083,3151.67,39.5,7/22/2026 12:04:54,16.5,0,24.16,1.22,
0,10.117,3160,39.5,7/22/2026 12:04:59,16.5,0,24.07,0.8,
0,10.081,3168.33,39.5,7/22/2026 12:05:03,16.5,0,23.72,1.02,
0,10.044,3179.17,39.5,7/22/2026 12:05:08,16.5,0,24.2,1,
0,9.958,3251.67,39.1,7/22/2026 12:05:12,16.5,0,24.07,1.21,
0,10.147,3226.67,39,7/22/2026 12:05:17,16.5,0,24.2,0.9,
0,10.061,3225,39,7/22/2026 12:05:22,16.5,0,24.12,1.15,
0,9.987,3214.17,39,7/22/2026 12:05:22,16.5,0,24.12,1.15,
0,9.992,3212.5,39,7/22/2026 12:05:27,16.5,0,24.2,0.87,
0,10.006,3216.67,39,7/22/2026 12:05:32,16.5,0,24.2,1.23,
0,9.962,3213.33,39,7/22/2026 12:05:37,16.5,0,24.1,1.28,
0,9.883,3238.33,39,7/22/2026 12:05:42,16.5,0,24.39,1.18,
0,9.926,3255.83,38.9,7/22/2026 12:05:46,16.5,0,24.22,0.99,
0,9.941,3286.67,38.6,7/22/2026 12:05:50,16.5,0,24.14,1.12,
0,10.048,3302.5,38.5,7/22/2026 12:05:54,16.5,0,24.23,1.41,
0,9.903,3347.5,38.5,7/22/2026 12:05:59,16.5,0,23.95,1.36,
0,9.923,3402.5,38.5,7/22/2026 12:06:03,16.5,0,24.28,1.42,
0,9.957,3444.17,38.5,7/22/2026 12:06:08,16.5,0,24.22,1.12,
0,9.968,3487.5,38.5,7/22/2026 12:06:12,16.5,0,24.25,1.16,
0,9.952,3565.83,38.5,7/22/2026 12:06:16,16.5,0,24.26,1.45,
0,10.08,3608.33,38.5,7/22/2026 12:06:20,16.5,0,24.31,1.1,
0,10.032,3677.5,38.5,7/22/2026 12:06:25,16.5,0,24.3,1.42,
0,9.986,3740.83,38.5,7/22/2026 12:06:29,16.5,0,24.3,0.87,
0,10.063,3775,38.5,7/22/2026 12:06:34,16.5,0,24.44,1.2,
0,9.837,3821.67,38.5,7/22/2026 12:06:34,16.5,0,24.44,1.2,
0,9.903,3881.67,38.5,7/22/2026 12:06:39,16.5,0,24.37,1.19,
0,10.036,3941.67,38.5,7/22/2026 12:06:43,16.5,0,24.49,1.16,
0,10.146,4021.67,38.5,7/22/2026 12:06:47,16.5,0,24.53,1.37,
0,10.11,4070,38.4,7/22/2026 12:06:53,16.5,0,24.52,1.22,
0,10.131,4356.67,38.5,7/22/2026 12:06:57,16.5,0,24.79,1.02,
0,10.138,4769.17,38.5,7/22/2026 12:07:02,16.5,0,25.19,1.21,
0,10.534,5586.67,38.5,7/22/2026 12:07:06,16.5,0,25.51,1.45,
0,10.283,5228.33,38.5,7/22/2026 12:07:10,16.5,0,25.36,0.99,
0,10.988,5915.83,38.7,7/22/2026 12:07:15,16.5,0,25.87,1.2,
0,10.588,5640.83,39,7/22/2026 12:07:19,16.5,0,25.46,0.83,
0,10.214,5198.33,39,7/22/2026 12:07:24,16.5,0,25.16,1.14,
0,10.287,5154.17,39.5,7/22/2026 12:07:28,16.5,0,25.38,1.39,
0,11.068,6021.67,39.5,7/22/2026 12:07:32,16.5,0,25.68,1.11,
0,10.941,5944.17,39.5,7/22/2026 12:07:36,16.5,0,25.76,1.39,
0,11.414,6387.5,40.1,7/22/2026 12:07:40,16.5,0,25.81,0.98,
0,11.122,6196.67,40.1,7/22/2026 12:07:44,16.5,0,25.39,0.95,
0,10.734,5633.33,40.1,7/22/2026 12:07:49,16.5,0,25.36,1.21,
0,10.324,5024.17,40.1,7/22/2026 12:07:53,16.5,0,25.22,1.46,
0,10.264,4670.83,40.1,7/22/2026 12:07:58,16.5,0,24.91,1.39,
0,10.343,4426.67,40.1,7/22/2026 12:08:03,16.5,0,24.5,1.29,
0,10.358,4349.17,40.1,7/22/2026 12:08:07,16.5,0,24.66,0.8,
0,10.324,4212.5,40.1,7/22/2026 12:08:12,16.5,0,24.59,1.02,
0,10.3,4167.5,40.1,7/22/2026 12:08:16,16.5,0,24.55,1.46,
0,10.409,4134.17,40.1,7/22/2026 12:08:16,16.5,0,24.55,1.46,
0,10.395,4089.17,40.1,7/22/2026 12:08:20,16.5,0,24.54,1.19,
0,10.421,4054.17,40.1,7/22/2026 12:08:24,16.5,0,24.41,1.22,
0,10.423,4003.33,40.1,7/22/2026 12:08:29,16.5,0,24.74,1.01,
0,10.423,4003.33,40.1,7/22/2026 12:08:29,16.5,0,24.74,1.01,
0,10.527,4004.17,40.1,7/22/2026 12:08:33,16.5,0,24.25,1.17,
0,10.589,4053.33,39.7,7/22/2026 12:08:37,16.5,0,24.64,1.35,
0,10.558,4095,39.5,7/22/2026 12:08:41,16.5,0,24.34,0.89,
0,10.575,4325,39.5,7/22/2026 12:08:45,16.5,0,24.7,1.12,
0,10.639,4664.17,39.5,7/22/2026 12:08:49,16.5,0,25.07,1.25,
0,10.606,4423.33,39.5,7/22/2026 12:08:54,16.5,0,24.79,1.31,
0,10.591,4450.83,39.5,7/22/2026 12:08:58,16.5,0,24.89,1.23,
0,10.522,4635,39.5,7/22/2026 12:09:02,16.5,0,24.98,1.46,
0,10.624,4740.83,39.5,7/22/2026 12:09:06,16.5,0,25.07,1.13,
0,10.598,4655,39.5,7/22/2026 12:09:11,16.5,0,24.82,1.45,
0,10.635,4211.67,39.5,7/22/2026 12:09:15,16.5,0,24.71,1.31,
0,10.639,3992.5,39.7,7/22/2026 12:09:20,16.5,0,24.38,0.9,
0,10.518,3916.67,39.9,7/22/2026 12:09:24,16.5,0,23.89,0.84,
0,10.642,3755.83,39.9,7/22/2026 12:09:29,16.5,0,24.22,1.21,
0,10.713,3686.67,39.6,7/22/2026 12:09:33,16.5,0,24.26,1.28,
0,10.842,3645,39.5,7/22/2026 12:09:37,16.5,0,24.38,0.85,
0,10.772,3583.33,39.5,7/22/2026 12:09:42,16.5,0,24.25,1.19,
0,10.87,3553.33,39.5,7/22/2026 12:09:46,16.5,0,24.12,1.3,
0,10.809,3490.83,39.5,7/22/2026 12:09:50,16.5,0,23.81,0.92,
0,10.805,3485.83,39.5,7/22/2026 12:09:55,16.5,0,24.12,0.86,
0,10.767,3468.33,39.5,7/22/2026 12:09:55,16.5,0,24.12,0.86,
0,10.85,3460,39.5,7/22/2026 12:09:59,16.5,0,24.2,0.86,
0,10.806,3419.17,39.5,7/22/2026 12:10:03,16.5,0,24.12,0.97,
0,10.836,3407.5,39.5,7/22/2026 12:10:08,16.5,0,24.11,1.09,
0,10.782,3416.67,39.5,7/22/2026 12:10:12,16.5,0,23.77,0.89,
0,10.816,3443.33,39.3,7/22/2026 12:10:18,16.5,0,24.28,1.45,
0,10.91,3485,39.1,7/22/2026 12:10:22,16.5,0,24.25,1.24,
0,10.959,3474.17,39.1,7/22/2026 12:10:27,16.5,0,24.26,0.99,
0,10.897,3109.17,39.3,7/22/2026 12:10:31,16.5,0,23.93,1.12,
0,10.977,3040,39.4,7/22/2026 12:10:35,16.5,0,23.85,1.41,
0,10.933,2917.5,39.2,7/22/2026 12:10:40,16.5,0,23.51,1.25,
0,10.905,2824.17,39.1,7/22/2026 12:10:45,16.5,0,23.48,0.99,
0,10.822,2781.67,39,7/22/2026 12:10:49,16.5,0,23.77,1.16,
0,10.681,2714.17,39,7/22/2026 12:10:53,16.5,0,23.44,0.89,
0,10.661,2685,39,7/22/2026 12:10:58,16.5,0,23.63,0.99,
0,10.773,2637.5,39,7/22/2026 12:11:05,16.5,0,23.74,1.27,
0,10.932,2615,39,7/22/2026 12:11:05,16.5,0,23.74,1.27,
0,10.932,2615,39,7/22/2026 12:11:10,16.5,0,23.63,0.84,
0,11.682,2560.83,39,7/22/2026 12:11:15,16.5,0,23.51,1.41,
0,10.801,2541.67,39,7/22/2026 12:11:19,16.5,0,23.74,1.46,
0,10.835,2525,39,7/22/2026 12:11:19,16.5,0,23.74,1.46,
0,10.675,2487.5,39,7/22/2026 12:11:23,16.5,0,23.81,1.12,
0,10.696,2488.33,39,7/22/2026 12:11:27,16.5,0,23.68,1.46,
0,10.739,2495.83,39,7/22/2026 12:11:31,16.5,0,23.42,1.27,
0,10.731,2506.67,39,7/22/2026 12:11:35,16.5,0,23.28,1.17,
0,10.546,2532.5,38.6,7/22/2026 12:11:40,16.5,0,23.82,1.14,
0,10.694,2552.5,38.5,7/22/2026 12:11:45,16.5,0,23.87,0.97,
0,10.81,2595.83,38.5,7/22/2026 12:11:52,16.5,0,23.96,1.06,
0,10.753,2666.67,38.5,7/22/2026 12:11:57,16.5,0,23.9,1.12,
0,10.699,2701.67,38.5,7/22/2026 12:12:01,16.5,0,23.77,1.19,
0,10.672,2772.5,38,7/22/2026 12:12:05,16.5,0,23.95,0.95,
0,10.672,2772.5,38,7/22/2026 12:12:05,16.5,0,23.95,0.95,
0,10.786,2808.33,38,7/22/2026 12:12:09,16.5,0,24.07,1.32,
0,10.799,2932.5,38,7/22/2026 12:12:14,16.5,0,24.14,0.88,
0,10.799,2932.5,38,7/22/2026 12:12:14,16.5,0,24.14,0.88,
0,10.717,2936.67,38,7/22/2026 12:12:19,16.5,0,24.19,0.88,
0,10.846,2948.33,38,7/22/2026 12:12:23,16.5,0,24.11,1.1,
0,10.756,2995.83,38,7/22/2026 12:12:27,16.5,0,24.2,1.2,
0,10.854,3089.17,38,7/22/2026 12:12:32,16.5,0,24.3,0.81,
0,10.695,3179.17,38,7/22/2026 12:12:36,16.5,0,24.34,1.43,
0,10.813,3219.17,38,7/22/2026 12:12:41,16.5,0,24.4,1.48,
0,10.897,3273.33,38,7/22/2026 12:12:41,16.5,0,24.4,1.48,
0,10.826,3366.67,38,7/22/2026 12:12:46,16.5,0,24.58,1.25,
0,10.744,3736.67,38,7/22/2026 12:12:51,16.5,0,24.71,1.32,
0,10.765,3642.5,38,7/22/2026 12:12:57,16.5,0,24.67,0.88,
0,10.89,3752.5,38,7/22/2026 12:13:01,16.5,0,24.88,1.24,
0,10.871,3737.5,38,7/22/2026 12:13:06,16.5,0,24.68,0.85,
0,10.685,3781.67,38,7/22/2026 12:13:10,16.5,0,24.68,1.11,
0,10.76,3815.83,38,7/22/2026 12:13:15,16.5,0,24.79,1.44,
0,10.809,4003.33,38,7/22/2026 12:13:19,16.5,0,24.98,1.2,
0,10.786,4035,38,7/22/2026 12:13:23,16.5,0,24.79,1.21,
0,10.726,3990,38,7/22/2026 12:13:28,16.5,0,24.69,1.37,
0,10.735,3977.5,38,7/22/2026 12:13:32,16.5,0,24.71,0.92,
0,10.751,4002.5,38,7/22/2026 12:13:32,16.5,0,24.71,0.92,
0,10.715,4027.5,38,7/22/2026 12:13:37,16.5,0,24.78,1.1,
0,10.874,4102.5,38,7/22/2026 12:13:41,16.5,0,24.51,1.39,
0,10.615,4110,38,7/22/2026 12:13:41,16.5,0,24.51,1.39,
0,10.723,4124.17,38,7/22/2026 12:13:46,16.5,0,24.61,1.1,
0,10.725,4159.17,38,7/22/2026 12:13:50,16.5,0,24.78,0.94,
0,10.725,4159.17,38,7/22/2026 12:13:55,16.5,0,24.83,1.45,
0,10.725,4313.33,38,7/22/2026 12:13:59,16.5,0,24.84,1.47,
0,10.705,4294.17,38,7/22/2026 12:14:04,16.5,0,24.86,1.19,
0,10.609,4259.17,38,7/22/2026 12:14:04,16.5,0,24.86,1.19,
0,10.655,4260,38,7/22/2026 12:14:09,16.5,0,24.6,1.07,
0,10.647,4325.83,38,7/22/2026 12:14:13,16.5,0,24.79,0.99,
0,10.586,4358.33,38,7/22/2026 12:14:17,16.5,0,24.81,0.83,
0,10.747,4467.5,38,7/22/2026 12:14:22,16.5,0,24.75,1.26,
0,10.807,4780,38,7/22/2026 12:14:26,16.5,0,25.35,1.24,
0,11.736,5817.5,38,7/22/2026 12:14:31,16.5,0,25.59,1.28,
0,12.326,6294.17,38.5,7/22/2026 12:14:36,16.5,0,25.87,1.08,
0,12.326,6294.17,38.5,7/22/2026 12:14:36,16.5,0,25.87,1.08,
0,12.355,6293.33,38.5,7/22/2026 12:14:41,16.5,0,25.89,1.39,
0,12.349,6195.83,39,7/22/2026 12:14:46,16.5,0,25.84,1.12,
0,12.294,6145,39.1,7/22/2026 12:14:50,16.5,0,25.76,1.01,
0,12.347,6129.17,39.5,7/22/2026 12:14:50,16.5,0,25.76,1.01,
0,12.451,6170,39.5,7/22/2026 12:14:54,16.5,0,25.75,1.09,
0,12.303,6119.17,39.5,7/22/2026 12:14:59,16.5,0,25.65,0.8,
0,12.028,5711.67,40.1,7/22/2026 12:15:03,16.5,0,25.36,0.92,
0,11.558,5133.33,40.1,7/22/2026 12:15:08,16.5,0,25.3,1.2,
0,11.672,5308.33,40.2,7/22/2026 12:15:08,16.5,0,25.3,1.2,
0,12.127,5844.17,40.6,7/22/2026 12:15:13,16.5,0,25.59,1.25,
0,11.981,5652.5,40.6,7/22/2026 12:15:17,16.5,0,25.25,0.84,
0,11.534,4788.33,40.6,7/22/2026 12:15:22,16.5,0,24.71,1.2,
0,11.728,4792.5,40.6,7/22/2026 12:15:27,16.5,0,24.98,1.1,
0,11.612,4179.17,40.6,7/22/2026 12:15:31,16.5,0,24.48,1.24,
0,11.596,4076.67,40.6,7/22/2026 12:15:36,16.5,0,24.36,1.42,
0,11.55,3933.33,40.6,7/22/2026 12:15:41,16.5,0,24.37,0.93,
0,11.48,3851.67,40.6,7/22/2026 12:15:45,16.5,0,24.11,1.04,
0,11.477,3705.83,40.3,7/22/2026 12:15:50,16.5,0,23.82,1.05,
0,11.524,3563.33,40.1,7/22/2026 12:15:54,16.5,0,24.2,1.19,
0,11.383,3516.67,40.1,7/22/2026 12:15:58,16.5,0,23.91,1.19,
0,11.488,3492.5,40.1,7/22/2026 12:15:59,16.5,0,23.91,1.19,
0,11.549,3465,40.1,7/22/2026 12:16:03,16.5,0,24.25,1.42,
0,11.643,3428.33,40.1,7/22/2026 12:16:08,16.5,0,24.11,1.35,
0,11.641,3422.5,40.1,7/22/2026 12:16:12,16.5,0,24.12,1.08,
0,11.609,3425,40.1,7/22/2026 12:16:16,16.5,0,23.95,1.36,
0,11.609,3425,40.1,7/22/2026 12:16:16,16.5,0,23.95,1.36,
0,11.516,3434.17,40.1,7/22/2026 12:16:20,16.5,0,24.27,1.37,
0,11.368,3413.33,40,7/22/2026 12:16:25,16.5,0,24.12,0.97,
0,11.493,3420,39.9,7/22/2026 12:16:29,16.5,0,24.19,1.46,
0,11.413,3426.67,39.5,7/22/2026 12:16:33,16.5,0,24.36,0.91,
0,11.327,3579.17,39.5,7/22/2026 12:16:37,16.5,0,24.47,0.94,
0,11.036,3496.67,39.5,7/22/2026 12:16:42,16.5,0,24.24,1.22,
0,10.729,3480,39,7/22/2026 12:16:48,16.5,0,24.39,0.89,
0,10.658,3540.83,39,7/22/2026 12:16:52,16.5,0,24.44,1.22,
0,10.654,3511.67,38.9,7/22/2026 12:16:56,16.5,0,24.44,1.47,
0,10.558,3520,38.5,7/22/2026 12:17:00,16.5,0,24.39,1.13,
0,10.612,3636.67,38.5,7/22/2026 12:17:05,16.5,0,24.57,1.38,
0,10.759,3847.5,38.5,7/22/2026 12:17:09,16.5,0,24.81,1.46,
0,10.735,4249.17,38.5,7/22/2026 12:17:14,16.5,0,25.63,1.08,
0,11.742,5350,39,7/22/2026 12:17:19,16.5,0,25.77,1.48,
0,11.575,5200.83,39,7/22/2026 12:17:23,16.5,0,25.78,1.29,
0,11.44,5107.5,39.5,7/22/2026 12:17:28,16.5,0,25.59,1.43,
0,10.917,4250.83,39.5,7/22/2026 12:17:32,16.5,0,25.03,1.27,
0,10.909,3926.67,40,7/22/2026 12:17:36,16.5,0,24.58,0.85,
0,10.985,3337.5,40.1,7/22/2026 12:17:41,16.5,0,24.43,1.47,
0,10.909,3258.33,40.1,7/22/2026 12:17:45,16.5,0,24.39,0.97,
0,10.832,3200.83,40.1,7/22/2026 12:17:45,16.5,0,24.39,0.97,
0,10.787,3115.83,40.1,7/22/2026 12:17:51,16.5,0,24.18,1.4,
0,10.763,3035,40.1,7/22/2026 12:17:56,16.5,0,24.31,0.89,
0,10.707,2976.67,40.1,7/22/2026 12:18:00,16.5,0,24.1,1.14,
0,10.799,2965,40.1,7/22/2026 12:18:04,16.5,0,24.23,1.21,
0,10.848,3009.17,39.6,7/22/2026 12:18:09,16.5,0,24.1,1.35,
0,10.801,3170.83,39.5,7/22/2026 12:18:13,16.5,0,24.4,1.19,
0,10.854,3253.33,39.6,7/22/2026 12:18:18,16.5,0,24.47,1.15,
0,10.828,3529.17,39.9,7/22/2026 12:18:23,16.5,0,24.72,1.13,
0,10.943,4291.67,40,7/22/2026 12:18:28,16.5,0,25.1,0.85,
0,10.846,4097.5,40.1,7/22/2026 12:18:34,16.5,0,24.9,0.94,
0,10.833,3745,40.1,7/22/2026 12:18:38,16.5,0,24.76,1.14,
0,10.894,3911.67,40.1,7/22/2026 12:18:48,16.5,0,24.6,1,
0,10.872,3920.83,40.4,7/22/2026 12:18:53,16.5,0,24.85,1.04,
0,10.872,3920.83,40.4,7/22/2026 12:18:53,16.5,0,24.85,1.04,
0,10.657,3850.83,40.6,7/22/2026 12:18:58,16.5,0,24.7,1.09,
0,10.911,4024.17,40.6,7/22/2026 12:19:02,16.5,0,24.68,1.48,
0,10.777,3853.33,40.6,7/22/2026 12:19:07,16.5,0,24.5,1.01,
0,10.799,3778.33,40.6,7/22/2026 12:19:11,16.5,0,24.3,1.13,
0,10.715,3612.5,40.6,7/22/2026 12:19:16,16.5,0,24.04,1.37,
0,10.676,3600.83,40.6,7/22/2026 12:19:16,16.5,0,24.04,1.37,
0,10.71,3575.83,40.6,7/22/2026 12:19:20,16.5,0,24.15,1.26,
0,10.804,3575,40.6,7/22/2026 12:19:24,16.5,0,23.69,1,
0,10.754,3573.33,40.6,7/22/2026 12:19:24,16.5,0,23.69,1,
0,10.866,3600,40.6,7/22/2026 12:19:28,16.5,0,24.17,1.43,
0,10.142,3676.67,40.6,7/22/2026 12:19:33,16.5,0,24.25,1.46,
0,10.142,3676.67,40.6,7/22/2026 12:19:33,16.5,0,24.25,1.46,
0,9.643,3930.83,40.6,7/22/2026 12:19:39,16.5,0,24.58,1.11,
0,9.717,3997.5,40.6,7/22/2026 12:19:43,16.5,0,24.53,1.23,
0,9.59,4198.33,40.6,7/22/2026 12:19:48,16.5,0,24.79,0.89,
0,9.583,4350,40.1,7/22/2026 12:19:53,16.5,0,24.84,0.86,
0,9.599,4413.33,40.1,7/22/2026 12:19:57,16.5,0,25.02,0.84,
0,9.645,4720,40.1,7/22/2026 12:20:01,16.5,0,25.16,0.92,
0,9.739,5303.33,40.1,7/22/2026 12:20:06,16.5,0,25.52,1.08,
0,9.827,5641.67,40.1,7/22/2026 12:20:10,16.5,0,25.49,1.31,
0,10.275,5607.5,40.4,7/22/2026 12:20:10,16.5,0,25.49,1.31,
0,10.018,5450,40.6,7/22/2026 12:20:14,16.5,0,25.32,1.29,
0,9.943,4900.83,40.6,7/22/2026 12:20:19,16.5,0,25.15,1.47,
0,9.697,5065,40.9,7/22/2026 12:20:24,16.5,0,25.25,1.22,
0,9.885,5238.33,41.1,7/22/2026 12:20:28,16.5,0,25.09,0.91,
0,9.802,4283.33,41.1,7/22/2026 12:20:33,16.5,0,24.43,1.34,
0,9.567,3735.83,41.6,7/22/2026 12:20:37,16.5,0,24.09,1.41,
0,9.617,3600,41.6,7/22/2026 12:20:42,16.5,0,24.02,1.02,
0,9.638,3340,41.6,7/22/2026 12:20:46,16.5,0,23.78,1.49,
0,9.784,3241.67,41.6,7/22/2026 12:20:51,16.5,0,23.73,1.22,
0,9.793,3156.67,41.6,7/22/2026 12:20:51,16.5,0,23.73,1.22,
0,9.772,3071.67,41.6,7/22/2026 12:20:55,16.5,0,23.68,1.23,
0,9.573,2915,41.1,7/22/2026 12:21:00,16.5,0,23.51,1.44,
0,9.562,2873.33,41.1,7/22/2026 12:21:04,16.5,0,23.44,1.28,
0,9.716,2778.33,41.1,7/22/2026 12:21:08,16.5,0,23.15,1.45,
0,9.587,2710.83,41.1,7/22/2026 12:21:13,16.5,0,23.48,0.86,
0,9.431,2613.33,40.6,7/22/2026 12:21:18,16.5,0,23.28,0.88,
0,9.331,2564.17,40.6,7/22/2026 12:21:23,16.5,0,23.15,0.99,
0,9.328,2570.83,40.1,7/22/2026 12:21:27,16.5,0,23.13,1.31,
0,9.186,2550,40.1,7/22/2026 12:21:32,16.5,0,23.26,0.94,
0,9.213,2520,39.5,7/22/2026 12:21:36,16.5,0,23.05,0.84,
0,9.193,2508.33,39.5,7/22/2026 12:21:44,16.5,0,23.11,1.15,
0,9.225,2499.17,39.4,7/22/2026 12:21:48,16.5,0,22.85,1.04,
0,9.088,2495,39.1,7/22/2026 12:21:52,16.5,0,23.12,1.33,
0,9.205,2476.67,39,7/22/2026 12:21:56,16.5,0,23.1,1.17,
0,9.205,2476.67,39,7/22/2026 12:21:57,16.5,0,23.1,1.17,
0,9.238,2453.33,39,7/22/2026 12:22:01,16.5,0,22.92,1.36,
0,9.236,2406.67,39,7/22/2026 12:22:06,16.5,0,23.23,1.47,
0,9.139,2382.5,39,7/22/2026 12:22:10,16.5,0,23.11,1.24,
0,9.379,2342.5,39,7/22/2026 12:22:15,16.5,0,22.84,1.26,
0,9.224,2327.5,39,7/22/2026 12:22:19,16.5,0,23.09,1.11,
0,9.221,2314.17,39,7/22/2026 12:22:23,16.5,0,22.75,1.18,
0,9.174,2314.17,39,7/22/2026 12:22:28,16.5,0,23.21,1.4,
0,9.146,2318.33,39,7/22/2026 12:22:28,16.5,0,23.21,1.4,
0,9.155,2332.5,39,7/22/2026 12:22:33,16.5,0,22.91,1.06,
0,9.137,2339.17,39,7/22/2026 12:22:38,16.5,0,23.23,1.31,
0,9.165,2360.83,39,7/22/2026 12:22:43,16.5,0,23.17,1.12,
0,9.078,2389.17,39,7/22/2026 12:22:48,16.5,0,23.28,1.07,
0,9.178,2405,39,7/22/2026 12:22:52,16.5,0,23.25,1.26,
0,9.072,2442.5,39,7/22/2026 12:22:58,16.5,0,23.35,1.2,
0,8.763,2474.17,38.7,7/22/2026 12:23:02,16.5,0,23.15,1.42,
0,8.571,2486.67,38.5,7/22/2026 12:23:07,16.5,0,23.45,1.46,
0,8.257,2539.17,38.5,7/22/2026 12:23:11,16.5,0,23.45,1.03,
0,7.7,2551.67,38.4,7/22/2026 12:23:16,16.5,0,23.33,1.08,
0,7,2633.33,38,7/22/2026 12:23:21,16.5,0,23.63,1.24,
0,7.026,2687.5,38,7/22/2026 12:23:25,16.5,0,23.65,0.9,
0,7.026,2687.5,38,7/22/2026 12:23:25,16.5,0,23.65,0.9,
0,6.908,2709.17,37.9,7/22/2026 12:23:29,16.5,0,23.6,1.39,
0,6.997,2762.5,37.4,7/22/2026 12:23:33,16.5,0,23.69,0.86,
0,6.966,2804.17,37.4,7/22/2026 12:23:38,16.5,0,23.74,0.8,
0,6.857,2838.33,37.4,7/22/2026 12:23:42,16.5,0,23.87,1.28,
0,6.98,2886.67,37.4,7/22/2026 12:23:47,16.5,0,23.81,1.46,
0,6.942,2948.33,37.4,7/22/2026 12:23:52,16.5,0,23.94,1.1,
0,6.995,2959.17,37.4,7/22/2026 12:23:56,16.5,0,23.98,1.44,
0,6.963,3029.17,37.4,7/22/2026 12:24:00,16.5,0,23.77,1.27,
0,6.902,3070,37.4,7/22/2026 12:24:05,16.5,0,23.92,1.1,
0,6.927,3145.83,37.4,7/22/2026 12:24:09,16.5,0,24.12,1.14,
0,6.875,3236.67,37.4,7/22/2026 12:24:14,16.5,0,24.18,1.3,
0,6.762,3298.33,37.4,7/22/2026 12:24:18,16.5,0,24.36,1.27,
0,6.889,3508.33,37.4,7/22/2026 12:24:23,16.5,0,24.4,1.38,
0,6.859,3716.67,37.4,7/22/2026 12:24:27,16.5,0,24.69,0.93,
0,6.775,3868.33,37.4,7/22/2026 12:24:32,16.5,0,24.5,1.2,
0,6.86,3777.5,37.4,7/22/2026 12:24:36,16.5,0,24.79,1.24,
0,6.934,3490,37.4,7/22/2026 12:24:40,16.5,0,24.28,0.96,
0,6.881,3285,37.4,7/22/2026 12:24:44,16.5,0,24.18,0.81,
0,6.874,3202.5,37.4,7/22/2026 12:24:49,16.5,0,23.93,0.8,
0,6.852,3140.83,37.5,7/22/2026 12:24:53,16.5,0,23.95,1.1,
0,6.628,3086.67,37.4,7/22/2026 12:24:58,16.5,0,23.99,0.81,
0,6.668,3070.83,37.5,7/22/2026 12:25:03,16.5,0,24.01,1,
0,6.587,3054.17,37.5,7/22/2026 12:25:03,16.5,0,24.01,1,
0,6.613,3040,37.4,7/22/2026 12:25:08,16.5,0,24,1.34,
0,6.542,3021.67,37.5,7/22/2026 12:25:12,16.5,0,23.71,0.92,
0,6.532,3026.67,37.8,7/22/2026 12:25:17,16.5,0,23.96,0.93,
0,6.513,3038.33,37.9,7/22/2026 12:25:22,16.5,0,23.9,1.15,
0,6.486,3044.17,37.9,7/22/2026 12:25:27,16.5,0,23.9,0.92,
0,6.504,3044.17,37.9,7/22/2026 12:25:31,16.5,0,23.9,0.95,
0,6.541,3031.67,37.9,7/22/2026 12:25:36,16.5,0,23.93,0.84,
0,6.535,2999.17,38,7/22/2026 12:25:40,16.5,0,24.01,0.85,
0,6.741,3013.33,37.9,7/22/2026 12:25:44,16.5,0,23.93,1.48,
0,6.565,2996.67,37.6,7/22/2026 12:25:49,16.5,0,23.91,1.41,
0,6.639,3003.33,37.4,7/22/2026 12:25:54,16.5,0,23.98,1.33,
0,6.586,2990.83,37.4,7/22/2026 12:25:54,16.5,0,23.98,1.33,
0,6.469,2991.67,37.4,7/22/2026 12:25:58,16.5,0,24.02,1.37,
0,6.561,2972.5,37.4,7/22/2026 12:26:03,16.5,0,23.81,1.26,
0,6.596,2968.33,37.5,7/22/2026 12:26:07,16.5,0,23.89,1.05,
0,6.575,2957.5,37.4,7/22/2026 12:26:11,16.5,0,23.99,1.13,
0,6.588,2920.83,37.4,7/22/2026 12:26:16,16.5,0,23.63,1.42,
0,6.55,2870.83,37.4,7/22/2026 12:26:21,16.5,0,23.86,1.33,
0,6.563,2840,37.5,7/22/2026 12:26:25,16.5,0,23.95,0.9,
0,6.584,2821.67,37.4,7/22/2026 12:26:25,16.5,0,23.95,0.9,
0,6.607,2780,37.4,7/22/2026 12:26:30,16.5,0,23.82,1.18,
0,6.624,2692.5,37.4,7/22/2026 12:26:34,16.5,0,23.8,1.1,
0,6.624,2692.5,37.4,7/22/2026 12:26:39,16.5,0,23.91,0.9,
0,6.689,2565.83,37.4,7/22/2026 12:26:43,16.5,0,23.66,1.07,
0,6.681,2511.67,37.4,7/22/2026 12:26:48,16.5,0,23.51,1.01,
0,6.566,2414.17,37.4,7/22/2026 12:26:52,16.5,0,23.51,1.39,
0,6.68,2325.83,37.4,7/22/2026 12:26:57,16.5,0,23.61,1.47,
0,6.628,2247.5,37.4,7/22/2026 12:27:02,16.5,0,23.43,1.11,
0,6.684,2217.5,37.4,7/22/2026 12:27:06,16.5,0,23.41,1.47,
0,6.68,2155.83,37.4,7/22/2026 12:27:10,16.5,0,23.43,1.45,
0,6.814,2127.5,37.4,7/22/2026 12:27:14,16.5,0,23.36,1.34,
0,6.671,2080,37.4,7/22/2026 12:27:18,16.5,0,23.46,0.97,
0,6.672,2051.67,37.4,7/22/2026 12:27:22,16.5,0,23.51,1.04,
0,6.745,2033.33,37.4,7/22/2026 12:27:23,16.5,0,23.51,1.04,
0,6.654,2010.83,37.4,7/22/2026 12:27:27,16.5,0,23.51,1.24,
0,6.695,1964.17,37.4,7/22/2026 12:27:31,16.5,0,23.33,1.32,
0,6.695,1964.17,37.4,7/22/2026 12:27:31,16.5,0,23.33,1.32,
0,6.678,1940.83,37.4,7/22/2026 12:27:36,16.5,0,23.48,1.34,
0,6.558,1904.17,37.4,7/22/2026 12:27:40,16.5,0,23.25,1.33,
0,6.651,1870.83,37.4,7/22/2026 12:27:45,16.5,0,23.13,0.93,
0,6.644,1865,37.4,7/22/2026 12:27:49,16.5,0,23.51,1.19,
0,6.699,1818.33,37.4,7/22/2026 12:27:53,16.5,0,23.3,1.18,
0,6.726,1785.83,37.4,7/22/2026 12:27:58,16.5,0,23.5,1.33,
0,6.657,1778.33,36.9,7/22/2026 12:28:02,16.5,0,23.59,1.11,
0,6.752,1742.5,36.9,7/22/2026 12:28:07,16.5,0,23.47,1.11,
0,6.598,1727.5,36.9,7/22/2026 12:28:11,16.5,0,23.42,1.27,
0,6.608,1689.17,36.9,7/22/2026 12:28:16,16.5,0,23.47,1.44,
0,6.732,1680.83,36.9,7/22/2026 12:28:21,16.5,0,23.51,1.23,
0,6.697,1655.83,36.5,7/22/2026 12:28:25,16.5,0,23.02,1.47,
0,6.764,1640.83,36.4,7/22/2026 12:28:29,16.5,0,23.65,1.12,
0,6.719,1635.83,36.4,7/22/2026 12:28:34,16.5,0,23.82,1.15,
0,6.781,1631.67,36.5,7/22/2026 12:28:38,16.5,0,23.43,1.05,
0,6.596,1631.67,36.7,7/22/2026 12:28:42,16.5,0,23.82,1.45,
0,6.705,1643.33,36.8,7/22/2026 12:28:47,16.5,0,23.81,1.02,
0,6.707,1669.17,36.8,7/22/2026 12:28:51,16.5,0,23.88,1.02,
0,6.749,1704.17,36.8,7/22/2026 12:28:55,16.5,0,23.91,0.85,
0,6.674,1778.33,36.7,7/22/2026 12:28:59,16.5,0,24.17,1.34,
0,6.542,1849.17,36.8,7/22/2026 12:29:04,16.5,0,24.31,1.39,
0,6.615,1930,36.8,7/22/2026 12:29:08,16.5,0,24.27,1.16,
0,6.733,1920,36.8,7/22/2026 12:29:08,16.5,0,24.27,1.16,
0,6.62,1851.67,36.9,7/22/2026 12:29:12,16.5,0,24.18,0.89,
0,6.62,1851.67,36.9,7/22/2026 12:29:16,16.5,0,23.95,1.04,
0,6.686,1824.17,36.9,7/22/2026 12:29:20,16.5,0,24.07,1.22,
0,6.615,1777.5,36.9,7/22/2026 12:29:24,16.5,0,23.99,1.48,
0,6.835,1743.33,36.9,7/22/2026 12:29:28,16.5,0,24.01,0.91,
0,6.858,1741.67,36.9,7/22/2026 12:29:32,16.5,0,23.9,1.09,
0,6.908,1734.17,36.9,7/22/2026 12:29:36,16.5,0,23.93,1.25,
0,6.84,1750,36.9,7/22/2026 12:29:41,16.5,0,23.91,1.27,
0,6.833,1753.33,36.9,7/22/2026 12:29:45,16.5,0,23.97,1.36,
0,6.983,1753.33,36.9,7/22/2026 12:29:51,16.5,0,24.03,1.35,
0,6.903,1759.17,36.9,7/22/2026 12:29:55,16.5,0,23.89,1.45,
0,6.812,1761.67,36.9,7/22/2026 12:29:55,16.5,0,23.89,1.45,
0,6.846,1773.33,36.9,7/22/2026 12:29:59,16.5,0,24.12,0.89,
0,6.936,1785,36.9,7/22/2026 12:30:03,16.5,0,23.99,1.01,
0,6.73,1795,36.9,7/22/2026 12:30:04,16.5,0,23.99,1.01,
0,6.826,1810,36.9,7/22/2026 12:30:08,16.5,0,23.98,0.94,
0,6.856,1838.33,36.9,7/22/2026 12:30:12,16.5,0,24.04,1.09,
0,6.875,1856.67,36.9,7/22/2026 12:30:16,16.5,0,24.09,1.29,
0,6.78,1893.33,36.9,7/22/2026 12:30:20,16.5,0,24.11,1.34,
0,6.725,1915,36.9,7/22/2026 12:30:24,16.5,0,24.1,1.05,
0,6.699,1938.33,36.9,7/22/2026 12:30:28,16.5,0,24.17,1.18,
0,6.754,1981.67,37.4,7/22/2026 12:30:33,16.5,0,24.22,1.43,
0,6.788,2002.5,37.4,7/22/2026 12:30:37,16.5,0,24.32,0.88,
0,6.779,2030,37.4,7/22/2026 12:30:41,16.5,0,24.41,0.81,
0,6.778,2086.67,37.4,7/22/2026 12:30:45,16.5,0,24.3,1.41,
0,6.794,2116.67,37.4,7/22/2026 12:30:50,16.5,0,24.4,0.8,
0,6.733,2171.67,37.4,7/22/2026 12:30:55,16.5,0,24.39,1.45,
0,6.802,2253.33,37.4,7/22/2026 12:30:59,16.5,0,24.47,0.81,
0,6.84,2285.83,37.4,7/22/2026 12:31:04,16.5,0,24.54,1.1,
0,6.88,2319.17,37.4,7/22/2026 12:31:04,16.5,0,24.54,1.1,
0,6.88,2319.17,37.4,7/22/2026 12:31:08,16.5,0,24.61,0.89,
0,6.757,2411.67,37.4,7/22/2026 12:31:13,16.5,0,24.79,1.22,
0,6.746,2465.83,37.4,7/22/2026 12:31:17,16.5,0,24.54,0.81,
0,6.746,2465.83,37.4,7/22/2026 12:31:17,16.5,0,24.54,0.81,
0,6.742,2469.17,37.4,7/22/2026 12:31:21,16.5,0,24.5,1.3,
0,6.827,2490,37.4,7/22/2026 12:31:25,16.5,0,24.6,1.19,
0,6.771,2508.33,37.4,7/22/2026 12:31:25,16.5,0,24.6,1.19,
0,6.753,2539.17,37.3,7/22/2026 12:31:30,16.5,0,24.53,1.33,
0,6.818,2591.67,37.2,7/22/2026 12:31:34,16.5,0,24.61,1.07,
0,6.866,2623.33,37.1,7/22/2026 12:31:34,16.5,0,24.61,1.07,
0,6.866,2633.33,37.1,7/22/2026 12:31:38,16.5,0,24.41,1.07,
0,6.797,2623.33,37.1,7/22/2026 12:31:42,16.5,0,24.44,1.26,
0,6.836,2615.83,37,7/22/2026 12:31:47,16.5,0,24.47,0.86,
0,6.827,2629.17,37,7/22/2026 12:31:51,16.5,0,24.53,1.3,
0,6.93,2678.33,36.9,7/22/2026 12:31:55,16.5,0,24.5,0.97,
0,6.716,2690,36.9,7/22/2026 12:31:59,16.5,0,24.46,1.08,
0,6.75,2720,36.9,7/22/2026 12:32:04,16.5,0,24.38,0.82,
0,6.553,2840,37,7/22/2026 12:32:08,16.5,0,24.6,0.84,
0,6.515,2794.17,37.4,7/22/2026 12:32:12,16.5,0,24.46,1.22,
0,6.568,2795.83,37.4,7/22/2026 12:32:17,16.5,0,24.26,0.99,
0,6.679,2854.17,37.4,7/22/2026 12:32:21,16.5,0,24.46,1.08,
0,6.56,2915.83,37.4,7/22/2026 12:32:25,16.5,0,24.66,1.45,
0,6.638,2961.67,37.4,7/22/2026 12:32:29,16.5,0,24.1,1.31,
0,6.692,2997.5,37.4,7/22/2026 12:32:29,16.5,0,24.1,1.31,
0,6.553,3040.83,37.4,7/22/2026 12:32:33,16.5,0,24.69,0.94,
0,6.659,3120,37.5,7/22/2026 12:32:38,16.5,0,24.66,1.15,
0,6.659,3120,37.5,7/22/2026 12:32:38,16.5,0,24.66,1.15,
0,6.624,3200,37.7,7/22/2026 12:32:42,16.5,0,24.7,1.08,
0,6.634,3173.33,37.9,7/22/2026 12:32:46,16.5,0,24.63,1.15,
0,6.651,3191.67,38,7/22/2026 12:32:50,16.5,0,24.6,1.2,
0,6.725,3161.67,38,7/22/2026 12:32:55,16.5,0,24.68,1.17,
0,6.56,3215.83,38,7/22/2026 12:32:59,16.5,0,24.76,1.2,
0,6.766,3192.5,38,7/22/2026 12:32:59,16.5,0,24.76,1.2,
0,6.659,3236.67,38,7/22/2026 12:33:05,16.5,0,24.78,0.8,
0,6.664,3325.83,37.5,7/22/2026 12:33:09,16.5,0,24.79,0.82,
0,6.71,3414.17,37.4,7/22/2026 12:33:14,16.5,0,24.85,1.21,
0,6.714,3466.67,37.4,7/22/2026 12:33:18,16.5,0,24.81,1.35,
0,6.722,3698.33,37.4,7/22/2026 12:33:22,16.5,0,25,0.85,
0,7.381,4383.33,37.4,7/22/2026 12:33:27,16.5,0,25.62,1.48,
0,6.941,4037.5,37.6,7/22/2026 12:33:31,16.5,0,25.52,0.85,
0,6.848,3919.17,38,7/22/2026 12:33:35,16.5,0,25.36,1.45,
0,7.219,4347.5,38,7/22/2026 12:33:39,16.5,0,25.48,1.03,
0,7.563,4590.83,38,7/22/2026 12:33:39,16.5,0,25.48,1.03,
0,7.899,5041.67,38,7/22/2026 12:33:44,16.5,0,25.98,1.14,
0,7.689,4869.17,38,7/22/2026 12:33:48,16.5,0,25.79,0.87,
0,7.654,4818.33,38,7/22/2026 12:33:48,16.5,0,25.79,0.87,
0,7.684,4943.33,38.5,7/22/2026 12:33:53,16.5,0,25.74,0.8,
0,7.28,4543.33,38.5,7/22/2026 12:33:57,16.5,0,25.4,0.91,
0,6.905,4328.33,38.5,7/22/2026 12:34:02,16.5,0,25.27,1.05,
0,6.84,4267.5,38.7,7/22/2026 12:34:07,16.5,0,24.95,0.86,
0,6.796,4237.5,39,7/22/2026 12:34:07,16.5,0,24.95,0.86,
0,6.854,4277.5,39,7/22/2026 12:34:12,16.5,0,25.19,0.91,
0,6.938,4328.33,39,7/22/2026 12:34:16,16.5,0,25.28,1.41,
0,7.028,4478.33,39,7/22/2026 12:34:16,16.5,0,25.28,1.41,
0,7.153,4700,39,7/22/2026 12:34:21,16.5,0,25.52,1.28,
0,7.499,4983.33,39,7/22/2026 12:34:26,16.5,0,25.57,1.07,
0,7.368,5027.5,39,7/22/2026 12:34:30,16.5,0,25.69,1.27,
0,8.06,5700,39,7/22/2026 12:34:35,16.5,0,26.11,0.83,
0,8.211,5880,39,7/22/2026 12:34:39,16.5,0,26.1,1.33,
0,8.222,5970.83,39.5,7/22/2026 12:34:43,16.5,0,25.97,1.27,
0,8.131,5960.83,39.5,7/22/2026 12:34:48,16.5,0,25.97,1,
0,8.132,5954.17,39.5,7/22/2026 12:34:52,16.5,0,25.94,1.39,
0,7.849,5799.17,40.1,7/22/2026 12:34:58,16.5,0,25.78,0.96,
0,7.57,5485,40.1,7/22/2026 12:35:02,16.5,0,25.65,1.15,
0,7.57,5485,40.1,7/22/2026 12:35:07,16.5,0,25.6,1.4,
0,7.153,5307.5,40.6,7/22/2026 12:35:12,16.5,0,25.52,1.35,
0,7.24,5325,40.6,7/22/2026 12:35:16,16.5,0,25.58,1.34,
0,7.24,5325,40.6,7/22/2026 12:35:21,16.5,0,25.23,0.95,
0,7.219,5215,40.6,7/22/2026 12:35:25,16.5,0,25.52,0.96,
0,6.899,5010,40.9,7/22/2026 12:35:30,16.5,0,25.03,1.2,
0,7.066,5094.17,40.7,7/22/2026 12:35:30,16.5,0,25.03,1.2,
0,6.823,4887.5,41,7/22/2026 12:35:35,16.5,0,25.08,1.12,
0,6.726,4480.83,41.1,7/22/2026 12:35:39,16.5,0,25.01,1.3,
0,6.701,4415.83,41.1,7/22/2026 12:35:44,16.5,0,24.99,1.12,
0,6.58,4392.5,41,7/22/2026 12:35:49,16.5,0,24.73,1.38,
0,6.573,4385,40.8,7/22/2026 12:35:53,16.5,0,24.98,1.48,
0,6.774,4347.5,40.7,7/22/2026 12:35:57,16.5,0,24.98,1.14,
0,6.708,4291.67,40.7,7/22/2026 12:36:02,16.5,0,24.92,0.86,
0,6.682,4225,40.7,7/22/2026 12:36:07,16.5,0,24.77,1.07,
0,6.671,3941.67,40.9,7/22/2026 12:36:12,16.5,0,24.61,1.25,
0,6.746,3985,41.1,7/22/2026 12:36:18,16.5,0,24.69,0.86,
0,6.614,3837.5,41.1,7/22/2026 12:36:23,16.5,0,24.69,1.42,
0,6.755,3594.17,41.1,7/22/2026 12:36:27,16.5,0,24.38,1.29,
0,6.686,3456.67,41.1,7/22/2026 12:36:34,16.5,0,24.47,1.29,
0,6.668,3496.67,41.1,7/22/2026 12:36:39,16.5,0,24.49,1.02,
0,6.708,3447.5,41.1,7/22/2026 12:36:45,16.5,0,24.6,1.23,
0,6.579,3535.83,41.1,7/22/2026 12:36:49,16.5,0,24.69,0.83,
0,6.719,3474.17,41.1,7/22/2026 12:36:54,16.5,0,24.69,1.09,
0,6.665,3401.67,41.1,7/22/2026 12:36:59,16.5,0,24.82,1.34,
0,6.625,3236.67,41.1,7/22/2026 12:37:03,16.5,0,24.6,1.41,
0,6.623,3092.5,41.1,7/22/2026 12:37:08,16.5,0,24.34,0.87,
0,6.658,2925.83,41.1,7/22/2026 12:37:13,16.5,0,24.32,1.4,
0,6.538,2858.33,41.1,7/22/2026 12:37:17,16.5,0,24.06,1.3,
0,6.577,2861.67,41.1,7/22/2026 12:37:17,16.5,0,24.06,1.3,
0,6.584,2923.33,41.1,7/22/2026 12:37:21,16.5,0,24.43,1.38,
0,6.592,2989.17,41.1,7/22/2026 12:37:25,16.5,0,24.54,1.4,
0,6.529,3185.83,41.1,7/22/2026 12:37:29,16.5,0,24.69,1.24,
0,6.675,3590.83,41.1,7/22/2026 12:37:35,16.5,0,25.16,1.13,
0,6.583,3635.83,41.1,7/22/2026 12:37:39,16.5,0,25.09,1.39,
0,6.619,3758.33,41.1,7/22/2026 12:37:43,16.5,0,25.06,1.33,
0,6.707,3196.67,41.1,7/22/2026 12:37:48,16.5,0,24.71,0.98,
0,6.454,3287.5,41.1,7/22/2026 12:37:52,16.5,0,24.7,1.27,
0,6.531,3227.5,41.1,7/22/2026 12:37:53,16.5,0,24.7,1.27,
0,6.61,3207.5,41.1,7/22/2026 12:37:57,16.5,0,24.6,0.97,
0,6.627,3814.17,41.1,7/22/2026 12:38:01,16.5,0,25.36,1.26,
0,6.613,3947.5,41.1,7/22/2026 12:38:05,16.5,0,25.18,1.29,
0,6.67,4157.5,41.1,7/22/2026 12:38:09,16.5,0,25.2,0.91,
0,6.625,3999.17,41.1,7/22/2026 12:38:14,16.5,0,25.03,1.15,
0,6.582,4072.5,41.1,7/22/2026 12:38:19,16.5,0,25.25,0.9,
0,6.646,4208.33,41.2,7/22/2026 12:38:24,16.5,0,24.98,1.47,
0,6.627,4375.83,41.5,7/22/2026 12:38:29,16.5,0,25.22,0.84,
0,6.764,4462.5,41.6,7/22/2026 12:38:33,16.5,0,25.19,1.45,
0,6.647,4476.67,41.6,7/22/2026 12:38:37,16.5,0,25.12,1.21,
0,6.635,4600.83,41.6,7/22/2026 12:38:42,16.5,0,25.18,0.95,
0,7.031,4485,41.6,7/22/2026 12:38:46,16.5,0,25.02,0.81,
0,7.338,4645,41.6,7/22/2026 12:38:50,16.5,0,25.02,1.02,
0,7.601,4644.17,41.6,7/22/2026 12:38:54,16.5,0,25.11,0.93,
0,8.03,4640.83,42,7/22/2026 12:38:59,16.5,0,25.03,1.16,
0,8.372,4766.67,42,7/22/2026 12:39:04,16.5,0,25.01,1.16,
0,8.631,5023.33,42,7/22/2026 12:39:08,16.5,0,25.25,1.43,
0,8.63,5088.33,42,7/22/2026 12:39:13,16.5,0,25.34,1.48,
0,8.622,5128.33,42,7/22/2026 12:39:17,16.5,0,25.19,1.01,
0,8.697,5037.5,42.5,7/22/2026 12:39:21,16.5,0,25.15,1.22,
0,8.604,4922.5,42.5,7/22/2026 12:39:26,16.5,0,25.02,1.43,
0,8.527,4784.17,42.6,7/22/2026 12:39:30,16.5,0,24.97,1.21,
0,8.53,4825,42.6,7/22/2026 12:39:34,16.5,0,25.03,1.02,
0,8.557,5009.17,42.6,7/22/2026 12:39:38,16.5,0,25.17,0.97,
0,8.528,5050.83,42.5,7/22/2026 12:39:42,16.5,0,25.08,1.07,
0,8.583,4950,42.5,7/22/2026 12:39:47,16.5,0,25.04,1.17,
0,8.603,5119.17,42.5,7/22/2026 12:39:51,16.5,0,25.22,0.91,
0,8.684,5061.67,42.5,7/22/2026 12:39:56,16.5,0,25.11,1.49,
0,8.729,4931.67,42.5,7/22/2026 12:40:00,16.5,0,25.04,1.15,
0,8.664,5005,42.5,7/22/2026 12:40:05,16.5,0,25.17,0.88,
0,8.76,5357.5,42.7,7/22/2026 12:40:10,16.5,0,25.25,1.06,
0,8.8,5039.17,43,7/22/2026 12:40:16,16.5,0,25.09,1.48,
0,8.728,5059.17,43,7/22/2026 12:40:21,16.5,0,25.03,1.01,
0,8.718,4982.5,43,7/22/2026 12:40:25,16.5,0,24.79,0.82,
0,8.66,5083.33,43,7/22/2026 12:40:26,16.5,0,24.79,0.82,
0,8.718,5042.5,43,7/22/2026 12:40:30,16.5,0,24.99,1.41,
0,8.737,4920.83,43,7/22/2026 12:40:35,16.5,0,24.71,1.29,
0,8.737,4840.83,43,7/22/2026 12:40:39,16.5,0,24.91,0.8,
0,8.739,4839.17,43,7/22/2026 12:40:39,16.5,0,24.91,0.8,
0,8.592,4878.33,43,7/22/2026 12:40:43,16.5,0,25.01,1.46,
0,8.64,4757.5,43,7/22/2026 12:40:48,16.5,0,25.05,1.34,
0,8.668,4775.83,43,7/22/2026 12:40:55,16.5,0,25,1.34,
0,8.668,4775.83,43,7/22/2026 12:40:55,16.5,0,25,1.34,
0,8.734,4824.17,43,7/22/2026 12:40:59,16.5,0,24.97,0.86,
0,8.649,4708.33,43,7/22/2026 12:41:04,16.5,0,24.97,0.85,
0,8.687,4777.5,43,7/22/2026 12:41:04,16.5,0,24.97,0.85,
0,8.621,4946.67,43,7/22/2026 12:41:09,16.5,0,25.11,1.14,
0,8.697,5165.83,43,7/22/2026 12:41:14,16.5,0,25.27,1.34,
0,8.758,5241.67,42.7,7/22/2026 12:41:14,16.5,0,25.27,1.34,
0,8.832,5216.67,42.5,7/22/2026 12:41:19,16.5,0,25.03,1.29,
0,8.77,4951.67,42.5,7/22/2026 12:41:23,16.5,0,24.97,0.98,
0,8.601,4404.17,42.5,7/22/2026 12:41:27,16.5,0,24.89,1.14,
0,8.585,4275.83,42.5,7/22/2026 12:41:31,16.5,0,24.85,1.31,
0,8.691,4846.67,42,7/22/2026 12:41:35,16.5,0,25.22,0.94,
0,8.775,5064.17,42,7/22/2026 12:41:40,16.5,0,24.89,0.93,
0,8.647,4089.17,42,7/22/2026 12:41:47,16.5,0,24.55,1.35,
0,8.756,3999.17,42,7/22/2026 12:41:51,16.5,0,24.41,1.14,
0,8.568,4157.5,42,7/22/2026 12:41:56,16.5,0,24.69,1.06,
0,8.512,4509.17,42,7/22/2026 12:42:02,16.5,0,24.75,1.29,
0,8.487,4713.33,42,7/22/2026 12:42:07,16.5,0,25.03,0.98,
0,8.464,4874.17,42,7/22/2026 12:42:12,16.5,0,24.77,1.28,
0,8.536,4759.17,42,7/22/2026 12:42:16,16.5,0,25.05,0.94,
0,8.517,4728.33,42,7/22/2026 12:42:16,16.5,0,25.05,0.94,
0,8.471,4770,42,7/22/2026 12:42:21,16.5,0,25.08,1.48,
0,8.51,4988.33,42,7/22/2026 12:42:25,16.5,0,25.11,1.33,
0,8.51,4988.33,42,7/22/2026 12:42:25,16.5,0,25.11,1.33,
0,8.577,4938.33,42.2,7/22/2026 12:42:29,16.5,0,25.03,1,
0,8.627,5135,42.5,7/22/2026 12:42:34,16.5,0,25.15,0.97,
0,8.509,4825.83,42.5,7/22/2026 12:42:38,16.5,0,24.9,0.91,
0,8.592,4610.83,42.5,7/22/2026 12:42:43,16.5,0,24.92,1.49,
0,8.564,4549.17,42.5,7/22/2026 12:42:47,16.5,0,24.66,1.49,
0,8.65,4580,42.5,7/22/2026 12:42:52,16.5,0,24.85,1.25,
0,8.645,4600.83,42.5,7/22/2026 12:42:56,16.5,0,24.81,1.18,
0,8.625,4485.83,42.5,7/22/2026 12:43:00,16.5,0,24.42,1.38,
0,8.576,4284.17,42.1,7/22/2026 12:43:05,16.5,0,24.34,0.94,
0,8.593,4231.67,42,7/22/2026 12:43:10,16.5,0,24.38,1.03,
0,8.663,4280.83,42,7/22/2026 12:43:14,16.5,0,24.61,0.91,
0,8.638,4600,42,7/22/2026 12:43:20,16.5,0,25,0.89,
0,8.623,4746.67,42,7/22/2026 12:43:24,16.5,0,24.71,0.95,
0,8.684,4527.5,42.5,7/22/2026 12:43:29,16.5,0,24.81,1.31,
0,8.671,4542.5,42.5,7/22/2026 12:43:33,16.5,0,24.57,0.99,
0,8.781,4826.67,42.5,7/22/2026 12:43:37,16.5,0,24.88,1.41,
0,8.667,4816.67,42.5,7/22/2026 12:43:41,16.5,0,24.98,0.97,
0,8.721,5015.83,42.5,7/22/2026 12:43:45,16.5,0,25.12,1.01,
0,8.68,4657.5,42.5,7/22/2026 12:43:50,16.5,0,24.6,0.93,
0,8.721,4303.33,42.7,7/22/2026 12:43:54,16.5,0,24.31,1.17,
0,8.837,4250.83,42.9,7/22/2026 12:43:54,16.5,0,24.31,1.17,
0,8.728,4237.5,42.9,7/22/2026 12:43:58,16.5,0,24.4,1.45,
0,8.728,4237.5,42.9,7/22/2026 12:43:58,16.5,0,24.4,1.45,
0,8.696,4484.17,42.7,7/22/2026 12:44:02,16.5,0,24.34,0.92,
0,8.799,4495,42.6,7/22/2026 12:44:07,16.5,0,24.78,0.9,
0,8.751,4532.5,42.6,7/22/2026 12:44:07,16.5,0,24.78,0.9,
0,8.95,4854.17,42.6,7/22/2026 12:44:11,16.5,0,25.11,1.18,
0,8.817,5111.67,42.5,7/22/2026 12:44:15,16.5,0,25.06,1.15,
0,8.792,5123.33,42.5,7/22/2026 12:44:16,16.5,0,25.06,1.15,
0,8.662,5032.5,42.5,7/22/2026 12:44:21,16.5,0,24.91,1.29,
0,8.693,4670.83,42.5,7/22/2026 12:44:25,16.5,0,25.08,0.82,
0,8.694,5160.83,42.5,7/22/2026 12:44:25,16.5,0,25.08,0.82,
0,8.535,5215,42.6,7/22/2026 12:44:29,16.5,0,24.93,1.06,
0,8.648,5140,43,7/22/2026 12:44:34,16.5,0,24.81,1.07,
0,8.507,5173.33,43,7/22/2026 12:44:38,16.5,0,25.12,1.34,
0,8.556,5238.33,43,7/22/2026 12:44:42,16.5,0,25.27,1.24,
0,8.598,5286.67,43,7/22/2026 12:44:46,16.5,0,25.08,1.1,
0,8.736,5304.17,43,7/22/2026 12:44:51,16.5,0,25.25,0.84,
0,8.684,5309.17,43.5,7/22/2026 12:44:56,16.5,0,24.99,1.12,
0,8.767,5322.5,43.5,7/22/2026 12:45:02,16.5,0,25.17,1.48,
0,8.819,5320.83,43.5,7/22/2026 12:45:07,16.5,0,25.09,1.26,
0,8.83,5320,43.5,7/22/2026 12:45:11,16.5,0,25.11,0.94,
0,8.918,5278.33,43.5,7/22/2026 12:45:16,16.5,0,25.1,1.48,
0,8.841,5329.17,43.5,7/22/2026 12:45:21,16.5,0,25.08,1.33,
0,8.958,5332.5,43.6,7/22/2026 12:45:25,16.5,0,25.09,1.12,
0,8.859,5322.5,43.8,7/22/2026 12:45:30,16.5,0,24.57,1.38,
0,8.98,5341.67,43.8,7/22/2026 12:45:35,16.5,0,25.12,1.04,
0,9.042,5271.67,43.9,7/22/2026 12:45:39,16.5,0,25.05,0.88,
0,9.042,5271.67,43.9,7/22/2026 12:45:39,16.5,0,25.05,0.88,
0,9.101,5282.5,43.9,7/22/2026 12:45:43,16.5,0,25.08,1.33,
0,9.003,5285,43.9,7/22/2026 12:45:48,16.5,0,25.08,1.01,
0,9.072,5292.5,43.9,7/22/2026 12:45:48,16.5,0,25.08,1.01,
0,9.092,5315,43.9,7/22/2026 12:45:52,16.5,0,25.08,1.35,
0,9.092,5315,43.9,7/22/2026 12:45:57,16.5,0,25.07,0.95,
0,9.086,5220.83,43.9,7/22/2026 12:46:01,16.5,0,25.16,1,
0,9.053,5220.83,43.9,7/22/2026 12:46:06,16.5,0,24.84,0.95,
0,8.804,5223.33,43.9,7/22/2026 12:46:10,16.5,0,25.06,1.27,
0,9.077,5279.17,43.9,7/22/2026 12:46:14,16.5,0,24.97,1.17,
0,9.052,5294.17,43.9,7/22/2026 12:46:19,16.5,0,24.84,0.86,
0,9.083,4971.67,43.9,7/22/2026 12:46:24,16.5,0,24.86,1.35,
0,9.023,4931.67,43.9,7/22/2026 12:46:28,16.5,0,24.57,1.19,
0,8.953,4435.83,43.9,7/22/2026 12:46:33,16.5,0,24.27,0.95,
0,8.997,3895,43.9,7/22/2026 12:46:37,16.5,0,23.93,1.08,
0,8.973,3775.83,43.9,7/22/2026 12:46:41,16.5,0,23.98,1.17,
0,9.163,3713.33,43.9,7/22/2026 12:46:46,16.5,0,24.14,1.47,
0,9.029,3755.83,43.7,7/22/2026 12:46:50,16.5,0,24.12,1.19,
0,8.818,3695,43.5,7/22/2026 12:46:55,16.5,0,23.8,1.45,
0,8.768,3850.83,43.5,7/22/2026 12:46:59,16.5,0,24.31,0.92,
0,8.662,3786.67,43,7/22/2026 12:47:03,16.5,0,24.2,0.81,
0,8.651,3781.67,43,7/22/2026 12:47:07,16.5,0,24.4,1.49,
0,8.38,3912.5,42.5,7/22/2026 12:47:12,16.5,0,24.21,1.47,
0,8.438,4148.33,42.5,7/22/2026 12:47:16,16.5,0,24.66,1.08,
0,8.229,4101.67,42,7/22/2026 12:47:20,16.5,0,24.5,0.85,
0,8.139,3813.33,41.9,7/22/2026 12:47:25,16.5,0,24.38,1.15,
0,8.139,3813.33,41.9,7/22/2026 12:47:29,16.5,0,24.1,0.86,
0,8.217,3570,41.1,7/22/2026 12:47:33,16.5,0,24.04,1.1,
0,8.191,3572.5,41.1,7/22/2026 12:47:38,16.5,0,24.02,1.49,
0,8.179,3594.17,41,7/22/2026 12:47:43,16.5,0,24.15,0.97,
0,8.149,3572.5,40.6,7/22/2026 12:47:48,16.5,0,24.02,1.25,
0,8.039,3620.83,40.6,7/22/2026 12:47:52,16.5,0,24.12,1.41,
0,8.213,3647.5,40.6,7/22/2026 12:47:57,16.5,0,24.21,1.35,
0,8.396,3855,40.6,7/22/2026 12:48:01,16.5,0,24.48,1.47,
0,8.266,4330,40.4,7/22/2026 12:48:05,16.5,0,25.16,1.27,
0,8.42,4045.83,40.1,7/22/2026 12:48:10,16.5,0,24.97,0.87,
0,8.34,3685,40.1,7/22/2026 12:48:14,16.5,0,24.25,1.3,
0,8.432,3491.67,40.1,7/22/2026 12:48:19,16.5,0,23.99,1.11,
0,8.386,3464.17,40.1,7/22/2026 12:48:23,16.5,0,24.14,1.44,
0,8.401,3546.67,40.1,7/22/2026 12:48:27,16.5,0,24.79,1.17,
0,8.419,4103.33,40.1,7/22/2026 12:48:27,16.5,0,24.79,1.17,
0,8.279,4321.67,40.1,7/22/2026 12:48:32,16.5,0,24.98,0.93,
0,8.368,4054.17,40.5,7/22/2026 12:48:37,16.5,0,24.85,1.01,
0,8.288,3858.33,40.6,7/22/2026 12:48:41,16.5,0,24.6,1.04,
0,8.259,3529.17,40.6,7/22/2026 12:48:46,16.5,0,24.2,1.08,
0,8.407,2870,40.6,7/22/2026 12:48:50,16.5,0,23.99,1.38,
0,8.251,2800,40.6,7/22/2026 12:48:55,16.5,0,23.98,0.8,
0,8.33,2530,40.6,7/22/2026 12:49:08,16.5,0,23.74,1.36,
0,8.266,2486.67,40.6,7/22/2026 12:49:10,16.5,0,23.32,0.89,
0,8.442,2460.83,40.6,7/22/2026 12:49:13,16.5,0,23.7,1.48,
0,8.352,2469.17,40.5,7/22/2026 12:49:18,16.5,0,23.9,0.96,
0,8.455,2716.67,40.1,7/22/2026 12:49:23,16.5,0,24.12,1.18,
0,8.415,2710,40.1,7/22/2026 12:49:27,16.5,0,24.14,0.99,
0,8.608,2515.83,40.1,7/22/2026 12:49:32,16.5,0,23.93,1.46,
0,8.649,2510,40.1,7/22/2026 12:49:36,16.5,0,23.91,1.19,
0,8.502,2453.33,39.5,7/22/2026 12:49:40,16.5,0,23.91,1.16,
0,8.453,2492.5,39.5,7/22/2026 12:49:45,16.5,0,23.89,1.2,
0,8.43,2385,39.5,7/22/2026 12:49:49,16.5,0,23.9,1.03,
0,8.481,2392.5,39.1,7/22/2026 12:49:54,16.5,0,23.82,1.46,
0,8.481,2392.5,39.1,7/22/2026 12:49:54,16.5,0,23.82,1.46,
0,8.568,2409.17,39,7/22/2026 12:49:58,16.5,0,23.93,1.09,
0,8.482,2412.5,39,7/22/2026 12:50:03,16.5,0,23.8,1.48,
0,8.313,2413.33,39,7/22/2026 12:50:07,16.5,0,23.81,1.45,
0,8.688,2426.67,39,7/22/2026 12:50:12,16.5,0,23.81,1.02,
0,8.52,2435.83,39,7/22/2026 12:50:16,16.5,0,23.78,1.01,
0,8.641,2442.5,39,7/22/2026 12:50:21,16.5,0,23.8,1.43,
0,8.813,2475,38.6,7/22/2026 12:50:26,16.5,0,23.82,1.49,
0,8.684,2506.67,38.5,7/22/2026 12:50:30,16.5,0,23.51,1.31,
0,8.684,2506.67,38.5,7/22/2026 12:50:35,16.5,0,23.81,1.48,
0,8.759,2558.33,38.5,7/22/2026 12:50:39,16.5,0,23.82,1.1,
0,8.821,2581.67,38.5,7/22/2026 12:50:44,16.5,0,23.87,1.34,
0,8.846,2621.67,38.5,7/22/2026 12:50:48,16.5,0,23.77,1.14,
0,8.799,2644.17,38.5,7/22/2026 12:50:53,16.5,0,23.85,1.26,
0,8.78,2665.83,38.6,7/22/2026 12:50:57,16.5,0,23.87,1.18,
0,8.742,2674.17,38.5,7/22/2026 12:50:57,16.5,0,23.87,1.18,
0,8.742,2674.17,38.5,7/22/2026 12:51:01,16.5,0,23.68,1.45,
0,8.891,2742.5,38.5,7/22/2026 12:51:06,16.5,0,23.9,1.14,
0,8.89,2772.5,38.6,7/22/2026 12:51:11,16.5,0,23.85,1.23,
0,8.879,2776.67,38.5,7/22/2026 12:51:16,16.5,0,23.93,0.83,
0,8.778,2801.67,38.5,7/22/2026 12:51:20,16.5,0,23.93,0.82,
0,8.804,2804.17,38.5,7/22/2026 12:51:25,16.5,0,24.01,1.3,
0,8.811,2825,38.5,7/22/2026 12:51:29,16.5,0,23.91,1.36,
0,8.835,2825.83,38.5,7/22/2026 12:51:34,16.5,0,23.93,0.93,
0,8.75,2818.33,38.5,7/22/2026 12:51:41,16.5,0,23.98,1.13,
0,8.738,2797.5,38.5,7/22/2026 12:51:46,16.5,0,23.82,1.01,
0,8.826,2801.67,38.5,7/22/2026 12:51:50,16.5,0,23.89,0.87,
0,8.826,2801.67,38.5,7/22/2026 12:51:50,16.5,0,23.89,0.87,
0,8.83,2818.33,38.5,7/22/2026 12:51:55,16.5,0,23.81,1.31,
0,8.915,2759.17,38,7/22/2026 12:52:00,16.5,0,23.83,1.28,
0,8.636,2755.83,38,7/22/2026 12:52:04,16.5,0,23.84,0.86,
0,8.757,2718.33,38,7/22/2026 12:52:08,16.5,0,23.81,1.15,
0,8.917,2700.83,38,7/22/2026 12:52:12,16.5,0,23.87,1.47,
0,8.907,2704.17,38,7/22/2026 12:52:12,16.5,0,23.87,1.47,
0,8.809,2674.17,38,7/22/2026 12:52:16,16.5,0,23.51,0.95,
0,8.962,2630,38,7/22/2026 12:52:21,16.5,0,23.81,0.9,
0,8.841,2673.33,38,7/22/2026 12:52:20,16.5,0,23.81,0.9,
0,8.997,2628.33,38,7/22/2026 12:52:25,16.5,0,23.68,1.23,
0,8.925,2614.17,37.9,7/22/2026 12:52:30,16.5,0,23.8,1.26,
0,8.912,2593.33,37.7,7/22/2026 12:52:34,16.5,0,23.79,1.32,
0,8.784,2610,37.9,7/22/2026 12:52:34,16.5,0,23.79,1.32,
0,8.848,2580,37.5,7/22/2026 12:52:39,16.5,0,23.74,0.87,
0,8.928,2575.83,37.4,7/22/2026 12:52:43,16.5,0,23.81,0.86,
0,8.987,2578.33,37.4,7/22/2026 12:52:47,16.5,0,23.93,1.13,
0,8.868,2581.67,37.4,7/22/2026 12:52:51,16.5,0,23.87,0.97,
0,8.853,2594.17,37.4,7/22/2026 12:52:56,16.5,0,23.96,1.21,
0,8.87,2624.17,37.4,7/22/2026 12:53:01,16.5,0,24.01,1.37,
0,9.044,2666.67,37.4,7/22/2026 12:53:06,16.5,0,24.02,1.24,
0,8.878,2688.33,37.4,7/22/2026 12:53:10,16.5,0,24.03,1.43,
0,9.015,2748.33,37.4,7/22/2026 12:53:15,16.5,0,23.97,1.05,
0,8.991,2782.5,37.4,7/22/2026 12:53:19,16.5,0,24.15,1.1,
0,8.871,2826.67,37.6,7/22/2026 12:53:24,16.5,0,24.2,1,
0,8.871,2826.67,37.6,7/22/2026 12:53:24,16.5,0,24.2,1,
0,8.926,2849.17,37.8,7/22/2026 12:53:29,16.5,0,24.2,1.21,
0,9.018,2865.83,37.9,7/22/2026 12:53:29,16.5,0,24.2,1.21,
0,9.076,2898.33,37.8,7/22/2026 12:53:34,16.5,0,24.41,0.83,
0,8.973,2940.83,37.8,7/22/2026 12:53:38,16.5,0,23.95,0.93,
0,9.047,2960.83,37.6,7/22/2026 12:53:43,16.5,0,24.2,1.09,
0,9.056,2959.17,37.5,7/22/2026 12:53:47,16.5,0,24.24,0.8,
0,9.032,2970,37.4,7/22/2026 12:53:52,16.5,0,24.3,1.47,
0,9.085,2967.5,37.4,7/22/2026 12:53:57,16.5,0,24.3,0.93,
0,9.006,2973.33,37.4,7/22/2026 12:54:01,16.5,0,24.18,1.17,
0,8.952,3009.17,37.4,7/22/2026 12:54:05,16.5,0,24.11,1.04,
0,9.051,3014.17,37.4,7/22/2026 12:54:10,16.5,0,24.22,1.31,
0,9.04,3046.67,37.5,7/22/2026 12:54:14,16.5,0,24.29,1.21,
0,8.89,3134.17,37.4,7/22/2026 12:54:18,16.5,0,24.39,1.1,
0,8.892,3165,37.5,7/22/2026 12:54:23,16.5,0,24.42,1.34,
0,8.754,3225.83,37.6,7/22/2026 12:54:27,16.5,0,24.55,1.47,
0,8.842,3315,38,7/22/2026 12:54:31,16.5,0,24.59,1.15,
0,8.842,3315,38,7/22/2026 12:54:36,16.5,0,24.6,1.13,
0,8.758,3415,38,7/22/2026 12:54:36,16.5,0,24.6,1.13,
0,8.888,3508.33,38,7/22/2026 12:54:40,16.5,0,24.61,1.11,
0,8.727,3442.5,38,7/22/2026 12:54:44,16.5,0,24.68,0.89,
0,8.853,3579.17,38.5,7/22/2026 12:54:48,16.5,0,24.71,1.03,
0,8.691,3980,38.5,7/22/2026 12:54:53,16.5,0,25.08,0.96,
0,8.691,3980,38.5,7/22/2026 12:54:53,16.5,0,25.08,0.96,
0,8.684,4102.5,38.5,7/22/2026 12:54:58,16.5,0,25.06,1.28,
0,8.486,3766.67,38.9,7/22/2026 12:55:02,16.5,0,24.91,1.05,
0,8.518,3927.5,39,7/22/2026 12:55:07,16.5,0,25.3,1.48,
0,8.853,4371.67,39,7/22/2026 12:55:11,16.5,0,25.3,1.49,
0,8.853,4371.67,39,7/22/2026 12:55:11,16.5,0,25.3,1.49,
0,8.862,4455.83,39.1,7/22/2026 12:55:16,16.5,0,25.37,1.03,
0,8.782,4450.83,39.5,7/22/2026 12:55:23,16.5,0,25.16,1.21,
0,8.338,4050,40.1,7/22/2026 12:55:28,16.5,0,24.79,1.13,
0,8.267,3880.83,40.1,7/22/2026 12:55:33,16.5,0,24.88,1.31,
0,8.267,3880.83,40.1,7/22/2026 12:55:33,16.5,0,24.88,1.31,
0,8.312,3820.83,40.1,7/22/2026 12:55:37,16.5,0,24.91,0.96,
0,8.244,3791.67,40.2,7/22/2026 12:55:41,16.5,0,24.78,1.49,
0,8.351,3809.17,40.6,7/22/2026 12:55:45,16.5,0,24.87,1.19,
0,8.282,3820,40.6,7/22/2026 12:55:50,16.5,0,24.79,0.83,
0,8.238,3763.33,40.6,7/22/2026 12:55:54,16.5,0,24.85,1,
0,8.325,3728.33,40.6,7/22/2026 12:55:59,16.5,0,24.61,1.21,
0,8.367,3687.5,41,7/22/2026 12:56:03,16.5,0,24.83,0.83,
0,8.381,3513.33,41.1,7/22/2026 12:56:08,16.5,0,24.41,0.98,
0,8.393,3490,41.1,7/22/2026 12:56:15,16.5,0,24.49,1.22,
0,8.336,3541.67,41.1,7/22/2026 12:56:19,16.5,0,24.5,1.14,
0,8.336,3541.67,41.1,7/22/2026 12:56:19,16.5,0,24.5,1.14,
0,8.296,3540,41.1,7/22/2026 12:56:24,16.5,0,24.63,1.23,
0,8.238,3436.67,41.1,7/22/2026 12:56:35,16.5,0,24.59,1.36,
0,8.238,3436.67,41.1,7/22/2026 12:56:35,16.5,0,24.47,0.98,
0,8.201,3448.33,41.1,7/22/2026 12:56:39,16.5,0,24.6,0.99,
0,8.355,3492.5,41.1,7/22/2026 12:56:44,16.5,0,24.52,1.22,
0,8.196,3672.5,41.6,7/22/2026 12:56:49,16.5,0,24.8,0.94,
0,8.334,3726.67,41.6,7/22/2026 12:56:54,16.5,0,24.7,1.11,
0,8.261,3786.67,41.6,7/22/2026 12:56:58,16.5,0,24.91,0.8,
0,8.194,3729.17,41.6,7/22/2026 12:57:04,16.5,0,24.27,1.43,
0,8.229,3751.67,41.6,7/22/2026 12:57:08,16.5,0,24.74,0.93,
0,8.23,3784.17,41.6,7/22/2026 12:57:13,16.5,0,24.92,0.93,
0,8.281,3918.33,41.6,7/22/2026 12:57:17,16.5,0,24.79,1.41,
0,8.281,3918.33,41.6,7/22/2026 12:57:17,16.5,0,24.79,1.41,
0,8.281,3918.33,41.6,7/22/2026 12:57:22,16.5,0,24.93,1.05,
0,8.287,4032.5,41.6,7/22/2026 12:57:27,16.5,0,24.81,1.2,
0,8.332,4050,41.6,7/22/2026 12:57:32,16.5,0,24.98,0.95,
0,8.414,4109.17,41.6,7/22/2026 12:57:37,16.5,0,24.83,1.01,
0,8.274,4128.33,41.6,7/22/2026 12:57:37,16.5,0,24.83,1.01,
0,8.385,4174.17,41.6,7/22/2026 12:57:41,16.5,0,25.04,1.41,
0,8.34,4217.5,41.6,7/22/2026 12:57:46,16.5,0,25.06,1,
0,8.365,4291.67,41.6,7/22/2026 12:57:51,16.5,0,25.08,1.19,
0,8.365,4291.67,41.6,7/22/2026 12:57:51,16.5,0,25.08,1.19,
0,8.452,4333.33,41.6,7/22/2026 12:57:55,16.5,0,25.09,0.89,
0,8.413,4360,41.6,7/22/2026 12:57:59,16.5,0,25.14,1.48,
0,8.417,4455.83,41.6,7/22/2026 12:58:03,16.5,0,25.22,0.95,
0,8.414,4395.83,41.6,7/22/2026 12:58:07,16.5,0,25.14,1.35,
0,8.251,4398.33,41.6,7/22/2026 12:58:12,16.5,0,25.09,1.17,
0,8.456,4515,41.6,7/22/2026 12:58:16,16.5,0,25.19,0.95,
0,8.34,4528.33,41.5,7/22/2026 12:58:20,16.5,0,25.19,1.26,
0,8.363,4565,41.5,7/22/2026 12:58:24,16.5,0,25.19,0.88,
0,8.427,4581.67,41.6,7/22/2026 12:58:29,16.5,0,25.17,1,
0,8.3,4680,41.6,7/22/2026 12:58:33,16.5,0,25.27,1.22,
0,8.272,4645,41.6,7/22/2026 12:58:38,16.5,0,25.25,1.32,
0,8.331,4692.5,41.6,7/22/2026 12:58:42,16.5,0,25.33,0.87,
0,8.343,4852.5,41.6,7/22/2026 12:58:48,16.5,0,25.28,0.94,
0,8.393,4888.33,42,7/22/2026 12:58:53,16.5,0,25.35,1.4,
0,8.376,4905.83,42,7/22/2026 12:58:57,16.5,0,25.25,1.44,
0,8.274,4900.83,42,7/22/2026 12:59:02,16.5,0,25.24,1.18,
0,8.479,4955.83,42,7/22/2026 12:59:06,16.5,0,25.28,0.91,
0,8.305,4734.17,42.5,7/22/2026 12:59:11,16.5,0,25.08,1.43,
0,8.177,4586.67,42.5,7/22/2026 12:59:15,16.5,0,24.99,0.95,
0,8.342,4571.67,42.5,7/22/2026 12:59:19,16.5,0,25.19,1.04,
0,8.342,4571.67,42.5,7/22/2026 12:59:23,16.5,0,25.12,0.86,
0,8.451,4966.67,42.6,7/22/2026 12:59:28,16.5,0,25.22,1.19,
0,8.481,5034.17,42.6,7/22/2026 12:59:33,16.5,0,25.28,0.83,
0,8.57,4967.5,42.9,7/22/2026 12:59:37,16.5,0,25.17,1.07,
0,8.493,4845.83,42.9,7/22/2026 12:59:37,16.5,0,25.17,1.07,
0,8.412,4809.17,43,7/22/2026 12:59:42,16.5,0,25.16,0.98,
0,8.509,4820.83,43,7/22/2026 12:59:47,16.5,0,25.09,1.35,
0,8.377,4796.67,43,7/22/2026 12:59:52,16.5,0,24.99,0.87,
0,8.404,4836.67,43,7/22/2026 12:59:52,16.5,0,24.99,0.87,
0,8.377,4796.67,43,7/22/2026 12:59:56,16.5,0,25.1,1.11,
0,8.581,4825,43,7/22/2026 13:00:01,16.5,0,25.16,1.26,
0,8.462,4988.33,43,7/22/2026 13:00:05,16.5,0,25.11,1.18,
0,8.556,5057.5,43,7/22/2026 13:00:10,16.5,0,25.2,1.32,
0,8.527,4990.83,43,7/22/2026 13:00:15,16.5,0,25.14,1.11,
0,8.497,5017.5,43,7/22/2026 13:00:19,16.5,0,25.18,1.11,
0,8.527,4903.33,43,7/22/2026 13:00:24,16.5,0,25.06,1.13,
0,8.55,4816.67,43,7/22/2026 13:00:28,16.5,0,25.03,0.84,
0,8.654,4785.83,43,7/22/2026 13:00:32,16.5,0,25,1.12,
0,8.743,4645,43.4,7/22/2026 13:00:37,16.5,0,24.79,1.32,
0,8.716,4300,43.5,7/22/2026 13:00:41,16.5,0,24.97,1.47,
0,8.636,4166.67,43.5,7/22/2026 13:00:46,16.5,0,24.6,1.23,
0,8.774,4066.67,43.5,7/22/2026 13:00:50,16.5,0,24.51,1.08,
0,8.774,4066.67,43.5,7/22/2026 13:00:55,16.5,0,24.57,1,
0,8.722,3983.33,43,7/22/2026 13:01:01,16.5,0,24.59,1.06,
0,8.854,3939.17,43,7/22/2026 13:01:06,16.5,0,24.5,1.04,
0,8.733,3810,43,7/22/2026 13:01:10,16.5,0,24.46,0.83,
0,8.722,3755,43,7/22/2026 13:01:15,16.5,0,24.48,1.39,
0,8.685,3729.17,43,7/22/2026 13:01:19,16.5,0,24.5,1.05,
0,8.704,3612.5,42.7,7/22/2026 13:01:24,16.5,0,24.39,1.39,
0,8.783,3545,42.5,7/22/2026 13:01:29,16.5,0,24.23,0.98,
0,8.745,3474.17,42.5,7/22/2026 13:01:34,16.5,0,24.28,1.47,
0,8.757,3438.33,42.5,7/22/2026 13:01:38,16.5,0,24.22,0.83,
0,8.794,3385,42.2,7/22/2026 13:01:42,16.5,0,24.14,1.46,
0,8.791,3350,42,7/22/2026 13:01:47,16.5,0,24.14,1.22,
0,8.709,3253.33,42,7/22/2026 13:01:52,16.5,0,24.19,1.43,
0,8.737,3211.67,42,7/22/2026 13:01:57,16.5,0,24.09,1.39,
0,8.737,3211.67,42,7/22/2026 13:01:57,16.5,0,24.09,1.39,
0,8.68,3096.67,42,7/22/2026 13:02:04,16.5,0,24.12,0.96,
0,8.694,3035.83,41.6,7/22/2026 13:02:09,16.5,0,23.9,1.25,
0,8.778,3006.67,41.6,7/22/2026 13:02:13,16.5,0,24.17,1.2,
0,8.461,2971.67,41.6,7/22/2026 13:02:18,16.5,0,23.72,1.44,
0,8.426,2905.83,41.6,7/22/2026 13:02:23,16.5,0,23.85,1.22,
0,8.114,2833.33,41.1,7/22/2026 13:02:30,16.5,0,23.68,0.92,
0,8.155,2797.5,41.1,7/22/2026 13:02:35,16.5,0,23.81,1.24,
0,8.239,2770,41.1,7/22/2026 13:02:40,16.5,0,23.81,1.02,
0,7.936,2744.17,41.1,7/22/2026 13:02:45,16.5,0,23.73,1.3,
0,7.936,2744.17,41.1,7/22/2026 13:02:49,16.5,0,23.84,0.86,
0,7.929,2702.5,41.1,7/22/2026 13:02:54,16.5,0,23.81,1.32,
0,7.97,2693.33,40.9,7/22/2026 13:02:59,16.5,0,23.86,1.15,
0,7.892,2670,40.6,7/22/2026 13:03:04,16.5,0,23.85,0.92,
0,8.015,2653.33,40.6,7/22/2026 13:03:08,16.5,0,23.96,1.49,
0,8.03,2640.83,40.6,7/22/2026 13:03:13,16.5,0,23.87,1.21,
0,7.929,2613.33,40.6,7/22/2026 13:03:18,16.5,0,23.46,0.89,
0,7.988,2595.83,40.6,7/22/2026 13:03:24,16.5,0,23.85,1.32,
0,8.004,2586.67,40.6,7/22/2026 13:03:28,16.5,0,23.75,0.85,
0,7.959,2576.67,40.6,7/22/2026 13:03:34,16.5,0,23.77,1,
0,8.029,2559.17,40.6,7/22/2026 13:03:38,16.5,0,23.8,1.14,
0,8.022,2555.83,40.6,7/22/2026 13:03:42,16.5,0,23.66,1.1,
0,8.05,2551.67,40.6,7/22/2026 13:03:52,16.5,0,23.51,1.27,
0,8.053,2552.5,40.6,7/22/2026 13:03:55,16.5,0,23.82,1.2,
0,8.03,2551.67,40.6,7/22/2026 13:04:00,16.5,0,23.51,1.05,
0,8.042,2552.5,40.6,7/22/2026 13:04:05,16.5,0,23.81,0.85,
0,8.055,2550.83,40.6,7/22/2026 13:04:09,16.5,0,23.71,0.94,
0,7.946,2549.17,40.6,7/22/2026 13:04:09,16.5,0,23.71,0.94,
0,7.995,2558.33,40.6,7/22/2026 13:04:14,16.5,0,23.65,1.21,
0,7.91,2560.83,40.6,7/22/2026 13:04:25,16.5,0,23.89,0.8,
0,8.038,2562.5,40.6,7/22/2026 13:04:30,16.5,0,23.85,1.37,
0,8.077,2560.83,40.6,7/22/2026 13:04:34,16.5,0,23.78,1.4,
0,8.056,2559.17,40.6,7/22/2026 13:04:39,16.5,0,23.91,1.29,
0,8.111,2557.5,40.6,7/22/2026 13:04:44,16.5,0,23.68,0.94,
0,8.07,2556.67,40.6,7/22/2026 13:04:49,16.5,0,23.74,1.31,
0,8.007,2554.17,40.6,7/22/2026 13:04:53,16.5,0,23.84,0.8,
0,8.107,2550.83,40.6,7/22/2026 13:04:53,16.5,0,23.84,0.8,
0,8.066,2545.83,40.6,7/22/2026 13:04:58,16.5,0,23.65,1.08,
0,7.994,2545.83,40.6,7/22/2026 13:05:02,16.5,0,23.72,0.8,
0,8.139,2542.5,40.6,7/22/2026 13:05:07,16.5,0,23.88,1.28,
0,8.148,2540,40.6,7/22/2026 13:05:11,16.5,0,23.79,1.22,
0,8.093,2536.67,40.6,7/22/2026 13:05:15,16.5,0,23.81,1.17,
0,8.141,2532.5,40.6,7/22/2026 13:05:20,16.5,0,23.82,1.36,
0,8.178,2535,40.6,7/22/2026 13:05:20,16.5,0,23.82,1.36,
0,8.068,2522.5,40.6,7/22/2026 13:05:24,16.5,0,23.8,1.39,
0,8.137,2532.5,40.6,7/22/2026 13:05:29,16.5,0,23.85,0.81,
0,8.137,2532.5,40.6,7/22/2026 13:05:33,16.5,0,23.7,1.19,
0,8.114,2529.17,40.6,7/22/2026 13:05:38,16.5,0,23.8,1.01,
0,8.114,2529.17,40.6,7/22/2026 13:05:38,16.5,0,23.8,1.01,
0,8.013,2530.83,40.6,7/22/2026 13:05:45,16.5,0,23.81,1.12,
0,8.184,2528.33,40.6,7/22/2026 13:05:45,16.5,0,23.81,1.12,
0,8.241,2505,40.6,7/22/2026 13:05:50,16.5,0,23.87,0.87,
0,8.132,2530.83,40.3,7/22/2026 13:05:54,16.5,0,23.95,1.27,
0,8.057,2536.67,40.1,7/22/2026 13:05:59,16.5,0,23.87,1.48,
0,8.071,2538.33,40.1,7/22/2026 13:06:03,16.5,0,23.97,1.06,
0,8.1,2543.33,40.1,7/22/2026 13:06:07,16.5,0,23.84,0.93,
0,8.116,2544.17,39.6,7/22/2026 13:06:11,16.5,0,24,0.99,
0,8.09,2545.83,39.5,7/22/2026 13:06:11,16.5,0,24,0.99,
0,7.629,2546.67,39.5,7/22/2026 13:06:15,16.5,0,23.99,1,
0,7.046,2536.67,39.5,7/22/2026 13:06:20,16.5,0,23.87,0.81,
0,6.961,2543.33,39.5,7/22/2026 13:06:25,16.5,0,23.9,1.31,
0,6.964,2540.83,39.5,7/22/2026 13:06:29,16.5,0,23.88,1.2,
0,6.942,2530,39.5,7/22/2026 13:06:37,16.5,0,23.98,0.9,
0,6.891,2523.33,39.5,7/22/2026 13:06:41,16.5,0,23.91,1.13,
0,7.023,2516.67,39.5,7/22/2026 13:06:45,16.5,0,23.91,1.46,
0,6.958,2507.5,39.5,7/22/2026 13:06:49,16.5,0,23.94,1.34,
0,7.009,2499.17,39.5,7/22/2026 13:06:53,16.5,0,23.9,1.27,
0,6.814,2496.67,39.5,7/22/2026 13:06:58,16.5,0,23.8,0.96,
0,6.956,2486.67,39.5,7/22/2026 13:07:02,16.5,0,23.79,1.33,
0,6.838,2489.17,39.5,7/22/2026 13:07:06,16.5,0,23.88,1.28,
0,6.727,2490,39.5,7/22/2026 13:07:10,16.5,0,23.93,0.89,
0,6.884,2490.83,39.5,7/22/2026 13:07:15,16.5,0,23.9,1.04,
0,6.859,2491.67,39.5,7/22/2026 13:07:20,16.5,0,23.84,0.87,
0,6.922,2500,39.5,7/22/2026 13:07:24,16.5,0,23.97,0.8,
0,6.922,2500,39.5,7/22/2026 13:07:29,16.5,0,23.91,1.26,
0,6.903,2514.17,39.5,7/22/2026 13:07:33,16.5,0,23.95,1.32,
0,6.723,2520,39.5,7/22/2026 13:07:38,16.5,0,23.88,0.96,
0,6.873,2533.33,39.6,7/22/2026 13:07:43,16.5,0,24,1.21,
0,6.754,2537.5,39.7,7/22/2026 13:07:47,16.5,0,23.98,1.3,
0,6.838,2553.33,40,7/22/2026 13:07:52,16.5,0,23.99,0.87,
0,6.915,2555,40.1,7/22/2026 13:07:57,16.5,0,23.91,0.83,
0,6.797,2573.33,40.1,7/22/2026 13:08:01,16.5,0,23.99,1.41,
0,6.894,2576.67,40.1,7/22/2026 13:08:06,16.5,0,24.01,1.34,
0,6.863,2582.5,40.1,7/22/2026 13:08:10,16.5,0,23.94,1.05,
0,6.765,2589.17,40.1,7/22/2026 13:08:15,16.5,0,24.1,1.18,
0,6.795,2599.17,40.1,7/22/2026 13:08:26,16.5,0,24.04,1.29,
0,6.719,2597.5,40.1,7/22/2026 13:08:31,16.5,0,23.9,1.17,
0,6.747,2602.5,40.1,7/22/2026 13:08:35,16.5,0,24.01,0.95,
0,6.77,2601.67,40.1,7/22/2026 13:08:40,16.5,0,24.02,0.99,
0,6.841,2602.5,40.1,7/22/2026 13:08:44,16.5,0,23.8,1.42,
0,6.883,2595.83,40.1,7/22/2026 13:08:44,16.5,0,23.8,1.42,
0,6.854,2599.17,40.1,7/22/2026 13:08:48,16.5,0,23.83,1.42,
0,6.805,2596.67,40.1,7/22/2026 13:08:52,16.5,0,24.02,1.38,
0,6.913,2607.5,40.1,7/22/2026 13:08:57,16.5,0,24.01,1,
0,6.922,2593.33,40.1,7/22/2026 13:09:01,16.5,0,24.05,0.92,
0,6.812,2597.5,40.1,7/22/2026 13:09:05,16.5,0,24.05,0.9,
0,6.812,2597.5,40.1,7/22/2026 13:09:09,16.5,0,24.01,1.42,
0,6.931,2582.5,39.5,7/22/2026 13:09:14,16.5,0,24.1,1.18,
0,6.825,2584.17,39.5,7/22/2026 13:09:18,16.5,0,24.05,0.93,
0,6.804,2584.17,39.5,7/22/2026 13:09:23,16.5,0,24.09,0.89,
0,6.746,2586.67,39.5,7/22/2026 13:09:28,16.5,0,24.06,1.4,
0,6.746,2586.67,39.5,7/22/2026 13:09:32,16.5,0,23.77,1.37,
0,6.813,2590.83,39,7/22/2026 13:09:37,16.5,0,24.12,0.87,
0,6.892,2600,39,7/22/2026 13:09:41,16.5,0,23.9,1.11,
0,6.758,2589.17,39,7/22/2026 13:09:46,16.5,0,24.15,0.87,
0,6.836,2599.17,39,7/22/2026 13:09:50,16.5,0,24.09,0.83,
0,6.703,2603.33,39,7/22/2026 13:09:55,16.5,0,24.06,0.8,
0,6.87,2600.83,39,7/22/2026 13:09:59,16.5,0,24.17,0.86,
0,6.814,2601.67,39,7/22/2026 13:10:03,16.5,0,23.94,1.15,
0,6.866,2595,38.9,7/22/2026 13:10:08,16.5,0,24.2,0.8,
0,6.875,2593.33,38.7,7/22/2026 13:10:12,16.5,0,24.1,1.19,
0,6.868,2585,38.5,7/22/2026 13:10:17,16.5,0,24.12,0.94,
0,6.899,2580,38.5,7/22/2026 13:10:21,16.5,0,24.04,1.13,
0,6.899,2580,38.5,7/22/2026 13:10:25,16.5,0,24.04,1.3,
0,6.901,2574.17,38.5,7/22/2026 13:10:30,16.5,0,24.14,0.9,
0,6.818,2558.33,38.5,7/22/2026 13:10:34,16.5,0,24.2,1.23,
0,6.72,2563.33,38.5,7/22/2026 13:10:39,16.5,0,24.13,1.47,
0,6.814,2563.33,38.5,7/22/2026 13:10:43,16.5,0,24.12,1.42,
0,6.864,2565.83,38.5,7/22/2026 13:10:47,16.5,0,24.15,1.32,
0,6.729,2525.83,38.5,7/22/2026 13:11:00,16.5,0,24.21,1.17,
0,6.757,2540,38,7/22/2026 13:11:06,16.5,0,24.01,1.43,
0,6.726,2559.17,38,7/22/2026 13:11:11,16.5,0,24.17,1.45,
0,6.818,2558.33,38,7/22/2026 13:11:16,16.5,0,24.22,1.24,
0,6.615,2557.5,38,7/22/2026 13:11:16,16.5,0,24.22,1.24,
0,6.608,2566.67,38,7/22/2026 13:11:20,16.5,0,24.17,1.4,
0,6.666,2575.83,38,7/22/2026 13:11:25,16.5,0,24.17,0.86,
0,6.62,2588.33,38,7/22/2026 13:11:30,16.5,0,24.3,1.27,
0,6.58,2594.17,38,7/22/2026 13:11:35,16.5,0,23.78,1.11,
0,6.514,2599.17,38,7/22/2026 13:11:39,16.5,0,24.01,1.37,
0,6.522,2615.83,38,7/22/2026 13:11:44,16.5,0,24.14,1.46,
0,6.513,2626.67,38,7/22/2026 13:11:49,16.5,0,24.2,0.86,
0,6.513,2626.67,38,7/22/2026 13:11:53,16.5,0,24.18,1.17,
0,6.576,2642.5,38,7/22/2026 13:11:54,16.5,0,24.18,1.17,
0,6.62,2647.5,38,7/22/2026 13:11:58,16.5,0,24.21,0.94,
0,6.607,2664.17,38,7/22/2026 13:12:03,16.5,0,24.22,0.84,
0,6.616,2667.5,38,7/22/2026 13:12:09,16.5,0,24.34,0.89,
0,6.641,2683.33,38,7/22/2026 13:12:13,16.5,0,24.23,1.37,
0,6.59,2695.83,38,7/22/2026 13:12:19,16.5,0,24.18,1.1,
0,6.567,2706.67,38,7/22/2026 13:12:24,16.5,0,24.27,1.2,
0,6.567,2706.67,38,7/22/2026 13:12:28,16.5,0,24.29,1.24,
0,6.553,2715.83,38,7/22/2026 13:12:32,16.5,0,24.18,0.87,
0,6.77,2717.5,38,7/22/2026 13:12:37,16.5,0,24.3,0.8,
0,6.711,2715,38,7/22/2026 13:12:42,16.5,0,24.33,1.25,
0,6.509,2715,38,7/22/2026 13:12:47,16.5,0,24.11,0.89,
0,6.639,2718.33,38,7/22/2026 13:12:52,16.5,0,24.15,1.15,
0,6.569,2722.5,38,7/22/2026 13:12:56,16.5,0,24.23,1.24,
0,6.569,2722.5,38,7/22/2026 13:12:56,16.5,0,24.23,1.24,
0,6.646,2722.5,38,7/22/2026 13:13:00,16.5,0,24.2,1.01,
0,6.66,2717.5,38.5,7/22/2026 13:13:04,16.5,0,24.3,1.36,
0,6.66,2717.5,38.5,7/22/2026 13:13:04,16.5,0,24.3,1.36,
0,6.503,2715,38.5,7/22/2026 13:13:10,16.5,0,24.17,1.06,
0,6.664,2710.83,38.5,7/22/2026 13:13:10,16.5,0,24.17,1.06,
0,6.556,2707.5,38.5,7/22/2026 13:13:14,16.5,0,24.19,1.49,
0,6.512,2703.33,38.5,7/22/2026 13:13:19,16.5,0,24.21,1.11,
0,6.532,2695,38.5,7/22/2026 13:13:23,16.5,0,24.2,1.32,
0,6.532,2695,38.5,7/22/2026 13:13:27,16.5,0,24.15,1.31,
0,6.643,2680.83,38.5,7/22/2026 13:13:32,16.5,0,24.19,1.22,
0,6.612,2675.83,38.5,7/22/2026 13:13:37,16.5,0,24.17,1.16,
0,6.643,2670,38.5,7/22/2026 13:13:42,16.5,0,24.2,1.43,
0,6.676,2669.17,38.5,7/22/2026 13:13:47,16.5,0,24.23,1.48,
0,6.613,2670,38.5,7/22/2026 13:13:47,16.5,0,24.23,1.48,
0,6.657,2673.33,38.5,7/22/2026 13:13:52,16.5,0,24.19,1.18,
0,6.616,2685.83,38.8,7/22/2026 13:13:57,16.5,0,24.2,0.85,
0,6.625,2690.83,38.9,7/22/2026 13:14:01,16.5,0,24.36,0.95,
0,6.605,2697.5,39,7/22/2026 13:14:06,16.5,0,24.01,1.01,
0,6.621,2716.67,38.7,7/22/2026 13:14:14,16.5,0,24.22,1.07,
0,6.65,2730,38.5,7/22/2026 13:14:14,16.5,0,24.22,1.07,
0,6.638,2745,38.5,7/22/2026 13:14:21,16.5,0,24.3,0.8,
0,6.546,2745.83,38.5,7/22/2026 13:14:26,16.5,0,24.25,0.99,
0,6.689,2754.17,38.5,7/22/2026 13:14:30,16.5,0,24.2,0.83,
0,6.557,2762.5,38.5,7/22/2026 13:14:35,16.5,0,24.15,1.36,
0,6.63,2760.83,38.5,7/22/2026 13:14:42,16.5,0,24.3,0.94,
0,6.703,2773.33,38.5,7/22/2026 13:14:47,16.5,0,24.18,1.04,
0,6.58,2832.5,38.5,7/22/2026 13:14:59,16.5,0,24.39,1.08,
0,6.694,2849.17,38.5,7/22/2026 13:15:06,16.5,0,24.44,1.39,
0,6.694,2849.17,38.5,7/22/2026 13:15:15,16.5,0,24.37,1.39,
0,6.644,2937.5,38.1,7/22/2026 13:15:23,16.5,0,24.36,0.86,
0,6.328,3000,38,7/22/2026 13:15:31,16.5,0,24.43,1.17,
0,6.277,3027.5,38,7/22/2026 13:15:38,16.5,0,24.47,0.8,
0,6.333,3035.83,38,7/22/2026 13:15:43,16.5,0,24.41,0.83,
0,6.269,3067.5,38,7/22/2026 13:15:47,16.5,0,24.49,1.12,
0,6.311,3095,38,7/22/2026 13:15:51,16.5,0,24.63,1.45,
0,6.311,3095,38,7/22/2026 13:15:51,16.5,0,24.63,1.45,
0,6.375,3139.17,38,7/22/2026 13:15:56,16.5,0,24.53,0.85,
0,6.393,3165,38,7/22/2026 13:16:00,16.5,0,24.69,0.92,
0,6.327,3191.67,38,7/22/2026 13:16:05,16.5,0,24.63,1.31,
0,6.38,3270.83,38,7/22/2026 13:16:09,16.5,0,24.65,0.81,
0,6.289,3280,38,7/22/2026 13:16:14,16.5,0,24.73,1.46,
0,6.388,3330,38,7/22/2026 13:16:19,16.5,0,24.68,1.47,
0,6.219,3382.5,38,7/22/2026 13:16:23,16.5,0,24.83,1.17,
0,6.295,3434.17,38,7/22/2026 13:16:28,16.5,0,24.8,1.12,
0,6.358,3421.67,38,7/22/2026 13:16:33,16.5,0,24.84,1.26,
0,6.358,3421.67,38,7/22/2026 13:16:33,16.5,0,24.84,1.26,
0,6.31,3428.33,38.5,7/22/2026 13:16:37,16.5,0,24.82,1.41,
0,6.31,3428.33,38.5,7/22/2026 13:16:42,16.5,0,24.61,0.97,
0,6.263,3431.67,38.5,7/22/2026 13:16:47,16.5,0,24.83,0.91,
0,6.285,3474.17,38.5,7/22/2026 13:16:53,16.5,0,25,1.44,
0,6.342,3700,38.5,7/22/2026 13:16:57,16.5,0,24.89,1.44,
0,6.386,3866.67,38.5,7/22/2026 13:17:01,16.5,0,25.17,1.03,
0,6.275,3796.67,38.5,7/22/2026 13:17:07,16.5,0,25.11,1.2,
0,6.261,3560.83,38.5,7/22/2026 13:17:12,16.5,0,24.81,0.84,
0,6.337,3509.17,38.5,7/22/2026 13:17:17,16.5,0,24.89,1.49,
0,6.334,3540,38.5,7/22/2026 13:17:23,16.5,0,25.04,1.09,
0,6.418,3416.67,38.4,7/22/2026 13:17:28,16.5,0,24.84,0.86,
0,6.214,3436.67,38.2,7/22/2026 13:17:32,16.5,0,25.01,1.16,
0,6.345,3433.33,38,7/22/2026 13:17:37,16.5,0,24.89,1.05,
0,6.24,3395,38,7/22/2026 13:17:41,16.5,0,24.83,1.42,
0,6.371,3214.17,38,7/22/2026 13:17:49,16.5,0,24.92,1.11,
0,6.308,3155.83,38,7/22/2026 13:17:53,16.5,0,24.63,1.43,
0,6.404,3095,38.5,7/22/2026 13:17:58,16.5,0,24.6,1.11,
0,6.303,3051.67,38.5,7/22/2026 13:18:02,16.5,0,24.51,1.1,
0,6.197,3020,38.5,7/22/2026 13:18:08,16.5,0,24.52,0.93,
0,6.197,3020,38.5,7/22/2026 13:18:13,16.5,0,24.48,0.92,
0,6.318,2945.83,38.5,7/22/2026 13:18:17,16.5,0,24.41,1.27,
0,6.266,2918.33,38.5,7/22/2026 13:18:22,16.5,0,24.42,1.19,
0,6.303,2898.33,38.5,7/22/2026 13:18:26,16.5,0,24.46,1.3,
0,6.348,2867.5,38.5,7/22/2026 13:18:31,16.5,0,24.33,0.96,
0,6.348,2855.83,38.5,7/22/2026 13:18:35,16.5,0,24.41,1.41,
0,6.288,2828.33,38.5,7/22/2026 13:18:40,16.5,0,24.34,0.85,
0,6.348,2814.17,38.5,7/22/2026 13:18:44,16.5,0,24.33,1.17,
0,6.243,2787.5,38.9,7/22/2026 13:18:49,16.5,0,24.41,1.42,
0,6.313,2768.33,39,7/22/2026 13:18:54,16.5,0,24.31,0.87,
0,6.25,2764.17,39,7/22/2026 13:18:58,16.5,0,24.38,0.99,
0,6.236,2752.5,39,7/22/2026 13:19:02,16.5,0,24.34,1.47,
0,6.233,2735,39,7/22/2026 13:19:07,16.5,0,24.17,0.92,
0,6.274,2733.33,39,7/22/2026 13:19:11,16.5,0,24.36,1.3,
0,6.182,2720,39,7/22/2026 13:19:15,16.5,0,24.3,1.34,
0,6.173,2711.67,39,7/22/2026 13:19:20,16.5,0,24.01,0.81,
0,6.165,2703.33,39,7/22/2026 13:19:25,16.5,0,24.21,1.27,
0,6.315,2701.67,39.1,7/22/2026 13:19:30,16.5,0,24.4,1.17,
0,6.252,2702.5,39,7/22/2026 13:19:35,16.5,0,24.32,1.12,
0,6.23,2705.83,39.1,7/22/2026 13:19:35,16.5,0,24.32,1.12,
0,6.343,2710,39.1,7/22/2026 13:19:40,16.5,0,24.39,1.4,
0,6.28,2713.33,39.5,7/22/2026 13:19:44,16.5,0,24.39,1.42,
0,6.229,2725,39.5,7/22/2026 13:19:49,16.5,0,24.5,0.99,
0,6.155,2699.17,39.5,7/22/2026 13:19:54,16.5,0,24.4,1.17,
0,6.361,2643.33,39.5,7/22/2026 13:19:58,16.5,0,24.3,1.01,
0,6.224,2583.33,39.6,7/22/2026 13:20:06,16.5,0,24.29,1.32,
0,6.186,2554.17,39.5,7/22/2026 13:20:11,16.5,0,24.24,1.02,
0,6.245,2535.83,39.5,7/22/2026 13:20:15,16.5,0,24.31,1.49,
0,6.228,2510.83,39.5,7/22/2026 13:20:19,16.5,0,24.27,1.22,
0,6.228,2510.83,39.5,7/22/2026 13:20:20,16.5,0,24.27,1.22,
0,6.252,2498.33,39.5,7/22/2026 13:20:24,16.5,0,24.15,1.11,
0,6.218,2471.67,39.5,7/22/2026 13:20:35,16.5,0,24.21,1.24,
0,6.205,2457.5,39.5,7/22/2026 13:20:40,16.5,0,24.09,0.85,
0,6.205,2457.5,39.5,7/22/2026 13:20:44,16.5,0,24.23,0.86,
0,6.241,2405,39.5,7/22/2026 13:20:49,16.5,0,24.19,0.94,
0,6.219,2338.33,39.5,7/22/2026 13:20:54,16.5,0,24.07,1.41,
0,6.219,2338.33,39.5,7/22/2026 13:20:54,16.5,0,24.07,1.41,
0,6.206,2321.67,39.5,7/22/2026 13:20:59,16.5,0,24.16,1.18,
0,6.229,2298.33,39.5,7/22/2026 13:21:03,16.5,0,23.97,0.81,
0,6.23,2278.33,39.5,7/22/2026 13:21:07,16.5,0,24.01,0.96,
0,6.269,2270,39.5,7/22/2026 13:21:12,16.5,0,24.01,1.11,
0,6.173,2244.17,39.5,7/22/2026 13:21:17,16.5,0,23.93,1.21,
0,6.278,2216.67,39.5,7/22/2026 13:21:21,16.5,0,23.98,1.28,
0,6.278,2216.67,39.5,7/22/2026 13:21:21,16.5,0,23.98,1.28,
0,6.199,2200,39.5,7/22/2026 13:21:26,16.5,0,23.9,1.04,
0,6.153,2183.33,39.5,7/22/2026 13:21:31,16.5,0,23.9,1.44,
0,6.153,2183.33,39.5,7/22/2026 13:21:31,16.5,0,23.9,1.44,
0,6.153,2183.33,39.5,7/22/2026 13:21:35,16.5,0,23.9,1.29,
0,6.21,2207.5,39.5,7/22/2026 13:21:39,16.5,0,24,1.47,
0,6.21,2207.5,39.5,7/22/2026 13:21:43,16.5,0,23.83,0.99,
0,6.173,2229.17,39.1,7/22/2026 13:21:43,16.5,0,23.83,0.99,
0,6.152,2267.5,39,7/22/2026 13:21:47,16.5,0,24.17,1.18,
0,6.211,2259.17,39,7/22/2026 13:21:51,16.5,0,24.02,1.06,
0,6.194,2253.33,39,7/22/2026 13:21:56,16.5,0,23.93,0.89,
0,6.204,2252.5,39,7/22/2026 13:22:01,16.5,0,23.84,1.32,
0,6.155,2255,39,7/22/2026 13:22:05,16.5,0,23.95,1.36,
0,6.159,2268.33,39,7/22/2026 13:22:10,16.5,0,23.93,1.19,
0,6.261,2272.5,39,7/22/2026 13:22:15,16.5,0,23.91,0.93,
0,6.229,2289.17,39,7/22/2026 13:22:19,16.5,0,24.04,1.24,
0,6.205,2275.83,38.6,7/22/2026 13:22:24,16.5,0,23.98,1.43,
0,6.205,2275.83,38.6,7/22/2026 13:22:24,16.5,0,23.98,1.43,
0,6.182,2281.67,38.6,7/22/2026 13:22:29,16.5,0,23.98,1.13,
0,6.139,2295.83,38.5,7/22/2026 13:22:34,16.5,0,24.01,1.3,
0,6.162,2318.33,38.5,7/22/2026 13:22:38,16.5,0,24.02,1.43,
0,6.094,2378.33,38.5,7/22/2026 13:22:43,16.5,0,23.95,1.04,
0,6.097,2441.67,38.5,7/22/2026 13:22:47,16.5,0,24.3,0.89,
0,6.097,2441.67,38.5,7/22/2026 13:22:47,16.5,0,24.3,0.89,
0,6.105,2514.17,38.5,7/22/2026 13:22:52,16.5,0,24.18,1.42,
0,6.105,2514.17,38.5,7/22/2026 13:22:52,16.5,0,24.18,1.42,
0,6.12,2634.17,38.5,7/22/2026 13:22:56,16.5,0,24.36,0.83,
0,6.055,2695,38.5,7/22/2026 13:23:00,16.5,0,24.51,1.47,
0,6.138,2826.67,38.5,7/22/2026 13:23:04,16.5,0,25,0.84,
0,6.154,3140.83,38.5,7/22/2026 13:23:08,16.5,0,25.49,1.37,
0,6.592,3981.67,38.5,7/22/2026 13:23:13,16.5,0,25.97,1.33,
0,7.412,4690.83,38.5,7/22/2026 13:23:17,16.5,0,25.96,0.83,
0,7.563,4876.67,38.5,7/22/2026 13:23:21,16.5,0,25.77,1.33,
0,7.408,4968.33,39,7/22/2026 13:23:26,16.5,0,25.85,1.39,
0,7.358,4974.17,39,7/22/2026 13:23:30,16.5,0,25.89,0.95,
0,7.175,4896.67,39.5,7/22/2026 13:23:37,16.5,0,25.7,1.42,
0,7.175,4896.67,39.5,7/22/2026 13:23:37,16.5,0,25.7,1.42,
0,6.952,4883.33,39.5,7/22/2026 13:23:42,16.5,0,25.86,0.9,
0,7.106,4910,40.1,7/22/2026 13:23:47,16.5,0,25.76,1.06,
0,7.047,4996.67,40.5,7/22/2026 13:23:51,16.5,0,25.72,1.17,
0,7.169,5085.83,40.6,7/22/2026 13:23:55,16.5,0,26.09,1.03,
0,7.169,5085.83,40.6,7/22/2026 13:24:00,16.5,0,25.8,0.97,
0,7.136,5162.5,41.1,7/22/2026 13:24:05,16.5,0,25.78,1.1,
0,7.106,5083.33,41.6,7/22/2026 13:24:09,16.5,0,25.76,1.47,
0,7.105,5037.5,41.6,7/22/2026 13:24:14,16.5,0,25.62,0.92,
0,7.039,4980.83,42,7/22/2026 13:24:18,16.5,0,25.59,1.48,
0,7.018,4957.5,42,7/22/2026 13:24:23,16.5,0,25.6,1.06,
0,6.993,4856.67,42.5,7/22/2026 13:24:28,16.5,0,25.65,1.44,
0,6.993,4856.67,42.5,7/22/2026 13:24:33,16.5,0,25.71,1.21,
0,7.008,4846.67,42.5,7/22/2026 13:24:39,16.5,0,25.67,1.08,
0,7.016,4929.17,42.5,7/22/2026 13:24:44,16.5,0,25.57,1.23,
0,6.939,4950.83,42.5,7/22/2026 13:24:50,16.5,0,25.58,0.8,
0,6.894,4905.83,42.5,7/22/2026 13:24:54,16.5,0,25.42,1.19,
0,6.914,4925,42.5,7/22/2026 13:24:59,16.5,0,25.66,0.82,
0,6.717,4835,42.5,7/22/2026 13:25:03,16.5,0,25.56,1.37,
0,6.717,4835,42.5,7/22/2026 13:25:03,16.5,0,25.56,1.37,
0,6.773,4705,42.5,7/22/2026 13:25:08,16.5,0,25.47,0.86,
0,6.694,4635,42.5,7/22/2026 13:25:13,16.5,0,25.44,0.95,
0,6.811,4665,42.6,7/22/2026 13:25:18,16.5,0,25.42,0.92,
0,6.696,4788.33,42.9,7/22/2026 13:25:24,16.5,0,25.51,1.17,
0,7.344,4746.67,43,7/22/2026 13:25:29,16.5,0,25.4,0.99,
0,7.778,4670,43,7/22/2026 13:25:29,16.5,0,25.4,0.99,
0,7.882,4641.67,43,7/22/2026 13:25:33,16.5,0,25.38,0.94,
0,8.04,4216.67,43.3,7/22/2026 13:25:41,16.5,0,25.2,1.44,
0,7.916,3862.5,43.5,7/22/2026 13:25:46,16.5,0,24.6,1.33,
0,7.826,3896.67,43.5,7/22/2026 13:25:50,16.5,0,24.99,1.17,
0,7.833,4066.67,43.7,7/22/2026 13:25:54,16.5,0,25.17,1.18,
0,7.92,4379.17,43.9,7/22/2026 13:25:59,16.5,0,24.85,0.96,
0,7.963,4583.33,43.9,7/22/2026 13:26:03,16.5,0,25.45,0.81,
0,7.875,4519.17,43.9,7/22/2026 13:26:08,16.5,0,25.28,1.48,
0,7.739,4500.83,43.9,7/22/2026 13:26:12,16.5,0,25.41,0.98,
0,7.855,4507.5,43.9,7/22/2026 13:26:17,16.5,0,25.22,1.14,
0,7.774,4540.83,44,7/22/2026 13:26:22,16.5,0,25.2,1.35,
0,7.775,4525,44.1,7/22/2026 13:26:28,16.5,0,25.19,1.2,
0,7.869,4491.67,44.3,7/22/2026 13:26:32,16.5,0,25.22,1.3,
0,7.697,4693.33,44.4,7/22/2026 13:26:37,16.5,0,25.25,1.14,
0,7.828,4546.67,44,7/22/2026 13:26:42,16.5,0,25.2,1.1,
0,7.641,4518.33,43.9,7/22/2026 13:26:46,16.5,0,25.13,0.93,
0,7.711,4575,43.9,7/22/2026 13:26:50,16.5,0,25.17,0.93,
0,7.679,4597.5,43.9,7/22/2026 13:26:54,16.5,0,25.19,1.16,
0,7.638,4614.17,43.9,7/22/2026 13:26:58,16.5,0,25.22,1.4,
0,7.74,4638.33,43.9,7/22/2026 13:27:03,16.5,0,25.38,0.88,
0,7.598,4594.17,44,7/22/2026 13:27:08,16.5,0,25.06,0.98,
0,7.659,4587.5,44,7/22/2026 13:27:20,16.5,0,25.08,0.88,
0,7.659,4587.5,44,7/22/2026 13:27:21,16.5,0,25.14,1.23,
0,7.49,4325.83,44,7/22/2026 13:27:27,16.5,0,24.98,0.98,
0,7.598,4479.17,43.9,7/22/2026 13:27:32,16.5,0,25.08,1.08,
0,7.431,4535,44,7/22/2026 13:27:36,16.5,0,25.09,1.3,
0,7.566,4522.5,44.4,7/22/2026 13:27:41,16.5,0,25.05,1.01,
0,7.585,4570.83,44.4,7/22/2026 13:27:46,16.5,0,25.09,0.82,
0,7.683,4622.5,44.4,7/22/2026 13:27:51,16.5,0,25.08,1.09,
0,8.189,4638.33,44.6,7/22/2026 13:27:55,16.5,0,25.04,1.19,
0,8.508,4645.83,44.8,7/22/2026 13:28:00,16.5,0,24.9,0.87,
0,8.408,4642.5,44.8,7/22/2026 13:28:04,16.5,0,24.66,1.01,
0,8.287,4587.5,44.8,7/22/2026 13:28:08,16.5,0,25.03,1.14,
0,8.287,4587.5,44.8,7/22/2026 13:28:13,16.5,0,24.95,1.41,
0,8.367,4585,44.8,7/22/2026 13:28:18,16.5,0,24.77,1.36,
0,8.415,4520.83,45.3,7/22/2026 13:28:23,16.5,0,24.9,1.06,
0,8.442,4534.17,45.6,7/22/2026 13:28:29,16.5,0,25.08,1.08,
0,8.417,4577.5,45.7,7/22/2026 13:28:34,16.5,0,25.01,1.04,
0,8.219,4575,45.7,7/22/2026 13:28:39,16.5,0,24.76,1.32,
0,8.496,4480,45.7,7/22/2026 13:28:43,16.5,0,24.82,0.85,
0,8.466,4379.17,46.2,7/22/2026 13:28:48,16.5,0,24.94,0.94,
0,8.549,4468.33,46.2,7/22/2026 13:28:52,16.5,0,24.89,1.4,
0,8.593,4439.17,46.2,7/22/2026 13:28:57,16.5,0,24.82,1.17,
0,8.527,4435,46.2,7/22/2026 13:29:01,16.5,0,24.91,0.84,
0,8.56,4482.5,46.2,7/22/2026 13:29:06,16.5,0,24.88,1.28,
0,8.66,4477.5,46.2,7/22/2026 13:29:11,16.5,0,24.71,0.91,
0,8.628,4505,46.2,7/22/2026 13:29:15,16.5,0,24.96,1.36,
0,8.589,4509.17,46.2,7/22/2026 13:29:19,16.5,0,24.97,0.87,
0,8.538,4447.5,46.2,7/22/2026 13:29:25,16.5,0,24.82,1.49,
0,8.632,4563.33,46.2,7/22/2026 13:29:30,16.5,0,24.79,0.87,
0,8.61,4556.67,46.2,7/22/2026 13:29:35,16.5,0,24.79,1.22,
0,8.425,4559.17,46.2,7/22/2026 13:29:39,16.5,0,24.82,1.03,
0,8.594,4422.5,46.2,7/22/2026 13:29:43,16.5,0,24.79,1.02,
0,8.632,4113.33,46.3,7/22/2026 13:29:48,16.5,0,24.69,1.48,
0,8.62,4350.83,46.3,7/22/2026 13:29:52,16.5,0,24.57,1.46,
0,8.716,4387.5,47,7/22/2026 13:29:57,16.5,0,24.4,1.33,
0,8.763,4441.67,47,7/22/2026 13:29:57,16.5,0,24.4,1.33,
0,8.696,4464.17,47,7/22/2026 13:30:02,16.5,0,24.8,1.19,
0,8.706,4449.17,47,7/22/2026 13:30:07,16.5,0,24.85,1.39,
0,8.616,4458.33,47,7/22/2026 13:30:11,16.5,0,24.79,0.97,
0,8.574,4474.17,47.1,7/22/2026 13:30:17,16.5,0,24.86,1.46,
0,8.603,4509.17,47.1,7/22/2026 13:30:21,16.5,0,24.91,1.12,
0,8.601,4620,47.1,7/22/2026 13:30:21,16.5,0,24.91,1.12,
0,8.538,4569.17,47.1,7/22/2026 13:30:26,16.5,0,24.73,1.39,
0,8.551,4556.67,47.1,7/22/2026 13:30:30,16.5,0,24.84,1.41,
0,8.478,4571.67,47.1,7/22/2026 13:30:35,16.5,0,24.85,1.09,
0,8.562,4572.5,47.1,7/22/2026 13:30:40,16.5,0,24.87,0.89,
0,8.562,4572.5,47.1,7/22/2026 13:30:40,16.5,0,24.87,0.89,
0,8.501,4603.33,47.1,7/22/2026 13:30:44,16.5,0,24.8,1.1,
0,8.501,4603.33,47.1,7/22/2026 13:30:44,16.5,0,24.8,1.1,
0,8.605,4608.33,46.3,7/22/2026 13:30:48,16.5,0,24.79,1.16,
0,8.564,4634.17,46.2,7/22/2026 13:30:53,16.5,0,24.98,1.13,
0,8.322,4655.83,46.2,7/22/2026 13:30:58,16.5,0,24.84,1.17,
0,8.231,4690,46.2,7/22/2026 13:31:02,16.5,0,24.69,1.31,
0,8.096,4730.83,46.2,7/22/2026 13:31:06,16.5,0,24.77,1.39,
0,8.19,4763.33,46.2,7/22/2026 13:31:10,16.5,0,24.86,1.02,
0,8.269,4797.5,45.7,7/22/2026 13:31:15,16.5,0,24.97,1.15,
0,8.322,4826.67,45.7,7/22/2026 13:31:19,16.5,0,24.99,0.8,
0,8.222,4800.83,45.7,7/22/2026 13:31:24,16.5,0,24.88,1.03,
0,8.247,4835,45.7,7/22/2026 13:31:28,16.5,0,24.83,0.98,
0,8.229,4871.67,45.7,7/22/2026 13:31:33,16.5,0,24.92,0.8,
0,8.257,4860.83,45.7,7/22/2026 13:31:38,16.5,0,24.91,1.34,
0,8.139,4866.67,46.2,7/22/2026 13:31:42,16.5,0,24.92,1.14,
0,8.141,4860,46.2,7/22/2026 13:31:47,16.5,0,24.84,0.84,
0,8.066,4867.5,46.2,7/22/2026 13:31:52,16.5,0,24.91,1.48,
0,8.241,4848.33,46.2,7/22/2026 13:31:56,16.5,0,24.92,1.11,
0,8.281,4875,47.1,7/22/2026 13:32:02,16.5,0,24.91,1.33,
0,8.277,4834.17,47.1,7/22/2026 13:32:06,16.5,0,24.84,1.45,
0,8.111,4201.67,47.1,7/22/2026 13:32:11,16.5,0,24.46,1.14,
0,8.18,4086.67,47.1,7/22/2026 13:32:16,16.5,0,23.51,0.99,
0,8.143,2756.67,46.4,7/22/2026 13:32:16,16.5,0,23.51,0.99,
0,8.168,2975.83,46.2,7/22/2026 13:32:21,16.5,0,23.16,1.4,
0,8.186,2428.33,46.2,7/22/2026 13:32:25,16.5,0,22.93,0.91,
0,8.204,2369.17,46.2,7/22/2026 13:32:30,16.5,0,23.05,1.44,
0,8.262,2281.67,45.7,7/22/2026 13:32:36,16.5,0,22.95,1.18,
0,8.203,2230,45.7,7/22/2026 13:32:41,16.5,0,22.87,1.34,
0,8.12,2215.83,45.7,7/22/2026 13:32:46,16.5,0,22.95,1.18,
0,8.092,2209.17,45.7,7/22/2026 13:32:46,16.5,0,22.95,1.18,
0,8.19,2205,45.5,7/22/2026 13:32:50,16.5,0,23.02,1.07,
0,8.075,2235,45.3,7/22/2026 13:32:55,16.5,0,23.13,1.12,
0,8.139,2311.67,45.3,7/22/2026 13:32:59,16.5,0,23.16,1.39,
0,8.12,2282.5,45.3,7/22/2026 13:33:04,16.5,0,23.09,0.92,
0,8.088,2257.5,45.3,7/22/2026 13:33:09,16.5,0,23.15,0.84,
0,8.105,2250.83,45.3,7/22/2026 13:33:13,16.5,0,23.22,0.82,
0,8.088,2273.33,45.2,7/22/2026 13:33:18,16.5,0,23.3,1.31,
0,8.021,2315,44.8,7/22/2026 13:33:23,16.5,0,23.24,0.8,
0,8.193,2561.67,44.9,7/22/2026 13:33:30,16.5,0,23.42,1.12,
0,8.205,3085,44.8,7/22/2026 13:33:34,16.5,0,23.81,0.91,
0,8.214,4505.83,44.8,7/22/2026 13:33:39,16.5,0,25.09,0.91,
0,8.131,4514.17,44.8,7/22/2026 13:33:44,16.5,0,24.99,1.13,
0,8.175,4555.83,44.8,7/22/2026 13:33:48,16.5,0,24.86,0.86,
0,8.171,4620,45.1,7/22/2026 13:33:52,16.5,0,25.19,1.02,
0,8.19,4666.67,45.3,7/22/2026 13:33:57,16.5,0,25.14,0.9,
0,8.221,4717.5,45.3,7/22/2026 13:34:01,16.5,0,24.99,1.11,
0,8.25,4703.33,45.5,7/22/2026 13:34:06,16.5,0,24.98,1.44,
0,8.208,4708.33,45.7,7/22/2026 13:34:11,16.5,0,25.05,1.02,
0,8.275,4715.83,45.7,7/22/2026 13:34:16,16.5,0,24.81,1.31,
0,8.308,4715.83,46.2,7/22/2026 13:34:20,16.5,0,25.03,1.39,
0,8.452,4734.17,46.2,7/22/2026 13:34:24,16.5,0,24.9,1.14,
0,8.385,4754.17,46.2,7/22/2026 13:34:29,16.5,0,25.06,0.81,
0,8.439,4747.5,46.2,7/22/2026 13:34:34,16.5,0,25.08,1.1,
0,8.44,4752.5,46.2,7/22/2026 13:34:39,16.5,0,25,0.82,
0,8.42,4746.67,46.2,7/22/2026 13:34:39,16.5,0,25,0.82,
0,8.376,4755.83,46.2,7/22/2026 13:34:44,16.5,0,25.19,0.89,
0,8.39,4712.5,45.7,7/22/2026 13:34:50,16.5,0,25.12,1.47,
0,8.26,4704.17,45.7,7/22/2026 13:34:54,16.5,0,24.85,1.05,
0,8.253,4687.5,45.7,7/22/2026 13:34:59,16.5,0,25.06,1.04,
0,8.374,4655.83,45.6,7/22/2026 13:35:03,16.5,0,24.54,1.43,
0,8.269,4647.5,45.3,7/22/2026 13:35:08,16.5,0,25.16,0.82,
0,8.269,4647.5,45.3,7/22/2026 13:35:12,16.5,0,25.03,1.25,
0,8.268,4595.83,45.3,7/22/2026 13:35:17,16.5,0,24.99,1.29,
0,8.283,4585.83,45.3,7/22/2026 13:35:21,16.5,0,25.25,1.16,
0,8.211,4586.67,45.3,7/22/2026 13:35:25,16.5,0,25.01,0.97,
0,8.294,4580.83,45.3,7/22/2026 13:35:26,16.5,0,25.01,0.97,
0,8.294,4580.83,45.3,7/22/2026 13:35:30,16.5,0,25.01,1.35,
0,8.376,4586.67,45.3,7/22/2026 13:35:34,16.5,0,25.12,1.16,
0,8.159,4573.33,45.3,7/22/2026 13:35:38,16.5,0,25.08,1.08,
0,8.075,4540.83,45.2,7/22/2026 13:35:43,16.5,0,24.93,1.27,
0,8.098,4542.5,44.8,7/22/2026 13:35:47,16.5,0,25.01,1.48,
0,8.038,4533.33,44.8,7/22/2026 13:35:47,16.5,0,25.01,1.48,
0,8.099,4511.67,44.8,7/22/2026 13:35:51,16.5,0,25.03,1.45,
0,8.171,4527.5,44.8,7/22/2026 13:35:56,16.5,0,25.08,0.97,
0,8.112,4563.33,44.8,7/22/2026 13:36:00,16.5,0,25.08,1.03,
0,8.06,4563.33,44.8,7/22/2026 13:36:04,16.5,0,25.04,0.83,
0,8.243,4513.33,44.8,7/22/2026 13:36:08,16.5,0,25.02,0.98,
0,8.279,4447.5,44.8,7/22/2026 13:36:13,16.5,0,24.98,1.35,
0,8.112,4314.17,44.8,7/22/2026 13:36:17,16.5,0,24.96,1.23,
0,8.149,3977.5,44.8,7/22/2026 13:36:22,16.5,0,24.8,1.36,
0,8.2,3965,44.8,7/22/2026 13:36:27,16.5,0,24.69,1.38,
0,8.205,3534.17,44.8,7/22/2026 13:36:27,16.5,0,24.69,1.38,
0,8.156,3528.33,44.8,7/22/2026 13:36:33,16.5,0,24.6,1.31,
0,8.188,3213.33,44.7,7/22/2026 13:36:33,16.5,0,24.6,1.31,
0,8.188,3213.33,44.7,7/22/2026 13:36:38,16.5,0,24.5,1.24,
0,8.144,3498.33,44.5,7/22/2026 13:36:43,16.5,0,24.52,1.08,
0,8.205,3955,44.5,7/22/2026 13:36:47,16.5,0,24.58,0.9,
0,8.245,4564.17,44.8,7/22/2026 13:36:52,16.5,0,24.79,0.93,
0,8.245,4564.17,44.8,7/22/2026 13:36:52,16.5,0,24.79,0.93,
0,8.28,4630,44.8,7/22/2026 13:36:59,16.5,0,25.12,1.39,
0,8.317,4636.67,44.8,7/22/2026 13:37:07,16.5,0,25.06,1.46,
0,8.317,4636.67,44.8,7/22/2026 13:37:07,16.5,0,25.06,1.46,
0,8.387,4616.67,45.3,7/22/2026 13:37:13,16.5,0,25.03,0.83,
0,8.42,4605,45.3,7/22/2026 13:37:17,16.5,0,25.01,1.34,
0,8.41,4600,45.6,7/22/2026 13:37:22,16.5,0,25.03,1.32,
0,8.388,4606.67,45.7,7/22/2026 13:37:26,16.5,0,25.18,0.98,
0,8.478,4553.33,45.4,7/22/2026 13:37:52,16.5,0,25.12,1.06,
0,8.426,4588.33,45.3,7/22/2026 13:37:57,16.5,0,24.99,1.12,
0,8.426,4588.33,45.3,7/22/2026 13:37:57,16.5,0,24.99,1.12,
0,8.318,4611.67,45.3,7/22/2026 13:38:01,16.5,0,25.06,0.96,
0,8.364,4653.33,45.3,7/22/2026 13:38:12,16.5,0,25.09,1.25,
0,8.364,4653.33,45.3,7/22/2026 13:38:12,16.5,0,25.09,1.25,
0,8.505,4643.33,45.5,7/22/2026 13:38:16,16.5,0,24.95,1.12,
0,8.423,4662.5,45.7,7/22/2026 13:38:21,16.5,0,24.99,0.95,
0,8.427,4653.33,45.7,7/22/2026 13:38:21,16.5,0,24.99,0.95,
0,8.601,4658.33,45.7,7/22/2026 13:38:26,16.5,0,24.93,1.37,
0,8.555,4642.5,45.7,7/22/2026 13:38:33,16.5,0,24.91,1.32,
0,8.538,4593.33,45.7,7/22/2026 13:38:40,16.5,0,24.99,1.45,
0,8.649,4620,45.8,7/22/2026 13:38:47,16.5,0,24.84,0.93,
0,8.649,4620,45.8,7/22/2026 13:38:54,16.5,0,24.36,0.81,
0,8.619,3452.5,46.2,7/22/2026 13:38:58,16.5,0,24.26,0.81,
0,8.699,3670.83,46.2,7/22/2026 13:39:03,16.5,0,24.7,1.1,
0,8.667,4560,46.2,7/22/2026 13:39:14,16.5,0,24.87,1.22,
0,8.667,4560,46.2,7/22/2026 13:39:16,16.5,0,24.6,1.27,
0,8.532,3820,46.2,7/22/2026 13:39:20,16.5,0,24.49,1.2,
0,8.559,4177.5,47,7/22/2026 13:39:25,16.5,0,24.75,1.23,
0,8.675,4114.17,47.1,7/22/2026 13:39:30,16.5,0,24.71,1.28,
0,8.745,4005.83,47.1,7/22/2026 13:39:35,16.5,0,24.77,1.18,
0,8.547,3532.5,47.1,7/22/2026 13:39:40,16.5,0,24.53,1.19,
0,8.495,3980.83,47.1,7/22/2026 13:39:45,16.5,0,24.69,1.27,
0,8.484,3389.17,47.1,7/22/2026 13:39:49,16.5,0,24.24,0.97,
0,8.582,3154.17,47.1,7/22/2026 13:39:56,16.5,0,24.02,0.81,
0,8.393,2935,47.1,7/22/2026 13:40:01,16.5,0,24.63,1.34,
0,8.488,3910.83,47.1,7/22/2026 13:40:06,16.5,0,24.7,0.85,
0,8.388,4017.5,47.1,7/22/2026 13:40:11,16.5,0,24.63,0.96,
0,8.538,3942.5,47.1,7/22/2026 13:40:17,16.5,0,24.66,1.22,
0,8.462,4379.17,47.1,7/22/2026 13:40:22,16.5,0,24.89,1.4,
0,8.415,4387.5,47.2,7/22/2026 13:40:27,16.5,0,24.78,1.07,
0,8.443,4512.5,47.6,7/22/2026 13:40:32,16.5,0,25.09,1.36,
0,8.535,4543.33,47.6,7/22/2026 13:40:36,16.5,0,24.93,1.33,
0,8.492,4693.33,47.6,7/22/2026 13:40:40,16.5,0,24.9,1.08,
0,8.459,4674.17,47.6,7/22/2026 13:40:45,16.5,0,24.88,0.87,
0,8.464,4761.67,47.6,7/22/2026 13:40:49,16.5,0,24.98,1.2,
0,8.271,4805,47.6,7/22/2026 13:40:54,16.5,0,24.93,1.38,
0,8.194,4840.83,47.6,7/22/2026 13:40:59,16.5,0,24.99,1.45,
0,8.123,4855,47.7,7/22/2026 13:41:03,16.5,0,24.96,1.42,
0,8.085,4854.17,47.7,7/22/2026 13:41:07,16.5,0,24.79,0.92,
0,8.174,4872.5,47.7,7/22/2026 13:41:11,16.5,0,24.9,0.8,
0,8.123,4847.5,47.8,7/22/2026 13:41:16,16.5,0,24.83,1.17,
0,8.03,4518.33,48.1,7/22/2026 13:41:21,16.5,0,23.85,1.14,
0,7.883,3006.67,48.2,7/22/2026 13:41:25,16.5,0,23.46,1.17,
0,8.112,2866.67,48.2,7/22/2026 13:41:30,16.5,0,23.74,1.16,
0,8.153,2926.67,48.1,7/22/2026 13:41:35,16.5,0,23.48,1.29,
0,7.966,2934.17,47.6,7/22/2026 13:41:39,16.5,0,23.91,1.32,
0,7.843,3431.67,47.4,7/22/2026 13:41:44,16.5,0,24.23,1.22,
0,7.806,3882.5,46.2,7/22/2026 13:41:51,16.5,0,24.24,0.91,
0,7.75,3783.33,46.2,7/22/2026 13:42:00,16.5,0,24.64,1.37,
0,7.784,4218.33,45.7,7/22/2026 13:42:04,16.5,0,23.98,1.42,
0,7.724,3367.5,45.7,7/22/2026 13:42:12,16.5,0,24.41,0.9,
0,6.968,4405.83,45.3,7/22/2026 13:42:16,16.5,0,24.73,1.26,
0,6.915,4860.83,45.1,7/22/2026 13:42:21,16.5,0,24.98,1.48,
0,6.724,4535.83,44.8,7/22/2026 13:42:25,16.5,0,24.92,0.86,
0,6.749,4730,44.8,7/22/2026 13:42:26,16.5,0,24.92,0.86,
0,6.805,4840.83,44.8,7/22/2026 13:42:30,16.5,0,24.99,0.84,
0,6.782,4848.33,44.8,7/22/2026 13:42:34,16.5,0,25.16,1.08,
0,6.701,4765.83,44.8,7/22/2026 13:42:39,16.5,0,24.92,0.91,
0,6.782,4735,44.8,7/22/2026 13:42:44,16.5,0,25.07,0.93,
0,6.782,4735,44.8,7/22/2026 13:42:44,16.5,0,25.07,0.93,
0,6.648,4500,44.8,7/22/2026 13:42:48,16.5,0,24.84,1.39,
0,6.747,4745,44.8,7/22/2026 13:42:53,16.5,0,24.79,1.31,
0,6.802,4765,44.8,7/22/2026 13:42:57,16.5,0,24.85,0.81,
0,6.832,4770,44.8,7/22/2026 13:43:01,16.5,0,25,1.03,
0,6.714,4729.17,44.9,7/22/2026 13:43:05,16.5,0,25.06,1.2,
0,6.829,4750.83,44.8,7/22/2026 13:43:05,16.5,0,25.06,1.2,
0,6.842,4687.5,44.9,7/22/2026 13:43:10,16.5,0,24.98,1.27,
0,6.796,4613.33,44.9,7/22/2026 13:43:19,16.5,0,24.93,1.35,
0,6.8,4610.83,45.3,7/22/2026 13:43:24,16.5,0,24.91,1.35,
0,6.8,4610.83,45.3,7/22/2026 13:43:31,16.5,0,25.01,1.36,
0,6.801,4622.5,45.3,7/22/2026 13:43:31,16.5,0,25.01,1.36,
0,6.801,4622.5,45.3,7/22/2026 13:43:38,16.5,0,24.93,0.88,
0,6.707,4610.83,45.3,7/22/2026 13:43:42,16.5,0,24.93,1.4,
0,6.707,4610.83,45.3,7/22/2026 13:43:47,16.5,0,25.01,0.94,
0,6.735,4595,44.8,7/22/2026 13:43:53,16.5,0,24.99,0.81,
0,6.616,4605,44.9,7/22/2026 13:43:58,16.5,0,25.07,1.25,
0,6.718,4588.33,44.9,7/22/2026 13:44:02,16.5,0,24.89,1.39,
0,6.665,4597.5,44.8,7/22/2026 13:44:03,16.5,0,24.89,1.39,
0,6.751,4465.83,44.8,7/22/2026 13:44:07,16.5,0,24.89,1.34,
0,6.668,4002.5,44.8,7/22/2026 13:44:11,16.5,0,24.6,0.94,
0,6.668,4002.5,44.8,7/22/2026 13:44:16,16.5,0,24.89,0.95,
0,6.649,4140,44.8,7/22/2026 13:44:20,16.5,0,24.71,1.15,
0,6.624,4478.33,44.8,7/22/2026 13:44:25,16.5,0,25,1.37,
0,6.708,4385,44.9,7/22/2026 13:44:30,16.5,0,25.04,1.22,
0,6.67,4233.33,45.3,7/22/2026 13:44:35,16.5,0,24.74,1.03,
0,6.736,4040,45.3,7/22/2026 13:44:42,16.5,0,24.79,1.25,
0,6.861,4291.67,45.4,7/22/2026 13:44:46,16.5,0,24.79,0.93,
0,6.861,4291.67,45.4,7/22/2026 13:44:51,16.5,0,24.94,0.8,
0,6.82,4458.33,45.7,7/22/2026 13:44:56,16.5,0,24.86,0.9,
0,6.756,4405.83,45.7,7/22/2026 13:45:01,16.5,0,24.85,1.05,
0,6.85,4408.33,45.7,7/22/2026 13:45:01,16.5,0,24.85,1.05,
0,6.822,4400,45.7,7/22/2026 13:45:05,16.5,0,24.8,1.08,
0,6.794,4394.17,46.2,7/22/2026 13:45:09,16.5,0,24.81,1.06,
0,6.824,4400.83,46.2,7/22/2026 13:45:10,16.5,0,24.81,1.06,
0,6.657,4227.5,46.2,7/22/2026 13:45:13,16.5,0,24.77,1.3,
0,6.786,4338.33,46.2,7/22/2026 13:45:18,16.5,0,24.82,1.2,
0,6.763,4279.17,46.2,7/22/2026 13:45:22,16.5,0,24.77,0.92,
0,6.763,4279.17,46.2,7/22/2026 13:45:22,16.5,0,24.77,0.92,
0,6.777,4234.17,46.3,7/22/2026 13:45:27,16.5,0,24.73,1.22,
0,6.803,4148.33,46.5,7/22/2026 13:45:31,16.5,0,24.73,1.33,
0,6.897,3928.33,47,7/22/2026 13:45:32,16.5,0,24.73,1.33,
0,6.836,3826.67,47.1,7/22/2026 13:45:36,16.5,0,24.22,0.86,
0,6.71,3279.17,47.1,7/22/2026 13:45:40,16.5,0,23.91,1.14,
0,6.747,3816.67,46.3,7/22/2026 13:45:45,16.5,0,24.12,1.33,
0,6.749,3864.17,46.2,7/22/2026 13:45:50,16.5,0,24.62,1.28,
0,6.781,4114.17,46.2,7/22/2026 13:45:55,16.5,0,24.76,1.15,
0,6.848,4462.5,46.2,7/22/2026 13:45:59,16.5,0,24.61,1.15,
0,6.713,4454.17,46.2,7/22/2026 13:46:02,16.5,0,24.61,1.03,
0,6.808,4403.33,46.2,7/22/2026 13:46:07,16.5,0,24.79,0.85,
0,6.805,4342.5,46.2,7/22/2026 13:46:12,16.5,0,24.74,1.26,
0,6.807,4349.17,46.2,7/22/2026 13:46:17,16.5,0,24.92,1.44,
0,6.861,4391.67,46.2,7/22/2026 13:46:22,16.5,0,24.95,1.29,
0,6.762,4391.67,46.2,7/22/2026 13:46:26,16.5,0,24.79,0.82,
0,6.805,4382.5,46.2,7/22/2026 13:46:30,16.5,0,24.91,0.99,
0,6.776,4418.33,46.2,7/22/2026 13:46:34,16.5,0,24.87,0.94,
0,6.884,4420,46.2,7/22/2026 13:46:38,16.5,0,25.04,1.26,
0,6.938,4438.33,46.2,7/22/2026 13:46:39,16.5,0,25.04,1.26,
0,6.813,4421.67,46.2,7/22/2026 13:46:43,16.5,0,24.9,1.32,
0,6.697,4402.5,46.2,7/22/2026 13:46:49,16.5,0,24.99,1.06,
0,6.628,4430.83,45.7,7/22/2026 13:46:57,16.5,0,24.95,1.04,
0,6.742,4447.5,45.7,7/22/2026 13:47:01,16.5,0,24.9,1,
0,6.796,4450,45.7,7/22/2026 13:47:05,16.5,0,24.99,0.85,
0,6.794,4455.83,45.7,7/22/2026 13:47:09,16.5,0,24.87,1.26,
0,6.665,4443.33,45.7,7/22/2026 13:47:14,16.5,0,24.96,1.32,
0,6.881,4454.17,45.7,7/22/2026 13:47:18,16.5,0,24.95,0.88,
0,6.704,4390,45.7,7/22/2026 13:47:22,16.5,0,24.68,0.83,
0,6.704,4390,45.7,7/22/2026 13:47:27,16.5,0,24.68,1.02,
0,6.781,4014.17,45.7,7/22/2026 13:47:32,16.5,0,24.47,1.35,
0,6.713,3933.33,46.2,7/22/2026 13:47:37,16.5,0,24.64,0.85,
0,6.768,4341.67,46.2,7/22/2026 13:47:42,16.5,0,24.4,1.28,
0,6.775,3271.67,46.2,7/22/2026 13:47:47,16.5,0,24.12,1,
0,6.819,3727.5,46.2,7/22/2026 13:47:52,16.5,0,24.78,1.03,
0,6.934,4375,46.5,7/22/2026 13:47:57,16.5,0,24.79,1.34,
0,6.999,4356.67,47.1,7/22/2026 13:48:01,16.5,0,24.88,0.94,
0,6.912,4400,47.1,7/22/2026 13:48:05,16.5,0,24.82,0.89,
0,6.978,4425,47.1,7/22/2026 13:48:10,16.5,0,24.69,1.19,
0,6.945,4434.17,47.1,7/22/2026 13:48:10,16.5,0,24.69,1.19,
0,6.974,4416.67,47.1,7/22/2026 13:48:14,16.5,0,24.89,1.39,
0,7.098,4348.33,47.1,7/22/2026 13:48:19,16.5,0,24.79,1.14,
0,7.038,4367.5,47.1,7/22/2026 13:48:23,16.5,0,24.82,0.9,
0,7.101,4350,47.1,7/22/2026 13:48:27,16.5,0,24.88,1.3,
0,7.139,4355.83,47.1,7/22/2026 13:48:32,16.5,0,24.83,1.26,
0,7.092,4360,47.1,7/22/2026 13:48:31,16.5,0,24.83,1.26,
0,6.929,4386.67,47.1,7/22/2026 13:48:37,16.5,0,24.9,0.86,
0,6.929,4386.67,47.1,7/22/2026 13:48:37,16.5,0,24.9,0.86,
0,6.929,4386.67,47.1,7/22/2026 13:48:44,16.5,0,24.89,0.83,
0,6.938,4389.17,47.1,7/22/2026 13:48:44,16.5,0,24.89,0.83,
0,7.011,4395,47.1,7/22/2026 13:48:48,16.5,0,24.91,1.23,
0,7.028,4385,47.1,7/22/2026 13:48:53,16.5,0,24.93,1.49,
0,6.956,4373.33,47.1,7/22/2026 13:48:57,16.5,0,25.01,1.2,
0,7.06,4399.17,47.1,7/22/2026 13:49:02,16.5,0,24.92,1.07,
0,6.993,4411.67,47.1,7/22/2026 13:49:06,16.5,0,24.98,1.44,
0,6.422,4400,46.2,7/22/2026 13:49:10,16.5,0,24.9,0.97,
0,6.469,4377.5,46.2,7/22/2026 13:49:14,16.5,0,25.03,0.84,
0,6.356,4405,45.8,7/22/2026 13:49:25,16.5,0,24.98,1.39,
0,6.337,4454.17,45.4,7/22/2026 13:49:35,16.5,0,25.08,1.49,
0,6.326,4433.33,45.3,7/22/2026 13:49:37,16.5,0,24.97,0.92,
0,6.212,4465,45.3,7/22/2026 13:49:41,16.5,0,24.97,1.47,
0,6.161,4455.83,45.3,7/22/2026 13:49:45,16.5,0,24.66,1.24,
0,6.211,4462.5,45.3,7/22/2026 13:49:49,16.5,0,24.79,1.47,
0,6.189,4456.67,45.3,7/22/2026 13:49:54,16.5,0,24.93,1.04,
0,6.19,4438.33,45.3,7/22/2026 13:49:58,16.5,0,25,1.28,
0,6.316,4438.33,45.3,7/22/2026 13:50:03,16.5,0,25.02,0.91,
0,6.298,4440,45.3,7/22/2026 13:50:07,16.5,0,25.01,0.87,
0,6.298,4440,45.3,7/22/2026 13:50:07,16.5,0,25.01,0.87,
0,6.193,4439.17,45.3,7/22/2026 13:50:11,16.5,0,24.97,1.17,
0,6.336,4417.5,45.3,7/22/2026 13:50:15,16.5,0,25,1.38,
0,6.332,4433.33,45.3,7/22/2026 13:50:20,16.5,0,24.99,1.15,
0,6.33,4441.67,45.3,7/22/2026 13:50:24,16.5,0,24.99,1.45,
0,6.385,4423.33,45.3,7/22/2026 13:50:28,16.5,0,24.96,1.07,
0,6.189,4403.33,45.3,7/22/2026 13:50:28,16.5,0,24.96,1.07,
0,5.357,4431.67,45.3,7/22/2026 13:50:49,16.5,0,25.09,1.46,
0,5.303,4436.67,44.9,7/22/2026 13:50:53,16.5,0,25,1.27,
0,5.402,4452.5,44.9,7/22/2026 13:50:53,16.5,0,25,1.27,
0,5.24,4427.5,45.3,7/22/2026 13:51:00,16.5,0,25.01,1.14,
0,5.257,4410.83,45.3,7/22/2026 13:51:05,16.5,0,24.98,1.47,
0,5.203,4399.17,45.3,7/22/2026 13:51:09,16.5,0,25.08,1.43,
0,5.336,4409.17,45.3,7/22/2026 13:51:13,16.5,0,25.13,1.36,
0,5.358,4406.67,45.3,7/22/2026 13:51:18,16.5,0,24.98,1.12,
0,5.271,4395,45.4,7/22/2026 13:51:22,16.5,0,24.5,1.22,
0,5.314,4389.17,45.7,7/22/2026 13:51:22,16.5,0,24.5,1.22,
0,5.29,4380,45.7,7/22/2026 13:51:26,16.5,0,24.44,0.8,
0,5.29,4380,45.7,7/22/2026 13:51:26,16.5,0,24.44,0.8,
0,5.342,4365.83,45.7,7/22/2026 13:51:30,16.5,0,25.02,0.99,
0,5.387,4390,45.7,7/22/2026 13:51:34,16.5,0,24.86,1.2,
0,5.367,4409.17,46.2,7/22/2026 13:51:38,16.5,0,24.76,1.09,
0,5.402,4416.67,46.2,7/22/2026 13:51:43,16.5,0,24.95,1.03,
0,5.408,4434.17,46.2,7/22/2026 13:51:47,16.5,0,24.96,1.21,
0,5.372,4437.5,46.2,7/22/2026 13:51:51,16.5,0,24.95,1.07,
0,5.441,4445,46.4,7/22/2026 13:51:55,16.5,0,24.86,1.23,
0,5.388,4450.83,47.1,7/22/2026 13:51:59,16.5,0,24.86,0.81,
0,5.464,4454.17,47.1,7/22/2026 13:52:04,16.5,0,24.82,1.19,
0,5.444,4478.33,47.1,7/22/2026 13:52:08,16.5,0,24.84,1.03,
0,5.399,4479.17,47.1,7/22/2026 13:52:12,16.5,0,24.83,1.41,
0,5.478,4477.5,47.1,7/22/2026 13:52:17,16.5,0,24.92,1.35,
0,5.399,4471.67,47.1,7/22/2026 13:52:22,16.5,0,24.96,1.37,
0,5.37,4458.33,47.1,7/22/2026 13:52:27,16.5,0,24.86,1.14,
0,5.431,4456.67,47.1,7/22/2026 13:52:31,16.5,0,24.96,1.41,
0,5.312,4464.17,47.1,7/22/2026 13:52:36,16.5,0,24.91,1.23,
0,5.436,4450.83,46.3,7/22/2026 13:52:42,16.5,0,24.95,1.02,
0,5.415,4448.33,46.2,7/22/2026 13:52:43,16.5,0,24.95,1.02,
0,5.359,4449.17,46.2,7/22/2026 13:52:47,16.5,0,24.9,1.2,
0,5.424,4441.67,46.2,7/22/2026 13:52:52,16.5,0,24.93,1.28,
0,5.458,4455,45.7,7/22/2026 13:52:59,16.5,0,24.97,1.04,
0,5.395,4485.83,45.7,7/22/2026 13:53:04,16.5,0,24.89,0.83,
0,5.444,4467.5,45.7,7/22/2026 13:53:08,16.5,0,24.97,1.45,
0,5.425,4463.33,46.2,7/22/2026 13:53:13,16.5,0,24.69,1.27,
0,5.398,4461.67,46.2,7/22/2026 13:53:18,16.5,0,24.79,1.17,
0,5.401,4469.17,46.2,7/22/2026 13:53:22,16.5,0,24.81,1.41,
0,5.41,4466.67,46.2,7/22/2026 13:53:27,16.5,0,24.81,0.81,
0,5.492,4455,46.2,7/22/2026 13:53:31,16.5,0,24.89,1.18,
0,5.403,4435.83,47,7/22/2026 13:53:36,16.5,0,24.81,1.39,
0,5.348,4426.67,47.1,7/22/2026 13:53:41,16.5,0,24.79,0.9,
0,5.412,4425,47.1,7/22/2026 13:53:45,16.5,0,24.91,1.07,
0,5.257,4458.33,47.1,7/22/2026 13:53:50,16.5,0,24.89,0.97,
0,5.305,4458.33,47.4,7/22/2026 13:53:56,16.5,0,24.87,1.07,
0,5.439,4452.5,47.6,7/22/2026 13:54:00,16.5,0,24.8,0.96,
0,5.284,4452.5,47.6,7/22/2026 13:54:05,16.5,0,24.91,1.37,
0,5.422,4454.17,47.6,7/22/2026 13:54:09,16.5,0,24.81,1.36,
0,5.417,4444.17,47.6,7/22/2026 13:54:13,16.5,0,24.83,1.48,
0,5.369,4435,47.6,7/22/2026 13:54:18,16.5,0,24.76,1.36,
0,5.369,4435,47.6,7/22/2026 13:54:18,16.5,0,24.76,1.36,
0,5.402,4434.17,47.6,7/22/2026 13:54:24,16.5,0,24.74,1.23,
0,5.367,4406.67,47.6,7/22/2026 13:54:29,16.5,0,24.63,1.22,
0,5.665,4399.17,47.7,7/22/2026 13:54:33,16.5,0,24.89,0.9,
0,5.858,4392.5,48.1,7/22/2026 13:54:37,16.5,0,24.77,1.23,
0,6.003,4396.67,48.2,7/22/2026 13:54:42,16.5,0,24.66,1.16,
0,6.003,4396.67,48.2,7/22/2026 13:54:46,16.5,0,24.69,1.22,
0,6.066,4390,48.2,7/22/2026 13:54:51,16.5,0,24.73,0.92,
0,6.118,4367.5,48.2,7/22/2026 13:54:51,16.5,0,24.73,0.92,
0,6.286,4371.67,48.2,7/22/2026 13:54:55,16.5,0,24.6,1.14,
0,6.176,4350.83,48.2,7/22/2026 13:55:00,16.5,0,24.8,1.18,
0,6.18,4350.83,48.2,7/22/2026 13:55:04,16.5,0,24.52,1.38,
0,6.205,4328.33,48.2,7/22/2026 13:55:09,16.5,0,24.79,0.9,
0,6.099,4310,47.9,7/22/2026 13:55:13,16.5,0,24.81,1.35,
0,6.21,4320.83,47.7,7/22/2026 13:55:18,16.5,0,24.6,1.05,
0,6.09,4325,47.6,7/22/2026 13:55:18,16.5,0,24.6,1.05,
0,6.071,4309.17,47.6,7/22/2026 13:55:22,16.5,0,24.56,0.8,
0,5.993,4335.83,47.6,7/22/2026 13:55:27,16.5,0,24.8,1.37,
0,5.977,4349.17,47.1,7/22/2026 13:55:31,16.5,0,24.81,1.09,
0,5.901,4350.83,47.1,7/22/2026 13:55:35,16.5,0,24.8,1.06,
0,5.76,4350,47.1,7/22/2026 13:55:39,16.5,0,25.01,0.99,
0,5.697,4356.67,46.2,7/22/2026 13:55:39,16.5,0,25.01,0.99,
0,5.685,4358.33,46.2,7/22/2026 13:55:44,16.5,0,24.83,1.05,
0,5.521,4340.83,46.2,7/22/2026 13:55:48,16.5,0,24.77,1.03,
0,5.457,4345.83,45.7,7/22/2026 13:55:52,16.5,0,24.89,1.25,
0,5.433,4357.5,45.7,7/22/2026 13:55:57,16.5,0,24.91,1.15,
0,5.456,4359.17,45.7,7/22/2026 13:56:01,16.5,0,24.92,1.33,
0,4.451,4267.5,45.3,7/22/2026 13:56:05,16.5,0,24.96,1.22,
0,4.451,4267.5,45.3,7/22/2026 13:56:05,16.5,0,24.96,1.22,
0,3.372,4295.83,45.3,7/22/2026 13:56:10,16.5,0,25.07,1.15,
0,3.007,4298.33,44.8,7/22/2026 13:56:15,16.5,0,24.99,1.23,
0,3.086,4285.83,44.8,7/22/2026 13:56:19,16.5,0,24.9,1.09,
0,3.143,4260,44.8,7/22/2026 13:56:30,16.5,0,24.99,0.83,
0,3.109,4271.67,44.8,7/22/2026 13:56:31,16.5,0,24.99,0.98,
0,3.091,4250.83,44.7,7/22/2026 13:56:35,16.5,0,24.99,0.93,
0,3.138,4225,44.6,7/22/2026 13:56:39,16.5,0,25,1.06,
0,3.002,4222.5,44.8,7/22/2026 13:56:44,16.5,0,24.9,1.45,
0,2.974,4180.83,44.8,7/22/2026 13:56:49,16.5,0,24.87,1.24,
0,3.032,4174.17,44.8,7/22/2026 13:56:53,16.5,0,24.95,1.42,
0,3.057,4176.67,44.8,7/22/2026 13:56:58,16.5,0,24.84,1.38,
0,3.025,4187.5,44.8,7/22/2026 13:57:02,16.5,0,24.87,1.16,
0,3.044,4195,44.8,7/22/2026 13:57:07,16.5,0,24.84,1.36,
0,3.012,4191.67,44.9,7/22/2026 13:57:11,16.5,0,24.85,1.43,
0,3.025,4188.33,45.3,7/22/2026 13:57:16,16.5,0,25.07,0.88,
0,2.934,4165,45.3,7/22/2026 13:57:20,16.5,0,24.85,0.88,
0,2.877,4155.83,45.3,7/22/2026 13:57:27,16.5,0,24.81,0.91,
0,2.877,4155.83,45.3,7/22/2026 13:57:27,16.5,0,24.81,0.91,
0,3.024,4160,45.3,7/22/2026 13:57:32,16.5,0,24.81,1.48,
0,2.962,4135.83,45.7,7/22/2026 13:57:37,16.5,0,24.8,0.9,
0,2.976,4135,45.7,7/22/2026 13:57:41,16.5,0,24.78,1.28,
0,3.014,4128.33,45.7,7/22/2026 13:57:45,16.5,0,24.79,1.35,
0,2.965,4132.5,45.7,7/22/2026 13:57:50,16.5,0,24.86,0.99,
0,3.092,4148.33,46.2,7/22/2026 13:57:55,16.5,0,24.81,1.23,
0,3.065,4169.17,46.2,7/22/2026 13:57:59,16.5,0,24.76,0.92,
0,3.11,4195.83,46.2,7/22/2026 13:58:03,16.5,0,24.89,1.45,
0,2.976,4195,46.2,7/22/2026 13:58:08,16.5,0,24.91,1.46,
0,3.113,4184.17,46.2,7/22/2026 13:58:08,16.5,0,24.91,1.46,
0,3.113,4184.17,46.2,7/22/2026 13:58:12,16.5,0,24.83,1.39,
0,2.965,4114.17,46.3,7/22/2026 13:58:16,16.5,0,24.87,0.92,
0,3.056,4115,47,7/22/2026 13:58:21,16.5,0,24.89,1.01,
0,3.056,4115,47,7/22/2026 13:58:21,16.5,0,24.89,1.01,
0,3.116,4163.33,46.5,7/22/2026 13:58:25,16.5,0,24.9,0.92,
0,3.022,4183.33,46.2,7/22/2026 13:58:30,16.5,0,24.89,0.99,
0,3.002,4162.5,46.2,7/22/2026 13:58:34,16.5,0,24.76,1.45,
0,3.077,4115,46.2,7/22/2026 13:58:39,16.5,0,24.97,1.23,
0,3.01,4015.83,46.2,7/22/2026 13:58:44,16.5,0,24.92,1.1,
0,3.01,4015.83,46.2,7/22/2026 13:58:44,16.5,0,24.92,1.1,
0,3.024,4048.33,45.7,7/22/2026 13:58:49,16.5,0,24.96,1.26,
0,2.746,3920.83,45.7,7/22/2026 13:58:53,16.5,0,24.79,1.39,
0,2.742,3765.83,45.7,7/22/2026 13:58:53,16.5,0,24.79,1.39,
0,2.941,3555,45.8,7/22/2026 13:58:57,16.5,0,24.69,1.06,
0,2.857,3995.83,45.7,7/22/2026 13:59:01,16.5,0,24.69,1.06,
0,2.851,4060.83,45.7,7/22/2026 13:59:06,16.5,0,24.95,1.38,
0,2.958,4119.17,45.7,7/22/2026 13:59:10,16.5,0,24.89,1.29,
0,2.842,4104.17,45.7,7/22/2026 13:59:15,16.5,0,24.98,0.98,
0,2.967,4138.33,45.7,7/22/2026 13:59:20,16.5,0,24.9,0.88,
0,2.917,4156.67,45.6,7/22/2026 13:59:24,16.5,0,25.22,1.21,
0,2.966,4166.67,45.3,7/22/2026 13:59:29,16.5,0,25.08,1.16,
0,2.908,4160.83,45.3,7/22/2026 13:59:33,16.5,0,24.96,0.99,
0,2.977,4176.67,45.3,7/22/2026 13:59:37,16.5,0,24.68,1.35,
0,2.977,4176.67,45.3,7/22/2026 13:59:41,16.5,0,25.05,1.13,
0,2.968,4157.5,45.4,7/22/2026 13:59:45,16.5,0,24.93,1.04,
0,2.89,4095.83,45.4,7/22/2026 13:59:49,16.5,0,24.99,0.91,
0,2.906,4080.83,45.6,7/22/2026 13:59:53,16.5,0,24.86,1.05,
0,2.87,4033.33,45.7,7/22/2026 13:59:57,16.5,0,24.88,0.91,
0,2.868,3995,45.7,7/22/2026 14:00:02,16.5,0,24.86,1.47,
0,2.902,4042.5,45.5,7/22/2026 14:00:06,16.5,0,24.96,1.45,
0,2.944,4083.33,45.6,7/22/2026 14:00:11,16.5,0,24.85,0.97,
0,3.053,4080.83,45.7,7/22/2026 14:00:15,16.5,0,24.91,1.21,
0,2.853,4121.67,45.7,7/22/2026 14:00:19,16.5,0,24.91,1.3,
0,2.988,4152.5,45.7,7/22/2026 14:00:24,16.5,0,24.89,1.25,
0,3.017,4145,45.7,7/22/2026 14:00:28,16.5,0,24.91,1.21,
0,2.934,4122.5,45.7,7/22/2026 14:00:32,16.5,0,24.84,0.81,
0,3.227,4107.5,45.7,7/22/2026 14:00:36,16.5,0,24.89,0.82,
0,2.95,4075.83,45.7,7/22/2026 14:00:41,16.5,0,24.87,1.4,
0,2.885,4120.83,45.7,7/22/2026 14:00:46,16.5,0,24.89,1.29,
0,2.956,4109.17,45.8,7/22/2026 14:00:51,16.5,0,24.85,0.91,
0,3.118,4121.67,46.2,7/22/2026 14:00:51,16.5,0,24.85,0.91,
0,3.101,4127.5,46.2,7/22/2026 14:00:56,16.5,0,24.6,1.21,
0,2.948,4145.83,46.2,7/22/2026 14:01:01,16.5,0,24.68,0.88,
0,3.127,4166.67,46.2,7/22/2026 14:01:05,16.5,0,24.98,1.04,
0,3.38,4160.83,46.2,7/22/2026 14:01:09,16.5,0,24.76,1.08,
0,3.276,4103.33,46.2,7/22/2026 14:01:13,16.5,0,24.37,0.81,
0,3.361,4075,46.4,7/22/2026 14:01:18,16.5,0,24.77,0.83,
0,3.461,4107.5,47.1,7/22/2026 14:01:22,16.5,0,24.6,1.25,
0,3.471,4118.33,47.1,7/22/2026 14:01:28,16.5,0,24.73,1.13,
0,3.509,4128.33,47.5,7/22/2026 14:01:32,16.5,0,24.73,1.05,
0,3.583,4124.17,47.6,7/22/2026 14:01:36,16.5,0,24.73,1.03,
0,3.661,4152.5,47.6,7/22/2026 14:01:41,16.5,0,24.76,1.3,
0,3.459,4126.67,48.2,7/22/2026 14:01:46,16.5,0,24.86,0.9,
0,3.508,4155.83,48.2,7/22/2026 14:01:50,16.5,0,24.81,1.02,
0,3.568,4208.33,48.2,7/22/2026 14:01:55,16.5,0,24.83,1.31,
0,3.553,4195.83,48.2,7/22/2026 14:01:59,16.5,0,24.79,1.18,
0,3.61,4182.5,48,7/22/2026 14:02:04,16.5,0,24.87,1.04,
0,3.316,4125,48,7/22/2026 14:02:09,16.5,0,24.86,1.06,
0,3.371,4119.17,48,7/22/2026 14:02:14,16.5,0,24.79,0.91,
0,3.315,4111.67,47.7,7/22/2026 14:02:18,16.5,0,24.8,0.99,
0,3.589,4109.17,47.6,7/22/2026 14:02:22,16.5,0,24.87,1.03,
0,3.33,4080.83,47.1,7/22/2026 14:02:33,16.5,0,24.81,1.38,
0,3.172,4179.17,47.1,7/22/2026 14:02:37,16.5,0,24.91,1.39,
0,3.376,4120,47.1,7/22/2026 14:02:42,16.5,0,24.89,0.96,
0,3.157,4160.83,46.2,7/22/2026 14:02:42,16.5,0,24.89,0.96,
0,3.181,4160,46.2,7/22/2026 14:02:47,16.5,0,24.98,1.2,
0,3.318,4135.83,46.2,7/22/2026 14:02:54,16.5,0,24.71,0.98,
0,3.318,4135.83,46.2,7/22/2026 14:02:54,16.5,0,24.71,0.98,
0,3.318,4135.83,46.2,7/22/2026 14:03:04,16.5,0,24.8,0.98,
0,3.212,4047.5,45.7,7/22/2026 14:03:09,16.5,0,24.97,1.18,
0,3.256,4222.5,45.7,7/22/2026 14:03:13,16.5,0,24.99,1.05,
0,3.303,4246.67,45.7,7/22/2026 14:03:18,16.5,0,24.95,1.02,
0,3.402,4270.83,45.7,7/22/2026 14:03:22,16.5,0,24.74,1.18,
0,3.394,4286.67,45.7,7/22/2026 14:03:26,16.5,0,24.93,1.39,
0,3.377,4315.83,45.7,7/22/2026 14:03:32,16.5,0,24.77,0.98,
0,3.326,4307.5,45.7,7/22/2026 14:03:36,16.5,0,24.98,1.29,
0,3.463,4276.67,46.2,7/22/2026 14:03:40,16.5,0,24.67,0.81,
0,3.382,4228.33,46.2,7/22/2026 14:03:44,16.5,0,24.8,1.1,
0,3.353,4267.5,46.2,7/22/2026 14:03:49,16.5,0,24.82,1.37,
0,3.424,4250.83,46.2,7/22/2026 14:03:53,16.5,0,24.34,0.8,
0,3.575,4168.33,47.1,7/22/2026 14:03:58,16.5,0,24.69,1.37,
0,3.556,4217.5,47.2,7/22/2026 14:04:02,16.5,0,24.73,1.16,
0,3.315,4231.67,47.1,7/22/2026 14:04:06,16.5,0,24.86,0.8,
0,3.555,4240,47.4,7/22/2026 14:04:10,16.5,0,24.85,1.2,
0,3.406,4247.5,47.6,7/22/2026 14:04:15,16.5,0,24.79,1.18,
0,3.558,4236.67,47.6,7/22/2026 14:04:19,16.5,0,24.76,1.07,
0,3.558,4236.67,47.6,7/22/2026 14:04:19,16.5,0,24.76,1.07,
0,3.521,4249.17,47.6,7/22/2026 14:04:23,16.5,0,24.7,0.81,
0,3.872,4153.33,48.1,7/22/2026 14:04:35,16.5,0,24.69,1.38,
0,3.838,3865.83,48.2,7/22/2026 14:04:39,16.5,0,24.53,0.92,
0,3.838,3865.83,48.2,7/22/2026 14:04:40,16.5,0,24.8,1.02,
0,3.846,3318.33,48.2,7/22/2026 14:04:43,16.5,0,24.26,1.03,
0,3.846,3318.33,48.2,7/22/2026 14:04:43,16.5,0,24.26,1.03,
0,3.846,3318.33,48.2,7/22/2026 14:04:55,16.5,0,24.27,0.97,
0,3.809,3440.83,48.2,7/22/2026 14:05:01,16.5,0,24.37,1.15,
0,3.861,4295,47.6,7/22/2026 14:05:07,16.5,0,24.81,0.84,
0,3.874,4120.83,47.6,7/22/2026 14:05:12,16.5,0,24.63,1.17,
0,3.793,3474.17,47.6,7/22/2026 14:05:16,16.5,0,23.83,1.12,
0,3.723,3126.67,47.6,7/22/2026 14:05:21,16.5,0,24.1,0.96,
0,3.947,3461.67,47.6,7/22/2026 14:05:24,16.5,0,24.22,1.05,
0,3.974,3340,47.6,7/22/2026 14:05:28,16.5,0,24.42,1.18,
0,3.766,3635.83,47.6,7/22/2026 14:05:32,16.5,0,24.54,0.91,
0,3.731,3350,47.6,7/22/2026 14:05:36,16.5,0,24.1,1.35,
0,3.62,2985.83,47.6,7/22/2026 14:05:41,16.5,0,23.72,1.35,
0,3.871,2731.67,47.6,7/22/2026 14:05:45,16.5,0,23.65,1.37,
0,3.719,2634.17,47.6,7/22/2026 14:05:45,16.5,0,23.65,1.37,
0,3.86,3267.5,47.2,7/22/2026 14:05:51,16.5,0,24.31,0.92,
0,3.8,4070,47.1,7/22/2026 14:05:56,16.5,0,24.79,0.99,
0,3.885,4426.67,47.1,7/22/2026 14:06:01,16.5,0,24.91,0.86,
0,3.841,4455,47.1,7/22/2026 14:06:06,16.5,0,24.95,0.99,
0,3.831,4465.83,47.1,7/22/2026 14:06:11,16.5,0,25.06,1.17,
0,3.904,4318.33,47.1,7/22/2026 14:06:15,16.5,0,24.6,1.3,
0,3.838,4093.33,47.3,7/22/2026 14:06:20,16.5,0,24.57,1.12,
0,3.836,4160,47.6,7/22/2026 14:06:24,16.5,0,24.6,1.37,
0,3.836,4160,47.6,7/22/2026 14:06:28,16.5,0,24.73,1.11,
0,3.796,4401.67,47.6,7/22/2026 14:06:32,16.5,0,24.76,0.82,
0,4.517,4213.33,47.6,7/22/2026 14:06:37,16.5,0,24.62,1.15,
0,4.773,4171.67,48.2,7/22/2026 14:06:41,16.5,0,24.56,0.86,
0,5.081,3746.67,48.2,7/22/2026 14:06:46,16.5,0,24.41,1.24,
0,5.084,3830,48.2,7/22/2026 14:06:50,16.5,0,24.3,1.1,
0,5.068,3254.17,48.7,7/22/2026 14:06:55,16.5,0,23.91,0.85,
0,5.067,3221.67,48.7,7/22/2026 14:06:59,16.5,0,23.96,1.36,
0,5.067,3221.67,48.7,7/22/2026 14:06:59,16.5,0,23.96,1.36,
0,5.18,3792.5,48.7,7/22/2026 14:07:03,16.5,0,24.44,1.42,
0,5.148,4158.33,48.7,7/22/2026 14:07:08,16.5,0,24.7,1.04,
0,5.2,4625.83,48.7,7/22/2026 14:07:13,16.5,0,24.76,1.08,
0,5.196,4740.83,48.7,7/22/2026 14:07:18,16.5,0,24.81,1.16,
0,6.802,4740,49.2,7/22/2026 14:07:23,16.5,0,24.8,1.41,
0,7.363,4762.5,49.2,7/22/2026 14:07:27,16.5,0,24.79,1.33,
0,7.814,4768.33,49.2,7/22/2026 14:07:31,16.5,0,24.75,0.95,
0,8.163,4513.33,49.4,7/22/2026 14:07:35,16.5,0,24.42,0.85,
0,8.283,4181.67,49.8,7/22/2026 14:07:39,16.5,0,24.36,0.94,
0,8.283,4181.67,49.8,7/22/2026 14:07:44,16.5,0,24.3,1.23,
0,8.305,3951.67,49.8,7/22/2026 14:07:49,16.5,0,24.18,0.84,
0,7.809,4055,49.8,7/22/2026 14:07:53,16.5,0,24.25,0.87,
0,7.813,4274.17,49.8,7/22/2026 14:07:58,16.5,0,24.66,1.36,
0,7.927,4486.67,49.8,7/22/2026 14:08:02,16.5,0,24.6,1.31,
0,7.818,4662.5,49.8,7/22/2026 14:08:09,16.5,0,24.78,1.03,
0,7.846,4789.17,49.8,7/22/2026 14:08:14,16.5,0,24.69,1.13,
0,7.571,4785,49.8,7/22/2026 14:08:18,16.5,0,24.63,1.01,
0,7.71,4770,49.8,7/22/2026 14:08:22,16.5,0,24.73,0.97,
0,7.902,4829.17,50,7/22/2026 14:08:26,16.5,0,24.65,1.03,
0,7.935,4873.33,50.3,7/22/2026 14:08:35,16.5,0,24.72,0.99,
0,7.853,4695.83,50.3,7/22/2026 14:08:40,16.5,0,24.36,1.28,
0,7.79,4421.67,50.3,7/22/2026 14:08:44,16.5,0,24.37,1.4,
0,7.707,4585.83,50.3,7/22/2026 14:08:48,16.5,0,24.63,0.87,
0,7.309,4810,50.3,7/22/2026 14:08:53,16.5,0,24.61,0.92,
0,7.333,4638.33,50.3,7/22/2026 14:08:57,16.5,0,24.47,0.89,
0,7.33,4598.33,50.3,7/22/2026 14:09:02,16.5,0,24.43,1.04,
0,7.254,4585,50.4,7/22/2026 14:09:06,16.5,0,24.48,1.36,
0,7.106,4665.83,50.3,7/22/2026 14:09:10,16.5,0,24.6,1.49,
0,6.848,4778.33,50.3,7/22/2026 14:09:18,16.5,0,24.6,1.31,
0,6.944,4662.5,50.3,7/22/2026 14:09:22,16.5,0,24.57,1.1,
0,6.919,4653.33,50.3,7/22/2026 14:09:26,16.5,0,24.4,1.38,
0,6.926,4860,50.3,7/22/2026 14:09:31,16.5,0,24.73,0.8,
0,6.921,4772.5,50.3,7/22/2026 14:09:35,16.5,0,24.73,1.16,
0,6.94,4747.5,50.3,7/22/2026 14:09:39,16.5,0,24.31,1.16,
0,6.959,4746.67,50.3,7/22/2026 14:09:44,16.5,0,24.54,1.39,
0,6.761,4721.67,50.3,7/22/2026 14:09:48,16.5,0,24.64,0.94,
0,6.649,4657.5,50.3,7/22/2026 14:09:48,16.5,0,24.64,0.94,
0,6.677,4635,50.3,7/22/2026 14:09:53,16.5,0,24.41,1.44,
0,6.658,4449.17,50.3,7/22/2026 14:09:58,16.5,0,24.16,1.12,
0,6.661,4637.5,50.3,7/22/2026 14:10:03,16.5,0,24.52,1.45,
0,6.594,4014.17,50.3,7/22/2026 14:10:07,16.5,0,24.18,0.9,
0,6.625,4256.67,50.3,7/22/2026 14:10:14,16.5,0,24.22,1.22,
0,6.625,4256.67,50.3,7/22/2026 14:10:15,16.5,0,24.22,1.22,
0,6.625,4256.67,50.3,7/22/2026 14:10:19,16.5,0,23.89,1.17,
0,6.442,3004.17,49.8,7/22/2026 14:10:23,16.5,0,23.51,1.45,
0,6.386,3072.5,49.8,7/22/2026 14:10:27,16.5,0,23.75,1.12,
0,6.443,3080.83,49.8,7/22/2026 14:10:33,16.5,0,23.75,1.01,
0,6.274,3020.83,49.2,7/22/2026 14:10:33,16.5,0,23.75,1.01,
0,6.341,3412.5,49.2,7/22/2026 14:10:37,16.5,0,23.93,0.91,
0,6.327,3330,48.7,7/22/2026 14:10:41,16.5,0,23.99,1.38,
0,6.246,3351.67,48.3,7/22/2026 14:10:46,16.5,0,23.85,1.44,
0,6.301,2943.33,47.6,7/22/2026 14:10:50,16.5,0,23.64,0.93,
0,6.441,3040,47.5,7/22/2026 14:10:55,16.5,0,23.81,0.89,
0,6.37,3300,47,7/22/2026 14:10:59,16.5,0,24.07,1.03,
0,6.411,3420.83,46.2,7/22/2026 14:11:03,16.5,0,24.17,0.98,
0,6.438,3642.5,46.2,7/22/2026 14:11:07,16.5,0,24.26,1.28,
0,6.328,3521.67,46.2,7/22/2026 14:11:11,16.5,0,24.28,1.27,
0,6.424,3505.83,45.7,7/22/2026 14:11:15,16.5,0,24.11,1.31,
0,6.424,3505.83,45.7,7/22/2026 14:11:19,16.5,0,23.75,1.24,
0,5.863,2630,45.7,7/22/2026 14:11:24,16.5,0,23.51,1.49,
0,5.338,2546.67,45.3,7/22/2026 14:11:27,16.5,0,23.26,0.89,
0,5.186,2591.67,45.3,7/22/2026 14:11:31,16.5,0,23.74,1.42,
0,5.295,2747.5,45.3,7/22/2026 14:11:36,16.5,0,23.45,1.12,
0,5.17,2401.67,45.3,7/22/2026 14:11:40,16.5,0,23.42,0.93,
0,5.127,2356.67,45.3,7/22/2026 14:11:45,16.5,0,23.17,1.21,
0,5.045,2358.33,45.3,7/22/2026 14:11:49,16.5,0,23.45,0.89,
0,5.137,2312.5,45.3,7/22/2026 14:11:54,16.5,0,23.15,1.36,
0,5.016,2360.83,45.3,7/22/2026 14:11:58,16.5,0,23.42,1.29,
0,5.069,2387.5,45.3,7/22/2026 14:12:03,16.5,0,23.42,1.37,
0,5.037,2334.17,45.3,7/22/2026 14:12:07,16.5,0,23.33,1.01,
0,5.082,2209.17,45.3,7/22/2026 14:12:12,16.5,0,23.21,1.12,
0,4.966,2200.83,45.3,7/22/2026 14:12:16,16.5,0,23.22,1.44,
0,5.009,2210,45.2,7/22/2026 14:12:20,16.5,0,23.29,0.96,
0,4.991,2208.33,45.1,7/22/2026 14:12:20,16.5,0,23.29,0.96,
0,4.874,2188.33,44.9,7/22/2026 14:12:24,16.5,0,23.3,0.95,
0,5.039,2190.83,44.8,7/22/2026 14:12:29,16.5,0,22.84,1.33,
0,4.99,2210,44.8,7/22/2026 14:12:33,16.5,0,23.31,1.37,
0,5.028,2220,44.8,7/22/2026 14:12:37,16.5,0,23.29,1.3,
0,4.824,2221.67,44.8,7/22/2026 14:12:41,16.5,0,23.42,1.05,
0,4.881,2235.83,44.8,7/22/2026 14:12:41,16.5,0,23.42,1.05,
0,4.935,2259.17,44.5,7/22/2026 14:12:48,16.5,0,23.36,1.35,
0,4.877,2272.5,44.4,7/22/2026 14:12:54,16.5,0,23.5,1.24,
0,4.754,2295,44.4,7/22/2026 14:12:59,16.5,0,23.42,0.87,
0,4.859,2319.17,44.4,7/22/2026 14:13:03,16.5,0,23.5,1.47,
0,4.733,2340,44.4,7/22/2026 14:13:08,16.5,0,23.51,0.85,
0,4.771,2374.17,44.4,7/22/2026 14:13:13,16.5,0,23.62,1.32,
0,4.295,2390.83,44.4,7/22/2026 14:13:17,16.5,0,23.61,0.81,
0,3.135,2422.5,44.1,7/22/2026 14:13:21,16.5,0,23.81,1.36,
0,3.135,2422.5,44.1,7/22/2026 14:13:26,16.5,0,23.69,0.89,
0,3.162,2437.5,43.9,7/22/2026 14:13:26,16.5,0,23.69,0.89,
0,2.292,2466.67,43.9,7/22/2026 14:13:30,16.5,0,23.45,1.43,
0,2.245,2480,43.9,7/22/2026 14:13:34,16.5,0,23.8,1.17,
0,2.241,2527.5,43.9,7/22/2026 14:13:38,16.5,0,23.83,1.33,
0,2.243,2538.33,43.6,7/22/2026 14:13:42,16.5,0,23.79,1.25,
0,2.078,2549.17,43.5,7/22/2026 14:13:46,16.5,0,23.88,0.97,
0,2.071,2622.5,43.5,7/22/2026 14:13:50,16.5,0,24.04,1.24,
0,2.161,2666.67,43.5,7/22/2026 14:13:55,16.5,0,24.07,1.08,
0,2.198,2751.67,43.5,7/22/2026 14:14:00,16.5,0,24.07,1.02,
0,2.118,2739.17,43.5,7/22/2026 14:14:04,16.5,0,24.04,1.29,
0,2.199,2728.33,43.5,7/22/2026 14:14:08,16.5,0,24.09,1.24,
0,2.119,2732.5,43.5,7/22/2026 14:14:12,16.5,0,23.98,0.84,
0,2.147,2748.33,43.5,7/22/2026 14:14:16,16.5,0,24,1.03,
0,2.071,2750.83,43.5,7/22/2026 14:14:21,16.5,0,23.74,1.34,
0,2.033,2767.5,43.5,7/22/2026 14:14:25,16.5,0,23.94,0.82,
0,2.058,2808.33,43.4,7/22/2026 14:14:30,16.5,0,24.12,1.19,
0,2.042,2902.5,43.1,7/22/2026 14:14:34,16.5,0,24.1,0.92,
0,1.978,2998.33,43.1,7/22/2026 14:14:38,16.5,0,24.39,1.16,
0,2.077,3087.5,43,7/22/2026 14:14:43,16.5,0,24.33,1.18,
0,2.1,3111.67,43,7/22/2026 14:14:47,16.5,0,24.42,1.45,
0,2.019,3175,43.5,7/22/2026 14:14:53,16.5,0,24.44,0.8,
0,2.121,3218.33,43.5,7/22/2026 14:14:57,16.5,0,24.6,1.22,
0,1.939,3010,43.5,7/22/2026 14:15:01,16.5,0,24.19,1.12,
0,2.032,2957.5,43.5,7/22/2026 14:15:05,16.5,0,24.3,1.13,
0,1.919,2937.5,43.5,7/22/2026 14:15:09,16.5,0,24.28,0.91,
0,2.077,2760.83,43.5,7/22/2026 14:15:13,16.5,0,23.98,1.4,
0,2.02,2674.17,43.5,7/22/2026 14:15:17,16.5,0,23.98,1.16,
0,2.096,2600.83,43.5,7/22/2026 14:15:21,16.5,0,23.83,1.17,
0,2.155,2556.67,43.5,7/22/2026 14:15:26,16.5,0,23.9,1.06,
0,2.01,2499.17,43.5,7/22/2026 14:15:30,16.5,0,24.01,1.41,
0,1.974,2471.67,43.5,7/22/2026 14:15:35,16.5,0,23.91,0.97,
0,2.072,2447.5,43.5,7/22/2026 14:15:43,16.5,0,23.84,1.16,
0,1.903,2435.83,43.5,7/22/2026 14:15:47,16.5,0,23.8,1.02,
0,1.956,2425,43.5,7/22/2026 14:15:51,16.5,0,23.81,1.02,
0,1.905,2414.17,43.5,7/22/2026 14:15:56,16.5,0,23.84,1.39,
0,1.86,2409.17,43.1,7/22/2026 14:16:02,16.5,0,23.81,1.44,
0,2.085,2415.83,43,7/22/2026 14:16:06,16.5,0,23.78,1.39,
0,1.999,2418.33,43,7/22/2026 14:16:06,16.5,0,23.78,1.39,
0,1.91,2415,43,7/22/2026 14:16:10,16.5,0,23.75,0.96,
0,1.962,2410.83,43,7/22/2026 14:16:14,16.5,0,23.72,1.17,
0,2.017,2409.17,43,7/22/2026 14:16:14,16.5,0,23.72,1.17,
0,1.969,2404.17,43,7/22/2026 14:16:18,16.5,0,23.81,0.99,
0,1.876,2400,43,7/22/2026 14:16:22,16.5,0,23.82,1.08,
0,1.892,2394.17,43,7/22/2026 14:16:27,16.5,0,23.81,1.06,
0,1.989,2388.33,42.9,7/22/2026 14:16:31,16.5,0,23.81,1.13,
0,2.099,2395.83,42.6,7/22/2026 14:16:36,16.5,0,23.81,1.36,
0,2.099,2395.83,42.6,7/22/2026 14:16:40,16.5,0,23.81,0.82,
0,2.015,2374.17,42.5,7/22/2026 14:16:44,16.5,0,23.95,1.08,
0,1.86,2364.17,42.5,7/22/2026 14:16:48,16.5,0,23.69,1.48,
0,1.953,2352.5,42.5,7/22/2026 14:16:52,16.5,0,23.83,0.86,
0,1.992,2344.17,42,7/22/2026 14:16:57,16.5,0,23.83,1.12,
0,1.911,2345,42,7/22/2026 14:17:02,16.5,0,23.91,1.2,
0,1.85,2350.83,42,7/22/2026 14:17:06,16.5,0,23.85,1.29,
0,1.866,2380.83,41.6,7/22/2026 14:17:11,16.5,0,23.91,0.87,
0,1.944,2398.33,41.6,7/22/2026 14:17:16,16.5,0,24.17,0.99,
0,1.902,2419.17,41.6,7/22/2026 14:17:16,16.5,0,24.17,0.99,
0,1.935,2470,41.6,7/22/2026 14:17:20,16.5,0,24.07,0.85,
0,1.935,2470,41.6,7/22/2026 14:17:20,16.5,0,24.07,0.85,
0,1.629,2580,41.6,7/22/2026 14:17:24,16.5,0,24.12,1.19,
0,1.608,2424.17,41.6,7/22/2026 14:17:28,16.5,0,23.98,1.02,
0,1.452,2466.67,41.6,7/22/2026 14:17:32,16.5,0,24,1.43,
0,1.307,2560,41.6,7/22/2026 14:17:37,16.5,0,24.19,1.31,
0,1.318,2740,41.6,7/22/2026 14:17:41,16.5,0,24.47,1.46,
0,1.329,2610.83,41.6,7/22/2026 14:17:46,16.5,0,24.1,0.81,
0,1.267,2453.33,41.6,7/22/2026 14:17:50,16.5,0,24.03,1.02,
0,1.284,2345.83,41.6,7/22/2026 14:17:56,16.5,0,24.11,1.36,
0,1.332,2363.33,41.6,7/22/2026 14:18:01,16.5,0,24.12,1.26,
0,1.33,2330,41.6,7/22/2026 14:18:05,16.5,0,23.69,1.12,
0,1.32,2320.83,41.6,7/22/2026 14:18:05,16.5,0,23.69,1.12,
0,1.193,2306.67,41.6,7/22/2026 14:18:09,16.5,0,24,0.9,
0,1.246,2306.67,42,7/22/2026 14:18:13,16.5,0,24.04,0.86,
0,1.267,2322.5,42,7/22/2026 14:18:17,16.5,0,24.01,1.19,
0,1.42,2348.33,42,7/22/2026 14:18:17,16.5,0,24.01,1.19,
0,1.287,2415.83,42,7/22/2026 14:18:21,16.5,0,24.1,1.29,
0,1.179,2470.83,42,7/22/2026 14:18:26,16.5,0,24.43,1.37,
0,1.187,2983.33,42,7/22/2026 14:18:31,16.5,0,24.73,0.98,
0,1.122,2867.5,42.1,7/22/2026 14:18:36,16.5,0,24.41,0.95,
0,1.135,2820,42.2,7/22/2026 14:18:40,16.5,0,24.59,1.02,
0,1.287,2966.67,42.5,7/22/2026 14:18:40,16.5,0,24.59,1.02,
0,1.289,2899.17,42.5,7/22/2026 14:18:44,16.5,0,24.79,1.36,
0,1.235,3275,42.5,7/22/2026 14:18:49,16.5,0,25.09,1.18,
0,1.158,3226.67,42.5,7/22/2026 14:18:49,16.5,0,25.09,1.18,
0,1.249,2230.83,42.5,7/22/2026 14:18:54,16.5,0,23.81,1.02,
0,1.218,2162.5,42.5,7/22/2026 14:18:59,16.5,0,23.51,1.21,
0,1.329,2066.67,42.5,7/22/2026 14:19:03,16.5,0,23.51,1.45,
0,1.267,2033.33,42.5,7/22/2026 14:19:07,16.5,0,23.48,1.15,
0,1.357,1960.83,42.5,7/22/2026 14:19:11,16.5,0,23.25,1.48,
0,1.273,1885,42.6,7/22/2026 14:19:18,16.5,0,23.46,0.95,
0,1.293,1854.17,42.5,7/22/2026 14:19:23,16.5,0,23.19,0.94,
0,1.294,1811.67,42.6,7/22/2026 14:19:28,16.5,0,23.32,1.18,
0,1.231,1788.33,42.6,7/22/2026 14:19:33,16.5,0,23.37,1.2,
0,1.28,1775.83,42.6,7/22/2026 14:19:33,16.5,0,23.37,1.2,
0,1.214,1754.17,42.6,7/22/2026 14:19:37,16.5,0,23.26,0.85,
0,1.312,1740.83,42.6,7/22/2026 14:19:41,16.5,0,23.26,0.87,
0,1.296,1730,42.5,7/22/2026 14:19:45,16.5,0,23.23,1.21,
0,1.188,1710,42.5,7/22/2026 14:19:49,16.5,0,23.22,1.13,
0,1.133,1705.83,42.5,7/22/2026 14:19:54,16.5,0,23.04,0.89,
0,1.235,1706.67,42.5,7/22/2026 14:19:58,16.5,0,23.31,0.85,
0,1.219,1706.67,42.5,7/22/2026 14:19:58,16.5,0,23.31,0.85,
0,1.247,1712.5,42.5,7/22/2026 14:20:02,16.5,0,23.31,1.35,
0,1.213,1715.83,42.5,7/22/2026 14:20:06,16.5,0,23.24,0.98,
0,1.068,1720,42.6,7/22/2026 14:20:10,16.5,0,23.34,1.39,
0,1.225,1723.33,42.5,7/22/2026 14:20:15,16.5,0,23.15,0.9,
0,1.232,1735,42.5,7/22/2026 14:20:19,16.5,0,23.26,1.08,
0,1.21,1740,42.5,7/22/2026 14:20:23,16.5,0,23.32,1.4,
0,1.177,1750.83,42.5,7/22/2026 14:20:28,16.5,0,23.07,0.83,
0,1.204,1755,42.5,7/22/2026 14:20:32,16.5,0,23.31,1.37,
0,1.222,1760,42.5,7/22/2026 14:20:36,16.5,0,23.29,1.07,
0,1.206,1772.5,42.5,7/22/2026 14:20:40,16.5,0,23.29,0.98,
0,1.136,1782.5,42.5,7/22/2026 14:20:44,16.5,0,23.42,1.07,
0,1.179,1785,42.5,7/22/2026 14:20:48,16.5,0,23.42,1.29,
0,1.165,1801.67,42.5,7/22/2026 14:20:53,16.5,0,23.61,1.27,
0,1.112,1817.5,42,7/22/2026 14:20:57,16.5,0,23.43,1.4,
0,1.117,1821.67,42,7/22/2026 14:21:01,16.5,0,23.61,1.03,
0,1.043,1847.5,42,7/22/2026 14:21:05,16.5,0,23.62,0.8,
0,0.98,1935.83,42,7/22/2026 14:21:15,16.5,0,23.82,1.04,
0,1.143,1975.83,42,7/22/2026 14:21:16,16.5,0,23.82,1.04,
0,1.021,2061.67,41.9,7/22/2026 14:21:20,16.5,0,24.3,1.35,
0,1.202,2161.67,41.7,7/22/2026 14:21:24,16.5,0,23.92,1.45,
0,1.05,2240.83,41.6,7/22/2026 14:21:27,16.5,0,24.22,1.45,
0,1.168,2266.67,41.6,7/22/2026 14:21:31,16.5,0,24.4,1.29,
0,1.126,2209.17,41.6,7/22/2026 14:21:37,16.5,0,24.36,0.94,
0,1.128,2470.83,41.6,7/22/2026 14:21:42,16.5,0,25.18,1.24,
0,1.038,3042.5,41.6,7/22/2026 14:21:42,16.5,0,25.18,1.24,
0,1.295,3382.5,41.6,7/22/2026 14:21:46,16.5,0,25.32,1.47,
0,1.137,2210,41.6,7/22/2026 14:21:51,16.5,0,23.99,1.22,
0,1.146,2014.17,42,7/22/2026 14:21:55,16.5,0,23.78,1.26,
0,1.208,1910,42,7/22/2026 14:22:00,16.5,0,23.61,1.14,
0,1.171,1849.17,42,7/22/2026 14:22:04,16.5,0,23.51,0.97,
0,1.166,1830.83,42,7/22/2026 14:22:08,16.5,0,23.45,0.9,
0,1.22,1816.67,42,7/22/2026 14:22:12,16.5,0,23.29,1.14,
0,1.191,1799.17,42,7/22/2026 14:22:17,16.5,0,23.45,1.46,
0,0.957,1780.83,41.6,7/22/2026 14:22:22,16.5,0,23.47,0.91,
0,0.559,1765.83,41.6,7/22/2026 14:22:26,16.5,0,23.42,0.9,
0,0.624,1759.17,41.6,7/22/2026 14:22:30,16.5,0,23.43,1,
0,0.622,1746.67,41.6,7/22/2026 14:22:35,16.5,0,23.51,1.11,
0,0.622,1746.67,41.6,7/22/2026 14:22:35,16.5,0,23.51,1.11,
0,0.37,1739.17,41.6,7/22/2026 14:22:40,16.5,0,23.5,1.21,
0,0.421,1732.5,41.6,7/22/2026 14:22:44,16.5,0,23.51,1.11,
0,0.529,1728.33,41.5,7/22/2026 14:22:48,16.5,0,23.48,1.47,
0,0.435,1728.33,41.5,7/22/2026 14:22:53,16.5,0,23.4,1.13,
0,0.4,1729.17,41.5,7/22/2026 14:22:57,16.5,0,23.36,1.43,
0,0.408,1728.33,41.5,7/22/2026 14:23:01,16.5,0,23.46,0.9,
0,0.367,1730,41.5,7/22/2026 14:23:07,16.5,0,23.44,0.89,
0,0.37,1732.5,41.6,7/22/2026 14:23:11,16.5,0,23.44,1.4,
0,0.433,1731.67,41.6,7/22/2026 14:23:16,16.5,0,23.43,1.17,
0,0.342,1730.83,41.6,7/22/2026 14:23:21,16.5,0,23.41,1.11,
0,0.454,1744.17,41.6,7/22/2026 14:23:21,16.5,0,23.41,1.11,
0,0.489,1749.17,41.6,7/22/2026 14:23:25,16.5,0,23.3,1.18,
0,0.436,1750,41.6,7/22/2026 14:23:29,16.5,0,23.45,1.03,
0,0.299,1755,41.2,7/22/2026 14:23:33,16.5,0,23.47,1.47,
0,0.299,1755,41.2,7/22/2026 14:23:33,16.5,0,23.47,1.47,
0,0.325,1758.33,41.1,7/22/2026 14:23:37,16.5,0,23.51,0.89,
0,0.099,1761.67,41.1,7/22/2026 14:23:42,16.5,0,23.6,1.47,
0,0.231,1762.5,41.1,7/22/2026 14:23:47,16.5,0,23.7,0.96,
0,0.135,1768.33,41.1,7/22/2026 14:23:53,16.5,0,23.62,1.3,
0,0.235,1775,41.1,7/22/2026 14:23:58,16.5,0,23.51,0.95,
0,0.277,1773.33,41,7/22/2026 14:24:02,16.5,0,23.66,1.03,
0,0.277,1773.33,41,7/22/2026 14:24:02,16.5,0,23.66,1.03,
0,0.2,1770,40.9,7/22/2026 14:24:06,16.5,0,23.61,1.04,
0,0.436,1769.17,40.6,7/22/2026 14:24:10,16.5,0,23.47,0.9,
0,0.216,1760,40.6,7/22/2026 14:24:15,16.5,0,23.67,1.16,
0,0.235,1760,40.6,7/22/2026 14:24:27,16.5,0,23.61,1.2,
0,0.235,1760,40.6,7/22/2026 14:24:27,16.5,0,23.51,0.95,
0,0.302,1760,40.6,7/22/2026 14:24:32,16.5,0,23.5,0.86,
0,0.28,1767.5,40.6,7/22/2026 14:24:37,16.5,0,23.61,1.17,
0,0.246,1770,40.6,7/22/2026 14:24:41,16.5,0,23.46,1.05,
0,0.257,1771.67,40.6,7/22/2026 14:24:47,16.5,0,23.51,1.09,
0,0.348,1770.83,40.6,7/22/2026 14:24:47,16.5,0,23.51,1.09,
0,0.348,1770.83,40.6,7/22/2026 14:24:52,16.5,0,23.45,0.95,
0,0.38,1767.5,40.6,7/22/2026 14:24:55,16.5,0,23.36,1.39,
0,0.213,1762.5,40.6,7/22/2026 14:24:59,16.5,0,23.44,1.19,
0,0.289,1762.5,40.6,7/22/2026 14:25:03,16.5,0,23.43,0.84,
0,0.345,1762.5,40.6,7/22/2026 14:25:09,16.5,0,23.42,1.28,
0,0.273,1767.5,40.6,7/22/2026 14:25:14,16.5,0,23.48,0.9,
0,0.282,1770.83,40.6,7/22/2026 14:25:19,16.5,0,23.4,1.31,
0,0.282,1768.33,40.6,7/22/2026 14:25:23,16.5,0,23.24,1.36,
0,0.202,1760,40.6,7/22/2026 14:25:27,16.5,0,23.35,1.43,
0,0.38,1750,40.6,7/22/2026 14:25:33,16.5,0,23.26,1.1,
0,0.421,1736.67,40.6,7/22/2026 14:25:37,16.5,0,23.41,1.3,
0,0.421,1736.67,40.6,7/22/2026 14:25:37,16.5,0,23.41,1.3,
0,0.206,1730.83,40.6,7/22/2026 14:25:42,16.5,0,23.36,0.95,
0,0.27,1720,40.5,7/22/2026 14:25:46,16.5,0,23.39,1.3,
0,0.258,1711.67,40.3,7/22/2026 14:25:49,16.5,0,23.44,1.23,
0,0.27,1695.83,40.2,7/22/2026 14:25:54,16.5,0,23.51,1.09,
0,0.399,1681.67,40.1,7/22/2026 14:25:59,16.5,0,23.6,1.29,
0,0.342,1657.5,40.1,7/22/2026 14:26:03,16.5,0,23.42,1.38,
0,0.445,1648.33,40.1,7/22/2026 14:26:07,16.5,0,23.44,1.33,
0,0.345,1626.67,40.1,7/22/2026 14:26:11,16.5,0,23.25,1.28,
0,0.267,1618.33,40.1,7/22/2026 14:26:15,16.5,0,23.42,1.35,
0,0.403,1610.83,40.1,7/22/2026 14:26:15,16.5,0,23.42,1.35,
0,0.42,1599.17,40.1,7/22/2026 14:26:21,16.5,0,23.4,0.99,
0,0.345,1590.83,40.1,7/22/2026 14:26:27,16.5,0,23.36,1.37,
0,0.293,1580,40.1,7/22/2026 14:26:31,16.5,0,23.24,1.15,
0,0.176,1575.83,40.1,7/22/2026 14:26:36,16.5,0,23.22,1.28,
0,0.213,1563.33,40.1,7/22/2026 14:26:41,16.5,0,23.39,0.84,
0,0.279,1553.33,40.1,7/22/2026 14:26:45,16.5,0,23.31,0.89,
0,0.25,1545,40.1,7/22/2026 14:26:50,16.5,0,23.16,1.25,
0,0.209,1540,39.6,7/22/2026 14:26:54,16.5,0,23.42,1.12,
0,0.063,1537.5,39.5,7/22/2026 14:26:58,16.5,0,23.37,0.93,
0,0.061,1531.67,39.5,7/22/2026 14:27:01,16.5,0,23.26,1.2,
0,0.026,1529.17,39.5,7/22/2026 14:27:06,16.5,0,23.29,1.25,
0,0.035,1524.17,39.5,7/22/2026 14:27:10,16.5,0,23.4,1.04,
0,0.091,1520.83,39.5,7/22/2026 14:27:14,16.5,0,23.32,1.2,
0,0.07,1520,39.5,7/22/2026 14:27:18,16.5,0,23.31,0.94,
0,0.201,1517.5,39.5,7/22/2026 14:27:23,16.5,0,23.31,0.93,
0,0.064,1519.17,39.5,7/22/2026 14:27:26,16.5,0,22.85,1.08,
0,0.037,1519.17,39.5,7/22/2026 14:27:31,16.5,0,23.36,1.38,
0,0.082,1519.17,39.5,7/22/2026 14:27:35,16.5,0,23.29,0.87,
0,0.16,1520.83,39.5,7/22/2026 14:27:39,16.5,0,23.38,0.98,
0,0.112,1518.33,39.4,7/22/2026 14:27:39,16.5,0,23.38,0.98,
0,0.034,1518.33,39.3,7/22/2026 14:27:43,16.5,0,23.42,0.86,
0,0.092,1520.83,39.4,7/22/2026 14:27:47,16.5,0,23.45,1.44,
0,0.127,1523.33,39.4,7/22/2026 14:27:52,16.5,0,23.32,0.82,
0,0.147,1518.33,39.1,7/22/2026 14:27:57,16.5,0,22.91,1.35,
0,0.133,1522.5,39.1,7/22/2026 14:28:04,16.5,0,23.5,0.88,
0,0.39,1519.17,39,7/22/2026 14:28:09,16.5,0,23.47,1.32,
0,0.279,1520,39,7/22/2026 14:28:13,16.5,0,23.41,1.07,
0,0.341,1516.67,39,7/22/2026 14:28:17,16.5,0,23.32,1.39,
0,0.281,1518.33,39,7/22/2026 14:28:21,16.5,0,23.42,1.2,
0,0.332,1517.5,39,7/22/2026 14:28:25,16.5,0,23.38,0.83,
0,0.402,1510,39,7/22/2026 14:28:30,16.5,0,23.39,1.43,
0,0.368,1509.17,39,7/22/2026 14:28:34,16.5,0,23.42,0.82,
0,0.31,1502.5,39,7/22/2026 14:28:39,16.5,0,23.4,1.3,
0,0.365,1503.33,39,7/22/2026 14:28:43,16.5,0,23.36,1.01,
0,0.311,1506.67,39,7/22/2026 14:28:48,16.5,0,23.4,1.25,
0,0.277,1507.5,39,7/22/2026 14:28:52,16.5,0,23.44,1.13,
0,0.35,1510,38.8,7/22/2026 14:28:52,16.5,0,23.44,1.13,
0,0.29,1511.67,38.6,7/22/2026 14:28:57,16.5,0,23.4,1.4,
0,0.103,1510.83,38.5,7/22/2026 14:29:01,16.5,0,23.51,1.41,
0,0.216,1514.17,38.5,7/22/2026 14:29:07,16.5,0,23.5,0.88,
0,0.24,1516.67,38.5,7/22/2026 14:29:11,16.5,0,23.6,1.3,
0,0.219,1516.67,38.5,7/22/2026 14:29:16,16.5,0,23.51,0.91,
0,0.218,1510,38.5,7/22/2026 14:29:20,16.5,0,23.45,1.27,
0,0.144,1507.5,38.5,7/22/2026 14:29:25,16.5,0,23.51,1.04,
0,0.082,1509.17,38.5,7/22/2026 14:29:29,16.5,0,23.5,0.94,
0,0.298,1510.83,38.5,7/22/2026 14:29:34,16.5,0,23.51,0.9,
0,0.353,1515,38.5,7/22/2026 14:29:39,16.5,0,23.51,1.17,
0,0.353,1515,38.5,7/22/2026 14:29:43,16.5,0,23.38,0.87,
0,0.22,1525.83,38,7/22/2026 14:29:48,16.5,0,23.61,0.82,
0,0.452,1530,38,7/22/2026 14:29:52,16.5,0,23.68,1.33,
0,0.392,1532.5,38,7/22/2026 14:29:56,16.5,0,23.61,1.18,
0,0.472,1535,38.1,7/22/2026 14:30:00,16.5,0,23.61,1.09,
0,0.411,1545,38.5,7/22/2026 14:30:04,16.5,0,23.68,1.09,
0,0.498,1551.67,38.5,7/22/2026 14:30:09,16.5,0,23.61,1.28,
0,0.475,1568.33,38.5,7/22/2026 14:30:13,16.5,0,23.28,1.2,
0,0.495,1585.83,38.5,7/22/2026 14:30:17,16.5,0,23.83,1.17,
0,0.602,1593.33,38.5,7/22/2026 14:30:21,16.5,0,23.72,1.21,
0,0.9,1595.83,38.5,7/22/2026 14:30:25,16.5,0,23.66,1.37,
0,1.003,1602.5,38.5,7/22/2026 14:30:29,16.5,0,23.77,1.13,
0,0.939,1616.67,38.5,7/22/2026 14:30:35,16.5,0,23.75,1.44,
0,0.842,1617.5,38.5,7/22/2026 14:30:39,16.5,0,23.77,1.27,
0,0.826,1621.67,38.5,7/22/2026 14:30:43,16.5,0,23.84,1.28,
0,0.892,1625,38.5,7/22/2026 14:30:48,16.5,0,23.61,0.94,
0,0.839,1625.83,38.5,7/22/2026 14:30:52,16.5,0,23.8,0.87,
0,0.757,1630.83,38.5,7/22/2026 14:30:56,16.5,0,23.8,1.06,
0,0.855,1655,38.5,7/22/2026 14:31:01,16.5,0,23.98,1.24,
0,0.738,1666.67,38.5,7/22/2026 14:31:06,16.5,0,23.91,1.41,
0,0.74,1679.17,38.5,7/22/2026 14:31:10,16.5,0,23.92,1.08,
0,0.844,1701.67,38.5,7/22/2026 14:31:11,16.5,0,23.92,1.08,
0,0.728,1720,38.5,7/22/2026 14:31:15,16.5,0,23.91,1.4,
0,0.975,1710,38.5,7/22/2026 14:31:19,16.5,0,24.01,1.15,
0,0.975,1710,38.5,7/22/2026 14:31:19,16.5,0,24.01,1.15,
0,0.964,1706.67,38.5,7/22/2026 14:31:23,16.5,0,23.93,0.83,
0,2.261,1725,38.7,7/22/2026 14:31:30,16.5,0,23.83,1.06,
0,3.448,1751.67,38.9,7/22/2026 14:31:35,16.5,0,24.12,1.47,
0,3.519,1788.33,38.6,7/22/2026 14:31:40,16.5,0,24.1,1.03,
0,3.634,1801.67,38.6,7/22/2026 14:31:45,16.5,0,24.01,1.02,
0,3.399,1840,38.6,7/22/2026 14:31:45,16.5,0,24.01,1.02,
0,3.473,1863.33,38.6,7/22/2026 14:31:48,16.5,0,24.25,1.29,
0,3.512,1823.33,38.6,7/22/2026 14:31:53,16.5,0,24.14,1.09,
0,3.345,1800.83,38.5,7/22/2026 14:31:58,16.5,0,23.88,0.82,
0,3.309,1809.17,38.5,7/22/2026 14:32:02,16.5,0,24.19,1.19,
0,3.157,1835,38.5,7/22/2026 14:32:06,16.5,0,24.19,0.95,
0,3.194,1838.33,38.5,7/22/2026 14:32:10,16.5,0,24.2,1.05,
0,3.223,1868.33,38.6,7/22/2026 14:32:15,16.5,0,24.2,1.37,
0,3.324,1874.17,38.6,7/22/2026 14:32:19,16.5,0,24.22,1.15,
0,3.229,1913.33,38.7,7/22/2026 14:32:24,16.5,0,24.22,1.42,
0,3.229,1913.33,38.7,7/22/2026 14:32:28,16.5,0,24.3,1.21,
0,3.317,1977.5,39,7/22/2026 14:32:33,16.5,0,24.31,1.41,
0,3.261,2009.17,39,7/22/2026 14:32:37,16.5,0,24.4,1.08,
0,3.157,2085,39,7/22/2026 14:32:42,16.5,0,24.47,1.18,
0,3.085,2131.67,39,7/22/2026 14:32:46,16.5,0,24.47,1.02,
0,3.088,2105,39,7/22/2026 14:32:51,16.5,0,24.47,1.06,
0,3.079,2092.5,39,7/22/2026 14:32:55,16.5,0,24.5,1.15,
0,3.2,2179.17,39,7/22/2026 14:32:55,16.5,0,24.5,1.15,
0,3.074,2450,39,7/22/2026 14:33:00,16.5,0,25.01,0.91,
0,3.073,2605.83,39,7/22/2026 14:33:04,16.5,0,25.32,0.9,
0,3.488,3040.83,39.1,7/22/2026 14:33:08,16.5,0,25.38,1.49,
0,3.601,3116.67,39.4,7/22/2026 14:33:13,16.5,0,25.54,1,
0,3.568,2950,39.5,7/22/2026 14:33:17,16.5,0,25.36,0.88,
0,3.531,3082.5,39.5,7/22/2026 14:33:22,16.5,0,25.68,1.14,
0,4.296,3498.33,39.5,7/22/2026 14:33:26,16.5,0,25.86,1.15,
0,4.362,3670.83,39.9,7/22/2026 14:33:30,16.5,0,25.77,1.27,
0,4.578,3675.83,40.1,7/22/2026 14:33:35,16.5,0,25.78,1.21,
0,4.295,3612.5,40.1,7/22/2026 14:33:38,16.5,0,25.81,1.39,
0,4.197,3854.17,40.1,7/22/2026 14:33:43,16.5,0,25.81,1.43,
0,3.024,3024.17,40.6,7/22/2026 14:33:47,16.5,0,25.03,1.38,
0,3.024,3024.17,40.6,7/22/2026 14:33:47,16.5,0,25.03,1.38,
0,3.512,3175,40.6,7/22/2026 14:33:51,16.5,0,25.58,1.15,
0,4.08,3665.83,41,7/22/2026 14:33:57,16.5,0,25.59,1.08,
0,4.053,3785,41.1,7/22/2026 14:34:01,16.5,0,25.78,1.39,
0,4.246,3869.17,41.1,7/22/2026 14:34:05,16.5,0,25.71,0.81,
0,4.533,3923.33,41.6,7/22/2026 14:34:10,16.5,0,25.57,1.31,
0,4.529,3910.83,41.6,7/22/2026 14:34:14,16.5,0,25.71,1.29,
0,4.355,3917.5,41.6,7/22/2026 14:34:18,16.5,0,25.68,1.36,
0,4.362,3915,41.6,7/22/2026 14:34:22,16.5,0,25.73,1.22,
0,4.47,3920,42,7/22/2026 14:34:26,16.5,0,25.66,1.36,
0,4.137,3917.5,42.5,7/22/2026 14:34:31,16.5,0,25.62,1.21,
0,3.972,3893.33,42.5,7/22/2026 14:34:35,16.5,0,25.4,1.38,
0,3.898,3876.67,42.5,7/22/2026 14:34:39,16.5,0,25.59,0.97,
0,3.765,3877.5,43,7/22/2026 14:34:44,16.5,0,25.59,1.25,
0,3.764,3877.5,43,7/22/2026 14:34:48,16.5,0,25.51,1.37,
0,3.776,3875.83,43,7/22/2026 14:34:53,16.5,0,25.54,1.38,
0,3.662,3877.5,43.1,7/22/2026 14:34:57,16.5,0,25.79,1.06,
0,3.825,3903.33,43.5,7/22/2026 14:35:01,16.5,0,25.58,1,
0,3.693,3914.17,43.5,7/22/2026 14:35:05,16.5,0,25.49,0.86,
0,3.389,3916.67,43.5,7/22/2026 14:35:09,16.5,0,25.59,1.33,
0,3.57,3929.17,43.5,7/22/2026 14:35:13,16.5,0,25.49,1.21,
0,3.598,3925,43.5,7/22/2026 14:35:18,16.5,0,25.32,1.33,
0,3.393,3925,43.5,7/22/2026 14:35:23,16.5,0,25.54,0.8,
0,3.213,3924.17,43.5,7/22/2026 14:35:28,16.5,0,25.65,1.24,
0,3.321,3925,43.5,7/22/2026 14:35:28,16.5,0,25.65,1.24,
0,3.146,3937.5,43.5,7/22/2026 14:35:33,16.5,0,25.41,1.16,
0,3.324,3941.67,43.8,7/22/2026 14:35:37,16.5,0,25.25,1.3,
0,3.26,3936.67,43.9,7/22/2026 14:35:41,16.5,0,25.45,1.45,
0,3.103,3911.67,43.9,7/22/2026 14:35:45,16.5,0,25.38,1.44,
0,3.28,3916.67,43.9,7/22/2026 14:35:49,16.5,0,25.32,1.37,
0,3.07,3841.67,43.9,7/22/2026 14:35:53,16.5,0,25.4,0.92,
0,3.118,3822.5,44.3,7/22/2026 14:35:58,16.5,0,25.36,0.8,
0,2.83,3689.17,44.4,7/22/2026 14:36:02,16.5,0,25.25,0.9,
0,2.821,3726.67,44.4,7/22/2026 14:36:07,16.5,0,25.25,0.84,
0,2.935,3720.83,44.4,7/22/2026 14:36:11,16.5,0,25.22,0.83,
0,2.937,3759.17,44.8,7/22/2026 14:36:16,16.5,0,25.36,1.28,
0,2.937,3759.17,44.8,7/22/2026 14:36:16,16.5,0,25.36,1.28,
0,2.773,3762.5,44.8,7/22/2026 14:36:20,16.5,0,25.22,0.88,
0,2.759,3768.33,44.8,7/22/2026 14:36:25,16.5,0,25.21,0.96,
0,2.819,3755,45.3,7/22/2026 14:36:29,16.5,0,25.03,1.27,
0,2.968,3760.83,45.3,7/22/2026 14:36:32,16.5,0,25.25,1.24,
0,3.466,3770,45.3,7/22/2026 14:36:37,16.5,0,25.28,0.8,
0,3.395,3756.67,45.6,7/22/2026 14:36:37,16.5,0,25.28,0.8,
0,3.379,3729.17,45.7,7/22/2026 14:36:42,16.5,0,25.19,1.08,
0,3.433,3753.33,45.7,7/22/2026 14:36:46,16.5,0,25.19,1.16,
0,3.353,3746.67,45.7,7/22/2026 14:36:50,16.5,0,25.16,1.21,
0,3.418,3540,45.7,7/22/2026 14:36:55,16.5,0,25.06,1.38,
0,3.418,3540,45.7,7/22/2026 14:36:55,16.5,0,25.06,1.38,
0,3.234,3605,45.7,7/22/2026 14:37:00,16.5,0,25.19,1.08,
0,3.181,3729.17,45.7,7/22/2026 14:37:00,16.5,0,25.19,1.08,
0,3.281,3722.5,45.7,7/22/2026 14:37:08,16.5,0,25.17,0.84,
0,3.281,3722.5,45.7,7/22/2026 14:37:18,16.5,0,25.13,0.97,
0,3.478,3654.17,45.7,7/22/2026 14:37:23,16.5,0,25.07,1.23,
0,3.271,3596.67,45.7,7/22/2026 14:37:27,16.5,0,25.09,1.04,
0,3.285,3599.17,45.7,7/22/2026 14:37:32,16.5,0,24.99,0.84,
0,3.407,3599.17,45.7,7/22/2026 14:37:36,16.5,0,25.09,0.89,
0,3.29,3592.5,45.7,7/22/2026 14:37:42,16.5,0,25.05,1.01,
0,3.29,3592.5,45.7,7/22/2026 14:37:55,16.5,0,24.85,1.27,
0,3.29,3592.5,45.7,7/22/2026 14:37:59,16.5,0,24.99,0.91,
0,3.29,3592.5,45.7,7/22/2026 14:38:11,16.5,0,24.93,1.49,
0,3.29,3592.5,45.7,7/22/2026 14:38:15,16.5,0,24.69,1.43,
0,3.29,3592.5,45.7,7/22/2026 14:38:19,16.5,0,24.78,0.89,
0,3.29,3592.5,45.7,7/22/2026 14:38:23,16.5,0,25,1.08,
0,3.29,3592.5,45.7,7/22/2026 14:38:28,16.5,0,24.4,0.87,
0,3.29,3592.5,45.7,7/22/2026 14:38:32,16.5,0,24.25,0.81,
0,3.303,2644.17,45.7,7/22/2026 14:38:33,16.5,0,24.25,0.81,
0,3.244,2928.33,45.3,7/22/2026 14:38:37,16.5,0,24.4,1.47,
0,3.32,2331.67,45.3,7/22/2026 14:38:41,16.5,0,23.95,1.06,
0,3.199,2538.33,45.3,7/22/2026 14:38:45,16.5,0,23.99,0.93,
0,3.256,1950.83,45.3,7/22/2026 14:38:50,16.5,0,23.46,0.99,
0,3.256,1950.83,45.3,7/22/2026 14:38:55,16.5,0,23.42,0.85,
0,3.18,1856.67,45.3,7/22/2026 14:38:59,16.5,0,23.34,1.2,
0,3.34,1857.5,44.8,7/22/2026 14:39:04,16.5,0,23.44,1.38,
0,3.124,1943.33,44.8,7/22/2026 14:39:10,16.5,0,23.43,0.94,
0,3.176,1995.83,44.4,7/22/2026 14:39:15,16.5,0,23.33,1.33,
0,3.1,2281.67,44.4,7/22/2026 14:39:23,16.5,0,23.85,1.09,
0,3.192,2555,44.4,7/22/2026 14:39:27,16.5,0,24.17,1.17,
0,3.24,2532.5,44.4,7/22/2026 14:39:27,16.5,0,24.17,1.17,
0,3.208,3415.83,44.3,7/22/2026 14:39:34,16.5,0,24.6,1.28,
0,3.155,3314.17,44.1,7/22/2026 14:39:38,16.5,0,24.77,0.93,
0,3.271,3390,44.4,7/22/2026 14:39:43,16.5,0,24.77,0.82,
0,3.15,3064.17,44.4,7/22/2026 14:39:48,16.5,0,24.8,1.49,
0,3.265,3036.67,44.4,7/22/2026 14:39:55,16.5,0,24.73,1.4,
0,3.309,3121.67,44.4,7/22/2026 14:40:08,16.5,0,24.63,1.33,
0,3.097,2799.17,44,7/22/2026 14:40:13,16.5,0,24.26,1.47,
0,3.231,3093.33,43.9,7/22/2026 14:40:17,16.5,0,25.03,1.24,
0,3.286,3904.17,43.9,7/22/2026 14:40:22,16.5,0,25.09,0.94,
0,3.368,4070,44.4,7/22/2026 14:40:26,16.5,0,25.08,0.87,
0,3.475,4045.83,44.4,7/22/2026 14:40:31,16.5,0,24.93,0.96,
0,3.536,4120.83,44.4,7/22/2026 14:40:35,16.5,0,25.08,1.43,
0,3.532,4145,44.5,7/22/2026 14:40:39,16.5,0,24.94,0.83,
0,3.83,2955,44.8,7/22/2026 14:40:43,16.5,0,24.25,0.85,
0,4.035,3114.17,44.8,7/22/2026 14:40:47,16.5,0,24.52,0.9,
0,3.722,3415,44.9,7/22/2026 14:40:52,16.5,0,24.69,0.82,
0,3.915,3515.83,45.2,7/22/2026 14:40:56,16.5,0,24.69,0.96,
0,3.956,3489.17,45.3,7/22/2026 14:41:01,16.5,0,24.85,0.9,
0,3.863,4210,45.3,7/22/2026 14:41:05,16.5,0,25.13,1.42,
0,3.97,4263.33,45.3,7/22/2026 14:41:09,16.5,0,25.16,1.38,
0,3.984,4288.33,45.3,7/22/2026 14:41:13,16.5,0,25.04,1.06,
0,3.863,4097.5,45.6,7/22/2026 14:41:19,16.5,0,24.86,0.85,
0,3.853,4014.17,45.7,7/22/2026 14:41:24,16.5,0,24.92,0.93,
0,3.829,4347.5,45.7,7/22/2026 14:41:33,16.5,0,24.99,1.43,
0,4.154,4358.33,45.7,7/22/2026 14:41:38,16.5,0,25.03,1.36,
0,3.541,4105,46.2,7/22/2026 14:41:43,16.5,0,24.81,1.39,
0,3.463,3660,46.2,7/22/2026 14:41:48,16.5,0,24.51,0.92,
0,3.446,3180,46.2,7/22/2026 14:41:52,16.5,0,24.41,0.81,
0,3.435,3990,46.2,7/22/2026 14:41:56,16.5,0,24.99,1.25,
0,3.484,3977.5,46.2,7/22/2026 14:42:00,16.5,0,24.12,0.9,
0,3.382,3075.83,46.2,7/22/2026 14:42:05,16.5,0,24.2,1.05,
0,3.16,2939.17,45.7,7/22/2026 14:42:09,16.5,0,24.34,0.83,
0,3.196,3183.33,45.7,7/22/2026 14:42:09,16.5,0,24.34,0.83,
0,3.116,3678.33,45.7,7/22/2026 14:42:14,16.5,0,24.81,1.16,
0,2.93,3587.5,45.7,7/22/2026 14:42:21,16.5,0,24.43,0.97,
0,2.807,3525.83,45.7,7/22/2026 14:42:26,16.5,0,24.58,0.83,
0,2.734,3588.33,45.3,7/22/2026 14:42:30,16.5,0,24.6,0.92,
0,2.857,3485,45.3,7/22/2026 14:42:34,16.5,0,24.36,1.41,
0,2.698,2981.67,45.2,7/22/2026 14:42:38,16.5,0,24.07,1.06,
0,2.824,2949.17,44.9,7/22/2026 14:42:43,16.5,0,24.12,0.99,
0,2.866,3107.5,44.9,7/22/2026 14:42:52,16.5,0,24.22,0.99,
0,2.757,3146.67,44.8,7/22/2026 14:42:52,16.5,0,24.22,0.99,
0,2.757,3146.67,44.8,7/22/2026 14:42:54,16.5,0,24.58,0.8,
0,2.788,3655,44.8,7/22/2026 14:42:58,16.5,0,24.76,1.09,
0,2.781,3871.67,44.8,7/22/2026 14:43:03,16.5,0,25,1.36,
0,2.841,4249.17,44.8,7/22/2026 14:43:09,16.5,0,25.12,0.93,
0,2.977,4263.33,44.8,7/22/2026 14:43:15,16.5,0,25.01,1.49,
0,2.851,4245,44.8,7/22/2026 14:43:15,16.5,0,25.01,1.49,
0,2.859,4242.5,44.9,7/22/2026 14:43:20,16.5,0,24.98,1.02,
0,2.897,4216.67,45.2,7/22/2026 14:43:24,16.5,0,24.57,0.88,
0,2.98,4210,45.3,7/22/2026 14:43:28,16.5,0,24.95,1.4,
0,3.05,4188.33,45.3,7/22/2026 14:43:33,16.5,0,24.99,1.34,
0,2.916,4195,45.3,7/22/2026 14:43:37,16.5,0,24.96,1.04,
0,2.83,4185.83,45.3,7/22/2026 14:43:41,16.5,0,24.9,1.27,
0,2.936,4182.5,45.4,7/22/2026 14:43:46,16.5,0,24.89,1.29,
0,2.841,4169.17,45.6,7/22/2026 14:43:50,16.5,0,24.96,0.9,
0,2.831,4149.17,45.7,7/22/2026 14:43:50,16.5,0,24.96,0.9,
0,2.881,4133.33,45.7,7/22/2026 14:43:55,16.5,0,24.9,0.8,
0,2.985,4114.17,45.7,7/22/2026 14:43:58,16.5,0,24.98,0.82,
0,2.88,4086.67,45.7,7/22/2026 14:44:04,16.5,0,24.99,1.3,
0,3.004,4061.67,45.7,7/22/2026 14:44:09,16.5,0,24.97,1.23,
0,2.906,4028.33,45.7,7/22/2026 14:44:14,16.5,0,24.99,1.46,
0,2.895,4014.17,45.7,7/22/2026 14:44:14,16.5,0,24.99,1.46,
0,2.826,4002.5,45.7,7/22/2026 14:44:18,16.5,0,24.91,1.42,
0,2.925,3976.67,45.7,7/22/2026 14:44:23,16.5,0,24.97,1.14,
0,2.847,3934.17,45.7,7/22/2026 14:44:36,16.5,0,24.82,0.84,
0,2.847,3934.17,45.7,7/22/2026 14:44:36,16.5,0,24.82,0.84,
0,2.847,3934.17,45.7,7/22/2026 14:44:36,16.5,0,25,0.99,
0,2.786,3917.5,45.7,7/22/2026 14:44:40,16.5,0,24.89,1.33,
0,2.983,3904.17,45.7,7/22/2026 14:44:45,16.5,0,24.9,0.93,
0,2.874,3858.33,45.7,7/22/2026 14:44:49,16.5,0,24.93,0.84,
0,2.869,3842.5,45.7,7/22/2026 14:44:54,16.5,0,24.9,1.38,
0,2.768,3804.17,45.7,7/22/2026 14:44:58,16.5,0,25.01,1.39,
0,2.882,3772.5,45.7,7/22/2026 14:45:03,16.5,0,24.86,0.84,
0,2.873,3676.67,45.7,7/22/2026 14:45:08,16.5,0,24.83,1.45,
0,2.79,3642.5,45.5,7/22/2026 14:45:12,16.5,0,24.81,1.41,
0,2.931,3626.67,45.3,7/22/2026 14:45:17,16.5,0,24.83,1.1,
0,2.931,3626.67,45.3,7/22/2026 14:45:17,16.5,0,24.83,1.1,
0,2.743,3601.67,45.3,7/22/2026 14:45:23,16.5,0,24.87,1.15,
0,2.759,3600,45.3,7/22/2026 14:45:27,16.5,0,24.98,1.23,
0,2.87,3559.17,45.3,7/22/2026 14:45:31,16.5,0,24.82,0.95,
0,2.817,3580,45.3,7/22/2026 14:45:36,16.5,0,24.99,1.25,
0,2.799,3413.33,45.3,7/22/2026 14:45:40,16.5,0,24.7,1.25,
0,2.787,2605,45.3,7/22/2026 14:45:45,16.5,0,24.31,0.89,
0,2.681,3277.5,44.9,7/22/2026 14:45:49,16.5,0,24.84,1.15,
0,2.681,3277.5,44.9,7/22/2026 14:45:49,16.5,0,24.84,1.15,
0,2.721,3540,44.8,7/22/2026 14:45:54,16.5,0,24.9,1.32,
0,2.807,2707.5,44.8,7/22/2026 14:46:04,16.5,0,24.89,1.02,
0,2.574,2515,44.8,7/22/2026 14:46:10,16.5,0,24.01,1.28,
0,2.588,2250,44.6,7/22/2026 14:46:14,16.5,0,23.93,1.16,
0,2.709,3443.33,44.4,7/22/2026 14:46:22,16.5,0,24.99,1.01,
0,2.758,3462.5,44.4,7/22/2026 14:46:25,16.5,0,24.87,1.26,
0,2.66,3375,44.4,7/22/2026 14:46:30,16.5,0,24.83,0.92,
0,2.816,3215.83,44.4,7/22/2026 14:46:30,16.5,0,24.83,0.92,
0,2.76,3372.5,44.4,7/22/2026 14:46:34,16.5,0,24.24,0.89,
0,2.724,2118.33,44.4,7/22/2026 14:46:38,16.5,0,23.51,0.91,
0,2.775,1680.83,44.4,7/22/2026 14:46:42,16.5,0,23.01,1.31,
0,2.712,1534.17,44.4,7/22/2026 14:46:46,16.5,0,22.92,1.22,
0,2.533,1497.5,44.4,7/22/2026 14:46:50,16.5,0,22.78,1.05,
0,2.661,1453.33,44.4,7/22/2026 14:46:54,16.5,0,22.77,0.96,
0,2.695,1439.17,44.4,7/22/2026 14:46:58,16.5,0,22.74,1.28,
0,2.695,1439.17,44.4,7/22/2026 14:47:02,16.5,0,22.64,1.01,
0,2.634,1385,44.1,7/22/2026 14:47:07,16.5,0,22.61,0.83,
0,2.687,1375,43.9,7/22/2026 14:47:11,16.5,0,22.76,1.23,
0,2.806,1345.83,43.9,7/22/2026 14:47:15,16.5,0,22.62,1.38,
0,2.918,1336.67,43.9,7/22/2026 14:47:19,16.5,0,22.78,1.07,
0,3.007,1325,43.8,7/22/2026 14:47:23,16.5,0,22.61,1.07,
0,2.841,1318.33,43.5,7/22/2026 14:47:27,16.5,0,22.63,1.41,
0,2.93,1300.83,43.4,7/22/2026 14:47:31,16.5,0,22.59,1.16,
0,2.823,1295.83,43,7/22/2026 14:47:35,16.5,0,22.63,1.47,
0,2.973,1293.33,43,7/22/2026 14:47:39,16.5,0,22.6,1.37,
0,2.883,1290,43,7/22/2026 14:47:44,16.5,0,22.64,1.07,
0,2.883,1293.33,42.5,7/22/2026 14:47:49,16.5,0,22.7,1.24,
0,2.729,1311.67,42.5,7/22/2026 14:47:55,16.5,0,22.73,1.1,
0,2.655,1315,42.5,7/22/2026 14:48:00,16.5,0,22.94,0.91,
0,2.484,1325,42.5,7/22/2026 14:48:03,16.5,0,22.81,1.06,
0,2.806,1329.17,42,7/22/2026 14:48:08,16.5,0,23.02,0.94,
0,2.957,1370,41.7,7/22/2026 14:48:12,16.5,0,22.99,1.04,
0,2.777,1403.33,41.6,7/22/2026 14:48:17,16.5,0,23.08,1.4,
0,2.985,1424.17,41.6,7/22/2026 14:48:21,16.5,0,22.99,1.14,
0,2.859,1473.33,41.1,7/22/2026 14:48:25,16.5,0,23.2,1.26,
0,2.808,1506.67,41.1,7/22/2026 14:48:30,16.5,0,23.25,0.91,
0,2.893,1541.67,41.1,7/22/2026 14:48:34,16.5,0,23.38,1.04,
0,2.902,1601.67,41.1,7/22/2026 14:48:38,16.5,0,23.41,1.1,
0,2.813,1639.17,41.1,7/22/2026 14:48:42,16.5,0,23.61,1.17,
0,2.816,1723.33,40.6,7/22/2026 14:48:47,16.5,0,23.79,1.07,
0,2.785,1694.17,40.6,7/22/2026 14:48:52,16.5,0,23.8,1.15,
0,2.789,1732.5,40.6,7/22/2026 14:48:56,16.5,0,23.82,1.42,
0,2.792,2300.83,40.6,7/22/2026 14:49:03,16.5,0,24.99,1.31,
0,2.756,2492.5,40.5,7/22/2026 14:49:07,16.5,0,24.69,0.92,
0,2.721,2310.83,40.6,7/22/2026 14:49:12,16.5,0,24.17,1.08,
0,2.71,2417.5,40.6,7/22/2026 14:49:16,16.5,0,24.72,1.35,
0,2.59,3017.5,40.6,7/22/2026 14:49:21,16.5,0,25.28,1.16,
0,3.53,3690,40.6,7/22/2026 14:49:26,16.5,0,25.44,1.28,
0,3.401,3711.67,40.6,7/22/2026 14:49:30,16.5,0,25.39,0.81,
0,3.401,3711.67,40.6,7/22/2026 14:49:34,16.5,0,25.44,0.83,
0,3.573,3730.83,41.1,7/22/2026 14:49:38,16.5,0,25.57,1.19,
0,3.667,3785.83,41.1,7/22/2026 14:49:42,16.5,0,25.32,0.86,
0,3.314,3700,41.5,7/22/2026 14:49:42,16.5,0,25.32,0.86,
0,3.29,3763.33,41.6,7/22/2026 14:49:46,16.5,0,25.52,1.41,
0,3.367,3810.83,41.6,7/22/2026 14:49:50,16.5,0,25.51,1.28,
0,2.997,3534.17,41.9,7/22/2026 14:49:54,16.5,0,25.19,1.06,
0,3.082,3713.33,42,7/22/2026 14:49:58,16.5,0,25.38,1.04,
0,2.763,3298.33,42.5,7/22/2026 14:50:04,16.5,0,25.08,1.45,
0,2.988,3512.5,42.5,7/22/2026 14:50:04,16.5,0,25.08,1.45,
0,2.868,2219.17,42.5,7/22/2026 14:50:09,16.5,0,23.79,1.07,
0,2.813,2218.33,42.5,7/22/2026 14:50:13,16.5,0,24.44,1.29,
0,2.744,2910,42.9,7/22/2026 14:50:18,16.5,0,24.74,1.33,
0,2.801,2546.67,42.6,7/22/2026 14:50:18,16.5,0,24.74,1.33,
0,2.851,2195.83,43,7/22/2026 14:50:23,16.5,0,23.91,1.14,
0,2.705,2045.83,43,7/22/2026 14:50:24,16.5,0,23.91,1.14,
0,2.705,2045.83,43,7/22/2026 14:50:29,16.5,0,23.6,0.92,
0,2.849,1916.67,43,7/22/2026 14:50:33,16.5,0,23.79,1.42,
0,2.828,1784.17,42.5,7/22/2026 14:50:37,16.5,0,23.45,1.28,
0,2.828,1784.17,42.5,7/22/2026 14:50:37,16.5,0,23.45,1.28,
0,2.729,1769.17,42.5,7/22/2026 14:50:42,16.5,0,23.47,0.8,
0,2.869,1756.67,42.5,7/22/2026 14:50:46,16.5,0,23.42,1.11,
0,2.585,1751.67,42.5,7/22/2026 14:50:50,16.5,0,23.34,1.32,
0,2.683,1750.83,42.1,7/22/2026 14:50:54,16.5,0,23.42,1.29,
0,2.756,1751.67,42,7/22/2026 14:50:58,16.5,0,23.6,0.88,
0,2.634,1754.17,42,7/22/2026 14:51:02,16.5,0,23.25,1.28,
0,2.789,1757.5,42,7/22/2026 14:51:06,16.5,0,23.48,1.46,
0,2.781,1759.17,42,7/22/2026 14:51:10,16.5,0,23.4,1.26,
0,2.845,1765,42,7/22/2026 14:51:15,16.5,0,23.46,1.47,
0,2.733,1782.5,41.7,7/22/2026 14:51:20,16.5,0,23.51,1.15,
0,2.976,1788.33,41.6,7/22/2026 14:51:20,16.5,0,23.51,1.15,
0,2.815,1786.67,41.6,7/22/2026 14:51:24,16.5,0,23.64,0.84,
0,2.854,1845,41.1,7/22/2026 14:51:30,16.5,0,23.8,1.46,
0,2.878,1884.17,41.1,7/22/2026 14:51:34,16.5,0,23.75,1.09,
0,2.919,1916.67,41.1,7/22/2026 14:51:38,16.5,0,23.85,1.18,
0,2.908,1995,40.9,7/22/2026 14:51:43,16.5,0,23.89,1.2,
0,2.771,2030,40.6,7/22/2026 14:51:47,16.5,0,23.91,1.07,
0,3.093,2485,40.6,7/22/2026 14:51:51,16.5,0,25.01,0.93,
0,2.852,2376.67,40.6,7/22/2026 14:51:56,16.5,0,24.41,0.89,
0,2.868,2353.33,40.6,7/22/2026 14:52:00,16.5,0,24.55,0.98,
0,2.804,2766.67,40.5,7/22/2026 14:52:04,16.5,0,25.38,1.22,
0,3.362,3656.67,40.2,7/22/2026 14:52:08,16.5,0,25.38,0.92,
0,3.362,3656.67,40.2,7/22/2026 14:52:08,16.5,0,25.38,0.92,
0,3.546,3717.5,40.4,7/22/2026 14:52:12,16.5,0,25.57,1.33,
0,3.325,3707.5,40.6,7/22/2026 14:52:17,16.5,0,25.6,1.35,
0,3.728,3932.5,40.6,7/22/2026 14:52:22,16.5,0,25.68,1.4,
0,3.64,3928.33,40.6,7/22/2026 14:52:26,16.5,0,25.55,1.39,
0,3.628,3917.5,40.6,7/22/2026 14:52:26,16.5,0,25.55,1.39,
0,3.255,3929.17,41,7/22/2026 14:52:31,16.5,0,25.62,1.36,
0,3.28,3947.5,41.1,7/22/2026 14:52:35,16.5,0,25.5,1.01,
0,3.28,3947.5,41.1,7/22/2026 14:52:35,16.5,0,25.5,1.01,
0,3.349,3955,41.1,7/22/2026 14:52:40,16.5,0,25.49,1.43,
0,3.204,3984.17,41.6,7/22/2026 14:52:44,16.5,0,25.47,0.9,
0,3.025,3989.17,41.6,7/22/2026 14:52:50,16.5,0,25.49,1.41,
0,2.984,3992.5,41.8,7/22/2026 14:52:54,16.5,0,25.54,1.12,
0,2.956,3980,42,7/22/2026 14:52:59,16.5,0,25.45,1.44,
0,2.931,3943.33,42.5,7/22/2026 14:53:04,16.5,0,25.45,0.87,
0,3.043,3940.83,42.5,7/22/2026 14:53:09,16.5,0,25.51,1.29,
0,2.52,2213.33,43,7/22/2026 14:53:18,16.5,0,23.75,0.87,
0,2.555,2148.33,43,7/22/2026 14:53:22,16.5,0,23.83,1.22,
0,2.619,2214.17,43,7/22/2026 14:53:27,16.5,0,24.27,0.95,
0,2.484,2408.33,43,7/22/2026 14:53:31,16.5,0,24.59,0.97,
0,2.484,2408.33,43,7/22/2026 14:53:36,16.5,0,23.51,1.37,
0,2.383,1912.5,43,7/22/2026 14:53:36,16.5,0,23.51,1.37,
0,2.611,1815,43,7/22/2026 14:53:40,16.5,0,23.4,0.94,
0,2.446,1765,43,7/22/2026 14:53:46,16.5,0,23.12,1.39,
0,2.435,1728.33,42.9,7/22/2026 14:53:46,16.5,0,23.12,1.39,
0,2.65,1699.17,42.8,7/22/2026 14:53:50,16.5,0,23.13,1.21,
0,2.565,1673.33,42.6,7/22/2026 14:53:55,16.5,0,23.05,0.81,
0,2.536,1624.17,42.5,7/22/2026 14:54:00,16.5,0,23.04,1.17,
0,2.594,1612.5,42.5,7/22/2026 14:54:04,16.5,0,23.06,1.38,
0,2.761,1600,42.5,7/22/2026 14:54:04,16.5,0,23.06,1.38,
0,2.549,1583.33,42.5,7/22/2026 14:54:09,16.5,0,23.13,1.1,
0,2.655,1574.17,42.5,7/22/2026 14:54:13,16.5,0,23.04,0.98,
0,2.572,1564.17,42.5,7/22/2026 14:54:13,16.5,0,23.04,0.98,
0,2.679,1549.17,42.5,7/22/2026 14:54:17,16.5,0,23.02,1.2,
0,2.578,1535.83,42,7/22/2026 14:54:21,16.5,0,22.95,1.48,
0,2.627,1520.83,42,7/22/2026 14:54:25,16.5,0,23.2,0.81,
0,2.716,1508.33,42,7/22/2026 14:54:33,16.5,0,23.03,1.15,
0,2.524,1502.5,42,7/22/2026 14:54:37,16.5,0,23.13,1.08,
0,2.717,1499.17,42,7/22/2026 14:54:41,16.5,0,23.05,1.14,
0,2.681,1494.17,41.9,7/22/2026 14:54:46,16.5,0,23.08,1.06,
0,2.689,1496.67,41.6,7/22/2026 14:54:50,16.5,0,23.14,1.35,
0,2.747,1504.17,41.6,7/22/2026 14:54:54,16.5,0,23.02,1.06,
0,2.69,1515,41.6,7/22/2026 14:54:59,16.5,0,23.26,1.45,
0,2.718,1540,41.6,7/22/2026 14:54:59,16.5,0,23.26,1.45,
0,2.773,1557.5,41.6,7/22/2026 14:55:03,16.5,0,23.21,1.36,
0,2.694,1595,41.6,7/22/2026 14:55:08,16.5,0,23.18,0.98,
0,2.695,1675.83,41.6,7/22/2026 14:55:12,16.5,0,24.27,1.4,
0,2.751,2293.33,41.1,7/22/2026 14:55:16,16.5,0,24.61,1.31,
0,2.626,2233.33,41.1,7/22/2026 14:55:20,16.5,0,24.41,1.21,
0,2.874,2188.33,41.1,7/22/2026 14:55:25,16.5,0,24.34,1.44,
0,2.615,1786.67,41.1,7/22/2026 14:55:30,16.5,0,23.61,1.27,
0,2.524,1638.33,41.1,7/22/2026 14:55:34,16.5,0,23.74,1.38,
0,2.733,1577.5,41,7/22/2026 14:55:39,16.5,0,23.23,1.14,
0,2.861,1540,40.7,7/22/2026 14:55:43,16.5,0,23.29,1.26,
0,2.732,1517.5,40.6,7/22/2026 14:55:48,16.5,0,23.31,1.31,
0,2.855,1510,40.6,7/22/2026 14:55:52,16.5,0,23.12,0.99,
0,2.681,1507.5,40.6,7/22/2026 14:55:57,16.5,0,23.34,1.02,
0,2.726,1507.5,40.6,7/22/2026 14:55:57,16.5,0,23.34,1.02,
0,2.571,1506.67,40.6,7/22/2026 14:56:01,16.5,0,23.22,1.04,
0,2.714,1507.5,40.6,7/22/2026 14:56:05,16.5,0,23.2,0.87,
0,2.761,1511.67,40.6,7/22/2026 14:56:10,16.5,0,23.16,0.81,
0,2.694,1515,40.6,7/22/2026 14:56:14,16.5,0,23.17,1.27,
0,2.718,1515,40.6,7/22/2026 14:56:19,16.5,0,23.22,0.98,
0,2.69,1520,40.3,7/22/2026 14:56:23,16.5,0,23.25,0.93,
0,2.566,1524.17,40.2,7/22/2026 14:56:28,16.5,0,23.09,1.09,
0,2.713,1525,40.2,7/22/2026 14:56:32,16.5,0,22.96,1.21,
0,2.8,1527.5,40.2,7/22/2026 14:56:36,16.5,0,23.25,0.96,
0,2.745,1531.67,40.2,7/22/2026 14:56:40,16.5,0,23.32,1.2,
0,2.752,1538.33,40.2,7/22/2026 14:56:45,16.5,0,23.21,1.35,
0,2.69,1541.67,40.4,7/22/2026 14:56:50,16.5,0,23.39,1.38,
0,2.833,1549.17,40.6,7/22/2026 14:56:54,16.5,0,23.39,1.39,
0,2.813,1550,40.6,7/22/2026 14:56:58,16.5,0,23.4,1.09,
0,2.747,1553.33,40.6,7/22/2026 14:56:58,16.5,0,23.4,1.09,
0,2.765,1557.5,40.6,7/22/2026 14:57:03,16.5,0,23.34,1.14,
0,2.713,1565,40.6,7/22/2026 14:57:07,16.5,0,23.43,1.41,
0,2.753,1581.67,40.6,7/22/2026 14:57:11,16.5,0,23.42,1.15,
0,2.641,1590,40.6,7/22/2026 14:57:16,16.5,0,23.32,1.07,
0,2.702,1592.5,40.6,7/22/2026 14:57:16,16.5,0,23.32,1.07,
0,2.705,1596.67,40.6,7/22/2026 14:57:21,16.5,0,23.38,1.21,
0,2.591,1608.33,40.6,7/22/2026 14:57:25,16.5,0,23.51,1.27,
0,2.884,1630,40.6,7/22/2026 14:57:28,16.5,0,23.63,1.38,
0,2.884,1630,40.6,7/22/2026 14:57:32,16.5,0,23.47,1.17,
0,2.775,1678.33,40.6,7/22/2026 14:57:37,16.5,0,23.61,1.01,
0,2.704,1696.67,40.6,7/22/2026 14:57:42,16.5,0,23.62,1.05,
0,2.904,1739.17,40.6,7/22/2026 14:57:48,16.5,0,23.2,1.37,
0,2.732,1758.33,40.1,7/22/2026 14:57:52,16.5,0,23.71,1.17,
0,2.732,1758.33,40.1,7/22/2026 14:57:52,16.5,0,23.71,1.17,
0,2.635,1769.17,40.1,7/22/2026 14:57:57,16.5,0,23.47,0.83,
0,2.635,1769.17,40.1,7/22/2026 14:57:57,16.5,0,23.47,0.83,
0,2.554,1773.33,40.1,7/22/2026 14:58:01,16.5,0,23.77,0.9,
0,2.799,1784.17,40.1,7/22/2026 14:58:06,16.5,0,23.8,0.85,
0,2.112,1806.67,40.1,7/22/2026 14:58:10,16.5,0,23.81,0.96,
0,1.983,1812.5,40.1,7/22/2026 14:58:15,16.5,0,23.91,0.82,
0,1.894,1823.33,40.1,7/22/2026 14:58:19,16.5,0,23.93,0.89,
0,1.87,1825.83,40,7/22/2026 14:58:23,16.5,0,23.75,1.37,
0,1.905,1822.5,39.7,7/22/2026 14:58:28,16.5,0,23.78,1.11,
0,1.92,1813.33,39.6,7/22/2026 14:58:32,16.5,0,23.77,1.12,
0,1.866,1801.67,39.6,7/22/2026 14:58:37,16.5,0,23.66,0.92,
0,1.93,1793.33,39.5,7/22/2026 14:58:41,16.5,0,23.67,1.4,
0,1.726,1760,39.5,7/22/2026 14:58:47,16.5,0,23.72,0.97,
0,1.847,1761.67,39.5,7/22/2026 14:58:52,16.5,0,23.63,1.19,
0,1.836,1753.33,39.5,7/22/2026 14:58:56,16.5,0,23.51,1.1,
0,1.749,1747.5,39.5,7/22/2026 14:59:00,16.5,0,23.62,1,
0,1.749,1747.5,39.5,7/22/2026 14:59:00,16.5,0,23.62,1,
0,1.785,1745.83,39.5,7/22/2026 14:59:04,16.5,0,23.68,1.19,
0,1.862,1747.5,39.5,7/22/2026 14:59:09,16.5,0,23.45,0.95,
0,1.862,1747.5,39.5,7/22/2026 14:59:09,16.5,0,23.45,0.95,
0,1.777,1749.17,39.2,7/22/2026 14:59:14,16.5,0,23.63,1.35,
0,1.802,1773.33,39.1,7/22/2026 14:59:18,16.5,0,23.73,1.07,
0,1.588,1800,39.1,7/22/2026 14:59:23,16.5,0,23.81,0.97,
0,1.807,1841.67,39.1,7/22/2026 14:59:23,16.5,0,23.81,0.97,
0,1.801,2055,39.1,7/22/2026 14:59:27,16.5,0,24.69,0.9,
0,1.88,2474.17,39.1,7/22/2026 14:59:33,16.5,0,25.21,1.02,
0,2.561,3377.5,39.4,7/22/2026 14:59:33,16.5,0,25.21,1.02,
0,2.512,3478.33,39.5,7/22/2026 14:59:37,16.5,0,25.67,1.07,
0,2.719,3503.33,39.5,7/22/2026 14:59:41,16.5,0,25.66,1.09,
0,2.523,3415,39.5,7/22/2026 14:59:47,16.5,0,25.69,1.14,
0,2.002,3070,39.7,7/22/2026 14:59:51,16.5,0,24.96,1.29,
0,1.791,2465,40.1,7/22/2026 14:59:56,16.5,0,24.7,1.32,
0,1.771,2533.33,40.1,7/22/2026 15:00:00,16.5,0,24.47,0.83,
0,1.847,2300,40.1,7/22/2026 15:00:04,16.5,0,24.54,1.49,
0,1.831,2285,40.1,7/22/2026 15:00:09,16.5,0,24.11,1.27,
0,1.79,2146.67,40.1,7/22/2026 15:00:14,16.5,0,24.42,1.01,
0,1.807,2217.5,40.1,7/22/2026 15:00:15,16.5,0,24.42,1.01,
0,1.763,2425,40.1,7/22/2026 15:00:19,16.5,0,24.81,1.33,
0,1.85,3085.83,40.1,7/22/2026 15:00:24,16.5,0,25.29,1.36,
0,2.121,3175.83,40.1,7/22/2026 15:00:28,16.5,0,25.43,1.49,
0,2.055,3302.5,40.6,7/22/2026 15:00:33,16.5,0,25.44,1.07,
0,2.155,3270,40.6,7/22/2026 15:00:37,16.5,0,25.18,0.86,
0,2.061,3279.17,40.6,7/22/2026 15:00:38,16.5,0,25.18,0.86,
0,2.214,3451.67,40.6,7/22/2026 15:00:42,16.5,0,25.41,1.43,
0,2.264,3542.5,41.1,7/22/2026 15:00:50,16.5,0,25.34,1.23,
0,1.892,3371.67,41.1,7/22/2026 15:00:50,16.5,0,25.34,1.23,
0,1.808,2426.67,41.1,7/22/2026 15:00:54,16.5,0,24.5,0.8,
0,1.764,2655,41.2,7/22/2026 15:00:59,16.5,0,24.31,0.86,
0,1.774,2359.17,41.6,7/22/2026 15:01:03,16.5,0,24.6,0.96,
0,1.653,2277.5,41.6,7/22/2026 15:01:10,16.5,0,23.84,1.35,
0,1.684,2305.83,41.6,7/22/2026 15:01:14,16.5,0,24.2,1.28,
0,1.794,2255,41.6,7/22/2026 15:01:19,16.5,0,24.22,1.31,
0,1.692,2344.17,41.6,7/22/2026 15:01:19,16.5,0,24.22,1.31,
0,1.631,2033.33,41.6,7/22/2026 15:01:24,16.5,0,23.81,0.84,
0,1.626,1967.5,41.6,7/22/2026 15:01:28,16.5,0,23.68,1.07,
0,1.76,1906.67,41.6,7/22/2026 15:01:32,16.5,0,23.63,1.38,
0,1.69,1888.33,41.6,7/22/2026 15:01:37,16.5,0,23.59,1.02,
0,1.688,1870.83,41.6,7/22/2026 15:01:37,16.5,0,23.59,1.02,
0,1.652,1854.17,41.6,7/22/2026 15:01:41,16.5,0,23.4,1.41,
0,1.801,1839.17,41.6,7/22/2026 15:01:45,16.5,0,23.4,1.1,
0,1.588,1820.83,41.6,7/22/2026 15:01:53,16.5,0,23.61,1.24,
0,1.659,1820.83,41.2,7/22/2026 15:01:57,16.5,0,23.71,1.08,
0,1.627,1805,41.1,7/22/2026 15:02:01,16.5,0,23.5,1.46,
0,1.619,1811.67,41.1,7/22/2026 15:02:07,16.5,0,23.62,1.23,
0,1.605,1805,41.1,7/22/2026 15:02:11,16.5,0,23.42,1.38,
0,1.835,1801.67,41,7/22/2026 15:02:11,16.5,0,23.42,1.38,
0,1.723,1788.33,40.6,7/22/2026 15:02:15,16.5,0,23.42,0.86,
0,1.691,1788.33,40.6,7/22/2026 15:02:19,16.5,0,23.42,0.89,
0,1.731,1784.17,40.5,7/22/2026 15:02:23,16.5,0,23.51,0.91,
0,1.735,1776.67,40.1,7/22/2026 15:02:28,16.5,0,23.35,1.42,
0,1.609,1771.67,40.1,7/22/2026 15:02:32,16.5,0,23.46,1.21,
0,1.804,1764.17,40.1,7/22/2026 15:02:38,16.5,0,23.32,1.45,
0,1.65,1756.67,39.5,7/22/2026 15:02:43,16.5,0,22.88,1.48,
0,1.802,1757.5,39.7,7/22/2026 15:02:43,16.5,0,22.88,1.48,
0,1.742,1759.17,39.5,7/22/2026 15:02:50,16.5,0,23.22,1.29,
0,1.742,1759.17,39.5,7/22/2026 15:02:55,16.5,0,23.34,1.28,
0,1.739,1760,39.5,7/22/2026 15:02:55,16.5,0,23.34,1.28,
0,1.688,1752.5,39.5,7/22/2026 15:02:59,16.5,0,23.31,0.83,
0,1.654,1750.83,39.5,7/22/2026 15:03:04,16.5,0,23.23,1.06,
0,1.654,1750.83,39.5,7/22/2026 15:03:09,16.5,0,23.43,1.49,
0,1.694,1748.33,39.5,7/22/2026 15:03:13,16.5,0,23.21,1.36,
0,1.59,1734.17,39.5,7/22/2026 15:03:18,16.5,0,23.25,1.48,
0,1.59,1734.17,39.5,7/22/2026 15:03:23,16.5,0,23.28,0.82,
0,1.682,1721.67,39.5,7/22/2026 15:03:29,16.5,0,23.51,1.02,
0,1.697,1720.83,39.5,7/22/2026 15:03:34,16.5,0,23.26,1.14,
0,1.785,1716.67,39.5,7/22/2026 15:03:38,16.5,0,23.31,1.4,
0,1.661,1710.83,39.5,7/22/2026 15:03:43,16.5,0,23.51,0.98,
0,1.718,1703.33,39.2,7/22/2026 15:03:47,16.5,0,23.31,0.84,
0,1.718,1703.33,39.2,7/22/2026 15:03:52,16.5,0,23.31,1.15,
0,1.767,1697.5,39.1,7/22/2026 15:03:57,16.5,0,23.39,1.26,
0,1.72,1675,39.1,7/22/2026 15:04:02,16.5,0,23.32,1.42,
0,1.72,1675,39.1,7/22/2026 15:04:06,16.5,0,23.51,1.12,
0,1.722,1657.5,39,7/22/2026 15:04:10,16.5,0,23.26,1.46,
0,1.646,1643.33,39,7/22/2026 15:04:14,16.5,0,23.38,0.87,
0,1.726,1635.83,39,7/22/2026 15:04:19,16.5,0,23.13,1.23,
0,1.793,1629.17,39,7/22/2026 15:04:19,16.5,0,23.13,1.23,
0,1.736,1622.5,39,7/22/2026 15:04:23,16.5,0,23.29,1.09,
0,1.733,1603.33,39,7/22/2026 15:04:28,16.5,0,23.34,1.32,
0,1.921,1602.5,39,7/22/2026 15:04:32,16.5,0,23.07,0.97,
0,1.747,1591.67,39,7/22/2026 15:04:32,16.5,0,23.07,0.97,
0,1.844,1577.5,39,7/22/2026 15:04:36,16.5,0,23.24,1.02,
0,2.298,1557.5,38.5,7/22/2026 15:04:44,16.5,0,23.26,1.39,
0,3.45,1539.17,38.5,7/22/2026 15:04:48,16.5,0,23.25,1.19,
0,3.471,1522.5,38.5,7/22/2026 15:04:54,16.5,0,23.23,0.93,
0,3.532,1486.67,38.5,7/22/2026 15:04:59,16.5,0,23.01,1.42,
0,3.581,1465,38.5,7/22/2026 15:05:08,16.5,0,23.13,1.19,
0,3.509,1435.83,38.5,7/22/2026 15:05:11,16.5,0,23.11,0.88,
0,3.536,1428.33,38.5,7/22/2026 15:05:16,16.5,0,22.87,1.05,
0,3.649,1415,38.5,7/22/2026 15:05:20,16.5,0,23.09,1.43,
0,3.612,1404.17,38,7/22/2026 15:05:24,16.5,0,22.89,1.35,
0,3.528,1384.17,38,7/22/2026 15:05:29,16.5,0,22.86,1.41,
0,3.53,1361.67,38,7/22/2026 15:05:34,16.5,0,22.98,0.93,
0,3.611,1340,37.4,7/22/2026 15:05:39,16.5,0,22.83,0.95,
0,3.617,1329.17,37.4,7/22/2026 15:05:43,16.5,0,22.85,1.43,
0,3.724,1320,37.4,7/22/2026 15:05:47,16.5,0,22.66,0.92,
0,3.704,1285.83,37.4,7/22/2026 15:05:51,16.5,0,22.82,0.85,
0,3.66,1277.5,37.4,7/22/2026 15:05:56,16.5,0,22.94,1.02,
0,3.656,1267.5,37.4,7/22/2026 15:06:00,16.5,0,22.64,0.81,
0,3.786,1256.67,37.4,7/22/2026 15:06:04,16.5,0,22.75,1.47,
0,3.688,1225,37,7/22/2026 15:06:09,16.5,0,22.8,0.86,
0,3.621,1221.67,36.9,7/22/2026 15:06:13,16.5,0,22.63,1.41,
0,3.776,1190,36.9,7/22/2026 15:06:18,16.5,0,22.57,1.11,
0,3.835,1175.83,36.9,7/22/2026 15:06:22,16.5,0,22.55,1.03,
0,3.959,1165.83,36.9,7/22/2026 15:06:26,16.5,0,22.42,0.81,
0,3.838,1146.67,36.9,7/22/2026 15:06:31,16.5,0,22.45,1.18,
0,4.005,1140,36.9,7/22/2026 15:06:35,16.5,0,22.5,1.05,
0,3.86,1122.5,36.9,7/22/2026 15:06:39,16.5,0,22.61,1.04,
0,3.839,1115.83,36.9,7/22/2026 15:06:43,16.5,0,22.55,0.8,
0,3.92,1099.17,36.9,7/22/2026 15:06:48,16.5,0,22.43,0.94,
0,3.807,1085,36.9,7/22/2026 15:06:53,16.5,0,22.43,1.16,
0,3.813,1077.5,36.9,7/22/2026 15:06:57,16.5,0,22.56,1.12,
0,3.86,1070.83,36.9,7/22/2026 15:07:01,16.5,0,22.43,1.32,
0,3.774,1054.17,36.9,7/22/2026 15:07:05,16.5,0,22.35,0.87,
0,3.829,1043.33,36.9,7/22/2026 15:07:09,16.5,0,22.43,1.32,
0,3.92,1030.83,36.9,7/22/2026 15:07:13,16.5,0,22.42,1.37,
0,3.92,1030.83,36.9,7/22/2026 15:07:13,16.5,0,22.42,1.37,
0,3.952,1029.17,36.9,7/22/2026 15:07:18,16.5,0,22.43,1.04,
0,3.932,1025.83,36.9,7/22/2026 15:07:22,16.5,0,22.44,1.38,
0,3.939,1021.67,36.9,7/22/2026 15:07:22,16.5,0,22.44,1.38,
0,3.939,1021.67,36.9,7/22/2026 15:07:26,16.5,0,22.37,1.18,
0,3.896,1017.5,36.5,7/22/2026 15:07:32,16.5,0,22.32,1.21,
0,3.917,1017.5,36.3,7/22/2026 15:07:37,16.5,0,22.38,0.95,
0,4.063,1016.67,36.3,7/22/2026 15:07:42,16.5,0,22.39,1.36,
0,4.094,1017.5,36.3,7/22/2026 15:07:46,16.5,0,22.43,0.84,
0,4.04,1018.33,36.3,7/22/2026 15:07:51,16.5,0,22.46,1.4,
0,3.888,1018.33,36.3,7/22/2026 15:07:56,16.5,0,22.33,1.38,
0,3.809,1019.17,36.4,7/22/2026 15:08:00,16.5,0,22.22,1.47,
0,3.82,1021.67,36.3,7/22/2026 15:08:04,16.5,0,22.35,0.81,
0,3.82,1021.67,36.3,7/22/2026 15:08:04,16.5,0,22.35,0.81,
0,3.871,1022.5,36.4,7/22/2026 15:08:09,16.5,0,22.53,1.05,
0,3.824,1025.83,36.4,7/22/2026 15:08:13,16.5,0,22.43,0.83,
0,4.01,1030.83,36.5,7/22/2026 15:08:20,16.5,0,22.45,1.08,
0,3.961,1032.5,36.7,7/22/2026 15:08:25,16.5,0,22.43,1.4,
0,3.9,1034.17,36.8,7/22/2026 15:08:29,16.5,0,22.4,1.13,
0,3.908,1031.67,36.9,7/22/2026 15:08:35,16.5,0,22.11,0.9,
0,3.908,1031.67,36.9,7/22/2026 15:08:35,16.5,0,22.11,0.9,
0,3.873,1030,36.9,7/22/2026 15:08:40,16.5,0,22.47,1.19,
0,3.825,1030,36.9,7/22/2026 15:08:47,16.5,0,22.42,1.08,
0,3.816,1030.83,36.9,7/22/2026 15:08:52,16.5,0,22.38,1.41,
0,3.92,1031.67,36.8,7/22/2026 15:08:59,16.5,0,22.46,1.18,
0,3.911,1033.33,36.8,7/22/2026 15:09:03,16.5,0,22.46,1.1,
0,3.971,1036.67,36.7,7/22/2026 15:09:07,16.5,0,22.34,0.98,
0,4.005,1038.33,36.5,7/22/2026 15:09:12,16.5,0,22.59,0.85,
0,3.922,1041.67,36.4,7/22/2026 15:09:17,16.5,0,22.56,0.93,
0,3.923,1042.5,36.4,7/22/2026 15:09:22,16.5,0,22.34,0.81,
0,3.914,1043.33,36.4,7/22/2026 15:09:26,16.5,0,22.53,1.09,
0,4.047,1043.33,36.7,7/22/2026 15:09:30,16.5,0,22.51,1.27,
0,4.023,1044.17,36.9,7/22/2026 15:09:36,16.5,0,22.49,1.31,
0,3.877,1040.83,36.9,7/22/2026 15:09:41,16.5,0,22.59,1.36,
0,3.846,1037.5,36.9,7/22/2026 15:09:45,16.5,0,22.57,1.35,
0,3.931,1036.67,36.9,7/22/2026 15:09:49,16.5,0,22.49,1.19,
0,3.998,1030.83,36.9,7/22/2026 15:09:53,16.5,0,22.67,1.08,
0,3.887,1030,36.8,7/22/2026 15:09:57,16.5,0,22.63,1.3,
0,3.937,1030,36.5,7/22/2026 15:10:01,16.5,0,22.55,1.2,
0,3.846,1028.33,36.4,7/22/2026 15:10:05,16.5,0,22.4,1.48,
0,3.917,1024.17,36.3,7/22/2026 15:10:11,16.5,0,22.54,0.94,
0,3.999,1022.5,36.4,7/22/2026 15:10:15,16.5,0,22.42,1.28,
0,3.991,1018.33,36.4,7/22/2026 15:10:21,16.5,0,22.58,0.95,
0,3.991,1018.33,36.4,7/22/2026 15:10:34,16.5,0,22.7,1.39,
0,3.956,1001.67,36.4,7/22/2026 15:10:41,16.5,0,22.64,1.11,
0,3.94,1000.83,36.5,7/22/2026 15:10:45,16.5,0,22.66,1.35,
0,3.896,1020,36.3,7/22/2026 15:11:10,16.5,0,22.71,1.18,
0,3.841,1028.33,36.3,7/22/2026 15:11:18,16.5,0,22.83,1.01,
0,3.766,1033.33,36.3,7/22/2026 15:11:23,16.5,0,22.74,1.1,
0,3.883,1035,36.3,7/22/2026 15:11:35,16.5,0,22.83,1,
0,4.97,1037.5,36.3,7/22/2026 15:11:42,16.5,0,22.99,1.46,
0,3.974,1039.17,36.3,7/22/2026 15:11:46,16.5,0,22.77,1.07,
0,3.969,1040,36.3,7/22/2026 15:11:51,16.5,0,22.86,0.92,
0,3.975,1041.67,36.3,7/22/2026 15:11:56,16.5,0,22.78,1.04,
0,3.9,1043.33,36.3,7/22/2026 15:12:00,16.5,0,22.83,1.32,
0,3.968,1047.5,36.3,7/22/2026 15:12:06,16.5,0,22.83,0.9,
0,3.866,1050.83,36.3,7/22/2026 15:12:23,16.5,0,22.93,0.96,
0,3.866,1050.83,36.3,7/22/2026 15:12:34,16.5,0,22.88,1.17,
0,4.027,1115,36.3,7/22/2026 15:13:10,16.5,0,23.03,1.39,
0,3.954,1118.33,36.3,7/22/2026 15:13:15,16.5,0,23.02,0.89,
0,3.941,1121.67,36.3,7/22/2026 15:13:15,16.5,0,23.02,0.89,
0,4.042,1123.33,36.3,7/22/2026 15:13:19,16.5,0,22.97,1.15,
0,4.145,1129.17,36.3,7/22/2026 15:13:25,16.5,0,23.07,1.13,
0,3.931,1130.83,36.3,7/22/2026 15:13:29,16.5,0,22.96,1.34,
0,3.881,1139.17,36.3,7/22/2026 15:13:34,16.5,0,23.02,1.21,
0,3.922,1144.17,36.3,7/22/2026 15:13:39,16.5,0,23,1.07,
0,3.963,1148.33,36.3,7/22/2026 15:13:43,16.5,0,23.03,1.01,
0,3.991,1150.83,36.3,7/22/2026 15:13:48,16.5,0,23.02,1.42,
0,4.04,1157.5,36.3,7/22/2026 15:13:52,16.5,0,23.22,1.18,
0,3.939,1162.5,36.3,7/22/2026 15:13:57,16.5,0,22.91,1.17,
0,4.14,1170.83,36.3,7/22/2026 15:14:10,16.5,0,23.14,1.4,
0,4.25,1219.17,36.3,7/22/2026 15:14:15,16.5,0,23.18,0.81,
0,4.07,1242.5,35.6,7/22/2026 15:14:21,16.5,0,23.05,0.81,
0,4.196,1248.33,35.6,7/22/2026 15:14:25,16.5,0,23.32,0.91,
0,4.002,1272.5,35.6,7/22/2026 15:14:29,16.5,0,23.3,0.99,
0,4.202,1282.5,35.6,7/22/2026 15:14:34,16.5,0,23.42,1.19,
0,4.109,1306.67,35.6,7/22/2026 15:14:38,16.5,0,23.36,1.32,
0,4.129,1324.17,35.6,7/22/2026 15:14:43,16.5,0,23.42,1.17,
0,4.021,1333.33,35.6,7/22/2026 15:15:04,16.5,0,23.41,1.39,
0,3.93,1382.5,35.6,7/22/2026 15:15:05,16.5,0,23.41,1.39,
0,4.057,1445,36.3,7/22/2026 15:15:50,16.5,0,23.66,1.07,
0,3.915,1461.67,36.3,7/22/2026 15:15:54,16.5,0,23.5,1.21,
0,4.009,1465.83,36.3,7/22/2026 15:16:12,16.5,0,23.71,1.14,
0,3.991,1493.33,36.4,7/22/2026 15:16:21,16.5,0,23.71,0.88,
0,4.044,1512.5,36.3,7/22/2026 15:16:26,16.5,0,23.64,1.2,
0,4.185,1518.33,36.3,7/22/2026 15:16:30,16.5,0,23.62,0.83,
0,4.067,1530.83,36.3,7/22/2026 15:16:34,16.5,0,23.66,0.88,
0,4.064,1571.67,36.3,7/22/2026 15:16:46,16.5,0,23.67,1.27,
0,4.064,1571.67,36.3,7/22/2026 15:16:46,16.5,0,23.63,1.48,
0,7.011,1585,36.3,7/22/2026 15:16:50,16.5,0,23.71,0.99,
0,6.953,1597.5,36.3,7/22/2026 15:16:55,16.5,0,23.72,0.84,
0,7.053,1627.5,36.3,7/22/2026 15:17:02,16.5,0,23.81,1.06,
0,6.979,1649.17,36,7/22/2026 15:17:06,16.5,0,23.97,1.21,
0,7.017,1670.83,36,7/22/2026 15:17:11,16.5,0,23.8,1.49,
0,7.094,1675.83,36,7/22/2026 15:17:16,16.5,0,23.85,0.85,
0,7.072,1688.33,36,7/22/2026 15:17:20,16.5,0,23.88,1.11,
0,7.067,1702.5,36.3,7/22/2026 15:17:25,16.5,0,24.04,1.35,
0,7.372,1710,36.3,7/22/2026 15:17:29,16.5,0,23.99,0.85,
0,7.358,1714.17,36.3,7/22/2026 15:17:34,16.5,0,24.01,1.29,
0,7.313,1719.17,36.3,7/22/2026 15:17:38,16.5,0,24.1,1.18,
0,7.409,1730.83,36.3,7/22/2026 15:17:42,16.5,0,24.16,1.37,
0,7.409,1730.83,36.3,7/22/2026 15:17:42,16.5,0,24.16,1.37,
0,7.463,1731.67,36.3,7/22/2026 15:17:46,16.5,0,23.99,1.35,
0,7.52,1732.5,36.3,7/22/2026 15:17:50,16.5,0,23.99,0.9,
0,7.507,1730,36.3,7/22/2026 15:17:55,16.5,0,24.02,1.34,
0,7.63,1724.17,36.3,7/22/2026 15:17:59,16.5,0,23.99,1.1,
0,7.583,1715.83,36.3,7/22/2026 15:17:59,16.5,0,23.99,1.1,
0,7.449,1708.33,36.4,7/22/2026 15:18:03,16.5,0,23.9,1.41,
0,7.608,1699.17,36.8,7/22/2026 15:18:08,16.5,0,23.95,1.08,
0,7.658,1690.83,36.9,7/22/2026 15:18:12,16.5,0,23.9,0.87,
0,7.486,1667.5,36.9,7/22/2026 15:18:17,16.5,0,24.01,1.4,
0,7.572,1659.17,36.9,7/22/2026 15:18:21,16.5,0,23.91,1.08,
0,7.498,1638.33,36.9,7/22/2026 15:18:25,16.5,0,23.72,1.46,
0,7.43,1632.5,36.9,7/22/2026 15:18:29,16.5,0,23.77,1.17,
0,7.617,1623.33,36.9,7/22/2026 15:18:34,16.5,0,23.7,0.86,
0,7.617,1623.33,36.9,7/22/2026 15:18:34,16.5,0,23.7,0.86,
0,7.486,1623.33,36.9,7/22/2026 15:18:38,16.5,0,23.68,1.01,
0,7.58,1632.5,36.9,7/22/2026 15:18:42,16.5,0,23.8,1.18,
0,7.514,1678.33,36.9,7/22/2026 15:18:47,16.5,0,23.91,1.08,
0,7.526,1638.33,36.9,7/22/2026 15:18:51,16.5,0,23.64,1.22,
0,7.601,1595.83,36.9,7/22/2026 15:18:55,16.5,0,23.71,1.22,
0,7.676,1587.5,36.9,7/22/2026 15:18:59,16.5,0,23.64,1.01,
0,7.739,1579.17,36.9,7/22/2026 15:19:03,16.5,0,23.74,1.35,
0,7.692,1573.33,36.9,7/22/2026 15:19:04,16.5,0,23.74,1.35,
0,7.84,1570,36.9,7/22/2026 15:19:08,16.5,0,23.77,1.31,
0,7.761,1563.33,36.9,7/22/2026 15:19:12,16.5,0,23.45,0.92,
0,8.003,1558.33,36.9,7/22/2026 15:19:16,16.5,0,23.72,1.12,
0,8.215,1555.83,36.9,7/22/2026 15:19:20,16.5,0,23.6,1.21,
0,8.505,1555,36.9,7/22/2026 15:19:24,16.5,0,23.51,0.85,
0,8.446,1551.67,36.9,7/22/2026 15:19:29,16.5,0,23.61,0.83,
0,8.316,1544.17,36.9,7/22/2026 15:19:33,16.5,0,23.51,1.23,
0,8.37,1546.67,36.9,7/22/2026 15:19:38,16.5,0,23.79,1.49,
0,8.362,1545.83,36.9,7/22/2026 15:19:42,16.5,0,23.62,0.99,
0,8.402,1545,36.9,7/22/2026 15:19:47,16.5,0,23.61,0.99,
0,8.315,1535.83,36.9,7/22/2026 15:19:54,16.5,0,23.78,1.04,
0,8.264,1529.17,36.9,7/22/2026 15:19:58,16.5,0,23.61,1.29,
0,8.157,1521.67,36.9,7/22/2026 15:20:05,16.5,0,23.71,1.29,
0,8.187,1518.33,36.9,7/22/2026 15:20:09,16.5,0,23.51,1.48,
0,8.153,1515,36.9,7/22/2026 15:20:09,16.5,0,23.51,1.48,
0,8.238,1510.83,36.9,7/22/2026 15:20:16,16.5,0,23.6,1.31,
0,8.228,1509.17,36.9,7/22/2026 15:20:20,16.5,0,23.51,1.12,
0,8.295,1506.67,36.9,7/22/2026 15:20:24,16.5,0,23.51,0.88,
0,8.278,1504.17,36.9,7/22/2026 15:20:25,16.5,0,23.51,0.88,
0,8.173,1496.67,36.9,7/22/2026 15:20:32,16.5,0,23.65,0.88,
0,8.18,1489.17,36.9,7/22/2026 15:20:36,16.5,0,23.6,0.81,
0,8.222,1484.17,36.9,7/22/2026 15:20:40,16.5,0,23.51,1.38,
0,8.013,1478.33,36.9,7/22/2026 15:20:49,16.5,0,23.5,0.92,
0,8.064,1474.17,36.9,7/22/2026 15:20:49,16.5,0,23.5,0.92,
0,8.064,1474.17,36.9,7/22/2026 15:20:51,16.5,0,23.12,1.15,
0,8.138,1460,36.9,7/22/2026 15:20:55,16.5,0,23.5,1.26,
0,8.237,1450.83,36.9,7/22/2026 15:20:59,16.5,0,23.39,1.42,
0,8.127,1448.33,36.9,7/22/2026 15:21:03,16.5,0,23.45,1.11,
0,8.145,1443.33,36.9,7/22/2026 15:21:07,16.5,0,23.12,1.49,
0,8.077,1440,36.9,7/22/2026 15:21:11,16.5,0,23.35,1.14,
0,8.084,1430.83,36.9,7/22/2026 15:21:15,16.5,0,23.39,1.25,
0,8.072,1430,36.9,7/22/2026 15:21:20,16.5,0,23.42,1.31,
0,8.144,1429.17,36.9,7/22/2026 15:21:24,16.5,0,23.42,1.36,
0,8.042,1428.33,36.9,7/22/2026 15:21:29,16.5,0,23.43,0.93,
0,8.109,1427.5,36.8,7/22/2026 15:21:33,16.5,0,23.42,0.86,
0,8.043,1435,36.5,7/22/2026 15:21:41,16.5,0,23.39,1.26,
0,8.043,1435,36.5,7/22/2026 15:21:48,16.5,0,23.42,1.31,
0,8.059,1440.83,36.4,7/22/2026 15:21:52,16.5,0,23.51,1.48,
0,7.972,1436.67,36.3,7/22/2026 15:21:59,16.5,0,23.4,0.9,
0,8.016,1431.67,36.3,7/22/2026 15:22:04,16.5,0,23.39,1.28,
0,8.023,1423.33,36.3,7/22/2026 15:22:11,16.5,0,23.37,1.38,
0,7.987,1425,36.3,7/22/2026 15:22:11,16.5,0,23.37,1.38,
0,8.084,1420.83,36.3,7/22/2026 15:22:18,16.5,0,23.31,1.14,
0,7.938,1419.17,36.4,7/22/2026 15:22:18,16.5,0,23.31,1.14,
0,7.938,1419.17,36.4,7/22/2026 15:22:22,16.5,0,23.31,1.4,
0,7.862,1412.5,36.9,7/22/2026 15:22:29,16.5,0,23.29,1.41,
0,7.804,1411.67,36.9,7/22/2026 15:22:33,16.5,0,23.34,1.37,
0,7.881,1412.5,36.9,7/22/2026 15:22:38,16.5,0,23.61,1.28,
0,7.885,1414.17,36.9,7/22/2026 15:22:41,16.5,0,23.51,1.22,
0,7.982,1415.83,36.9,7/22/2026 15:22:45,16.5,0,23.4,1.4,
0,7.934,1416.67,36.9,7/22/2026 15:22:49,16.5,0,23.36,1.11,
0,7.883,1420.83,36.9,7/22/2026 15:22:54,16.5,0,23.32,1.02,
0,7.871,1423.33,36.9,7/22/2026 15:22:58,16.5,0,23.45,1.42,
0,7.871,1423.33,36.9,7/22/2026 15:22:58,16.5,0,23.45,1.42,
0,7.9,1425.83,36.9,7/22/2026 15:23:02,16.5,0,23.32,0.93,
0,7.861,1425,36.9,7/22/2026 15:23:06,16.5,0,23.51,1.18,
0,7.694,1420.83,36.9,7/22/2026 15:23:10,16.5,0,23.32,1.14,
0,7.815,1418.33,36.9,7/22/2026 15:23:13,16.5,0,23.51,0.9,
0,7.872,1419.17,36.9,7/22/2026 15:23:18,16.5,0,23.15,1.38,
0,7.931,1423.33,36.9,7/22/2026 15:23:22,16.5,0,23.31,1.07,
0,7.931,1423.33,36.9,7/22/2026 15:23:22,16.5,0,23.31,1.07,
0,7.795,1423.33,36.9,7/22/2026 15:23:26,16.5,0,23.34,1.29,
0,7.887,1422.5,36.9,7/22/2026 15:23:31,16.5,0,23.36,1.32,
0,7.846,1425.83,36.9,7/22/2026 15:23:35,16.5,0,23.12,1.14,
0,7.783,1425,36.9,7/22/2026 15:23:35,16.5,0,23.12,1.14,
0,7.652,1424.17,36.9,7/22/2026 15:23:39,16.5,0,23.31,1.21,
0,7.653,1422.5,36.9,7/22/2026 15:23:44,16.5,0,23.34,1.44,
0,7.598,1415,36.9,7/22/2026 15:23:52,16.5,0,23.38,1.2,
0,7.592,1410.83,36.9,7/22/2026 15:23:56,16.5,0,23.31,0.88,
0,7.603,1404.17,36.9,7/22/2026 15:24:00,16.5,0,23.3,1.38,
0,7.677,1396.67,36.9,7/22/2026 15:24:05,16.5,0,23.28,0.88,
0,7.62,1394.17,36.9,7/22/2026 15:24:09,16.5,0,23.25,1.25,
0,7.602,1380.83,36.9,7/22/2026 15:24:13,16.5,0,23.26,1.04,
0,7.581,1361.67,36.8,7/22/2026 15:24:18,16.5,0,23.22,1.02,
0,7.581,1361.67,36.8,7/22/2026 15:24:18,16.5,0,23.22,1.02,
0,7.503,1353.33,36.7,7/22/2026 15:24:23,16.5,0,22.97,1.34,
0,7.615,1339.17,36.3,7/22/2026 15:24:28,16.5,0,23.17,1.43,
0,7.498,1329.17,36.3,7/22/2026 15:24:33,16.5,0,23.28,0.98,
0,7.559,1325,36.3,7/22/2026 15:24:37,16.5,0,23.18,1.13,
0,7.567,1320,36.3,7/22/2026 15:24:42,16.5,0,23.2,0.98,
0,7.49,1310,36.3,7/22/2026 15:24:46,16.5,0,23.25,1.36,
0,7.386,1305.83,36.3,7/22/2026 15:24:51,16.5,0,23.17,1.19,
0,7.433,1289.17,36.3,7/22/2026 15:24:54,16.5,0,23.14,0.99,
0,7.391,1276.67,36.3,7/22/2026 15:24:58,16.5,0,23.09,1.39,
0,7.507,1272.5,36.3,7/22/2026 15:25:02,16.5,0,23.15,1.17,
0,7.315,1267.5,36.3,7/22/2026 15:25:06,16.5,0,23.26,1.4,
0,7.484,1262.5,36.3,7/22/2026 15:25:13,16.5,0,23.36,1.06,
0,7.49,1256.67,36.3,7/22/2026 15:25:13,16.5,0,23.36,1.06,
0,7.427,1242.5,36.3,7/22/2026 15:25:17,16.5,0,23.2,1.27,
0,7.375,1232.5,35.6,7/22/2026 15:25:23,16.5,0,22.92,1.38,
0,8.494,1211.67,35.6,7/22/2026 15:25:30,16.5,0,23.18,1.05,
0,7.416,1201.67,35.6,7/22/2026 15:25:34,16.5,0,23.09,0.97,
0,7.416,1201.67,35.6,7/22/2026 15:25:34,16.5,0,23.09,0.97,
0,7.482,1195,35.6,7/22/2026 15:25:38,16.5,0,22.94,0.81,
0,7.498,1191.67,35.6,7/22/2026 15:25:42,16.5,0,23.03,1.3,
0,7.42,1179.17,35.6,7/22/2026 15:25:49,16.5,0,23.02,0.9,
0,7.47,1160.83,35.2,7/22/2026 15:25:53,16.5,0,23.04,1.38,
0,7.424,1155.83,35.2,7/22/2026 15:25:57,16.5,0,23.12,1.49,
0,7.449,1151.67,35.2,7/22/2026 15:26:01,16.5,0,23.06,1.23,
0,7.466,1149.17,35.2,7/22/2026 15:26:01,16.5,0,23.06,1.23,
0,7.453,1145,35.2,7/22/2026 15:26:05,16.5,0,22.96,1.29,
0,7.372,1141.67,35.2,7/22/2026 15:26:09,16.5,0,23.04,1.36,
0,7.228,1130.83,35.2,7/22/2026 15:26:13,16.5,0,23.17,1.15,
0,7.324,1129.17,35.2,7/22/2026 15:26:17,16.5,0,23.01,0.81,
0,7.242,1125,35.2,7/22/2026 15:26:21,16.5,0,23.05,1.13,
0,7.357,1123.33,35.2,7/22/2026 15:26:25,16.5,0,23.13,1.28,
0,7.335,1119.17,35.3,7/22/2026 15:26:30,16.5,0,23.07,0.81,
0,7.174,1120,35.4,7/22/2026 15:26:33,16.5,0,23.26,0.88,
0,7.216,1118.33,35.5,7/22/2026 15:26:34,16.5,0,23.26,0.88,
0,7.231,1117.5,35.6,7/22/2026 15:26:37,16.5,0,23.17,1.15,
0,7.262,1117.5,35.6,7/22/2026 15:26:41,16.5,0,23.12,1.12,
0,7.285,1116.67,35.6,7/22/2026 15:26:45,16.5,0,23.11,1.08,
0,7.349,1112.5,35.6,7/22/2026 15:26:49,16.5,0,23.29,1.49,
0,7.197,1109.17,35.6,7/22/2026 15:26:55,16.5,0,23.18,0.86,
0,7.174,1108.33,35.6,7/22/2026 15:27:00,16.5,0,23.19,0.81,
0,7.208,1106.67,35.6,7/22/2026 15:27:03,16.5,0,23.13,1.04,
0,7.272,1109.17,35.6,7/22/2026 15:27:08,16.5,0,23.06,1.45,
0,7.25,1102.5,35.6,7/22/2026 15:27:12,16.5,0,23.28,1.46,
0,7.295,1096.67,35.6,7/22/2026 15:27:17,16.5,0,23.08,0.88,
0,7.119,1093.33,35.6,7/22/2026 15:27:21,16.5,0,23.15,1.03,
0,7.108,1090,35.6,7/22/2026 15:27:25,16.5,0,23.15,1.38,
0,7.108,1090,35.6,7/22/2026 15:27:25,16.5,0,23.15,1.38,
0,7.309,1092.5,35.6,7/22/2026 15:27:29,16.5,0,23.17,1.47,
0,7.15,1097.5,35.6,7/22/2026 15:27:33,16.5,0,23.23,0.83,
0,7.06,1098.33,35.6,7/22/2026 15:27:37,16.5,0,23.13,0.92,
0,7.146,1096.67,35.6,7/22/2026 15:27:37,16.5,0,23.13,0.92,
0,7.197,1097.5,35.6,7/22/2026 15:27:42,16.5,0,23.18,1.45,
0,7.19,1091.67,35.6,7/22/2026 15:27:47,16.5,0,22.97,0.96,
0,7.078,1091.67,35.6,7/22/2026 15:27:52,16.5,0,23.15,1.04,
0,7.054,1090.83,35.6,7/22/2026 15:27:52,16.5,0,23.15,1.04,
0,7.141,1090.83,35.6,7/22/2026 15:27:57,16.5,0,23.12,0.94,
0,7.143,1085.83,35.6,7/22/2026 15:28:01,16.5,0,23.36,0.84,
0,7.015,1071.67,35.6,7/22/2026 15:28:05,16.5,0,23.15,1.49,
0,7.12,1066.67,35.6,7/22/2026 15:28:10,16.5,0,23.13,1.49,
0,7.08,1039.17,35.6,7/22/2026 15:28:19,16.5,0,23.02,0.88,
0,6.949,1032.5,35.6,7/22/2026 15:28:19,16.5,0,23.02,0.88,
0,6.982,1025,35.6,7/22/2026 15:28:22,16.5,0,23.03,1.23,
0,6.978,1020,35.6,7/22/2026 15:28:26,16.5,0,23.02,1.42,
0,7.041,1013.33,35.6,7/22/2026 15:28:30,16.5,0,23.02,1.02,
0,6.952,1010,35.6,7/22/2026 15:28:35,16.5,0,23.04,1.31,
0,6.886,1000,35.6,7/22/2026 15:28:43,16.5,0,22.83,1.03,
0,6.946,998.33,35.4,7/22/2026 15:28:55,16.5,0,22.86,1.18,
0,6.949,1018.33,35.2,7/22/2026 15:28:59,16.5,0,23.02,0.91,
0,6.89,1028.33,35.2,7/22/2026 15:28:59,16.5,0,23.02,0.91,
0,6.973,1022.5,35.2,7/22/2026 15:29:04,16.5,0,22.97,0.84,
0,6.961,1032.5,35.2,7/22/2026 15:29:08,16.5,0,22.83,1.19,
0,6.84,1040,35.2,7/22/2026 15:29:12,16.5,0,23.32,1.11,
0,6.855,1057.5,35.2,7/22/2026 15:29:16,16.5,0,23.36,1.11,
0,7.061,1090,35.2,7/22/2026 15:29:20,16.5,0,23.31,1.43,
0,6.879,1100,35.2,7/22/2026 15:29:25,16.5,0,23.34,1.43,
0,6.883,1107.5,35.6,7/22/2026 15:29:29,16.5,0,23.51,0.89,
0,6.93,1105,35.6,7/22/2026 15:29:33,16.5,0,23.31,1.24,
0,6.816,1104.17,35.6,7/22/2026 15:29:38,16.5,0,23.33,1.33,
0,6.948,1104.17,35.6,7/22/2026 15:29:43,16.5,0,23.38,1.09,
0,6.897,1105.83,35.6,7/22/2026 15:29:47,16.5,0,23.5,1.34,
0,6.881,1106.67,35.6,7/22/2026 15:29:52,16.5,0,23.36,1.4,
0,6.971,1104.17,35.6,7/22/2026 15:29:56,16.5,0,23.28,1.03,
0,6.918,1100,35.6,7/22/2026 15:30:01,16.5,0,23.51,0.85,
0,6.888,1100,35.6,7/22/2026 15:30:06,16.5,0,23.34,0.9,
0,6.856,1100,35.6,7/22/2026 15:30:10,16.5,0,23.14,1.37,
0,6.913,1098.33,35.6,7/22/2026 15:30:14,16.5,0,23.26,0.84,
0,6.802,1107.5,35.6,7/22/2026 15:30:18,16.5,0,23.32,1.16,
0,6.894,1120.83,35.7,7/22/2026 15:30:23,16.5,0,23.51,1.23,
0,6.811,1120,36,7/22/2026 15:30:23,16.5,0,23.51,1.23,
0,6.749,1083.33,36.3,7/22/2026 15:30:27,16.5,0,23.22,0.8,
0,6.81,1066.67,36.3,7/22/2026 15:30:31,16.5,0,23.23,1.46,
0,6.857,1059.17,36.3,7/22/2026 15:30:36,16.5,0,23.16,1.27,
0,6.762,1050,36.3,7/22/2026 15:30:40,16.5,0,23.21,1.29,
0,6.812,1045,36.3,7/22/2026 15:30:44,16.5,0,23.31,0.97,
0,6.926,1047.5,36.3,7/22/2026 15:30:49,16.5,0,22.94,1.17,
0,6.926,1047.5,36.3,7/22/2026 15:30:49,16.5,0,22.94,1.17,
0,6.887,1048.33,36.3,7/22/2026 15:30:53,16.5,0,23.09,1.19,
0,6.871,1050,36.3,7/22/2026 15:30:58,16.5,0,23.17,0.99,
0,6.885,1048.33,36.3,7/22/2026 15:31:02,16.5,0,23.15,1.3,
0,6.855,1048.33,36,7/22/2026 15:31:06,16.5,0,23.04,0.89,
0,6.971,1046.67,35.9,7/22/2026 15:31:11,16.5,0,23.12,1.4,
0,6.787,1045.83,35.9,7/22/2026 15:31:16,16.5,0,23.07,1.44,
0,6.887,1046.67,35.9,7/22/2026 15:31:15,16.5,0,23.07,1.44,
0,6.834,1043.33,35.8,7/22/2026 15:31:20,16.5,0,23.04,1.18,
0,6.753,1036.67,35.6,7/22/2026 15:31:25,16.5,0,23.02,1.46,
0,6.725,1032.5,35.6,7/22/2026 15:31:29,16.5,0,22.99,1.33,
0,6.761,1033.33,35.6,7/22/2026 15:31:33,16.5,0,22.85,0.81,
0,6.749,1027.5,35.6,7/22/2026 15:31:38,16.5,0,23.02,0.97,
0,6.697,1023.33,35.6,7/22/2026 15:31:42,16.5,0,22.99,1.35,
0,6.718,1021.67,35.6,7/22/2026 15:31:46,16.5,0,23.02,1.23,
0,6.758,1020,35.6,7/22/2026 15:31:51,16.5,0,22.69,0.86,
0,6.758,1020,35.6,7/22/2026 15:31:56,16.5,0,22.96,0.9,
0,6.688,1020,35.6,7/22/2026 15:32:01,16.5,0,23.09,1.34,
0,6.743,1022.5,35.6,7/22/2026 15:32:05,16.5,0,23.21,0.89,
0,6.788,1032.5,35.6,7/22/2026 15:32:10,16.5,0,23.02,1.32,
0,6.775,1037.5,35.6,7/22/2026 15:32:14,16.5,0,23.1,1.05,
0,6.702,1045,35.6,7/22/2026 15:32:18,16.5,0,23.1,1.25,
0,6.64,1050,35.6,7/22/2026 15:32:19,16.5,0,23.1,1.25,
0,6.757,1054.17,35.6,7/22/2026 15:32:22,16.5,0,23.17,1.25,
0,6.695,1057.5,35.6,7/22/2026 15:32:26,16.5,0,23.09,1.19,
0,6.686,1058.33,35.6,7/22/2026 15:32:31,16.5,0,23.3,1.33,
0,6.677,1060.83,35.6,7/22/2026 15:32:38,16.5,0,23.13,0.87,
0,6.615,1072.5,35.5,7/22/2026 15:32:43,16.5,0,23.14,1.25,
0,6.65,1073.33,35.5,7/22/2026 15:32:48,16.5,0,23.18,1.06,
0,6.568,1074.17,35.3,7/22/2026 15:32:52,16.5,0,23.1,0.87,
0,6.605,1073.33,35.2,7/22/2026 15:32:57,16.5,0,23.22,1.4,
0,6.637,1072.5,35.3,7/22/2026 15:32:56,16.5,0,23.22,1.4,
0,6.673,1078.33,35.2,7/22/2026 15:33:01,16.5,0,23.23,1.11,
0,6.624,1084.17,35.2,7/22/2026 15:33:06,16.5,0,23.29,1.35,
0,6.571,1092.5,35.2,7/22/2026 15:33:10,16.5,0,23.22,1.14,
0,6.571,1092.5,35.2,7/22/2026 15:33:14,16.5,0,23.25,0.84,
0,6.559,1092.5,35.2,7/22/2026 15:33:19,16.5,0,23.24,1.22,
0,6.63,1090.83,35.2,7/22/2026 15:33:23,16.5,0,23.26,1.09,
0,6.595,1085,35.2,7/22/2026 15:33:27,16.5,0,23.07,0.97,
0,6.617,1069.17,35.2,7/22/2026 15:33:32,16.5,0,23.12,1.42,
0,6.562,1062.5,35.2,7/22/2026 15:33:37,16.5,0,23.24,1.2,
0,6.534,1050.83,35.2,7/22/2026 15:33:40,16.5,0,23.08,0.81,
0,6.604,1055,35.2,7/22/2026 15:33:40,16.5,0,23.08,0.81,
0,6.473,1046.67,35.2,7/22/2026 15:33:44,16.5,0,22.99,1.19,
0,6.454,1042.5,35.2,7/22/2026 15:33:49,16.5,0,23.22,1.04,
0,6.506,1035.83,35.2,7/22/2026 15:33:53,16.5,0,23.13,1.32,
0,6.513,1034.17,35.2,7/22/2026 15:33:58,16.5,0,23.16,1.15,
0,6.476,1030.83,35.2,7/22/2026 15:34:02,16.5,0,23.23,1.07,
0,6.535,1030.83,35.2,7/22/2026 15:34:06,16.5,0,23.12,1.38,
0,6.492,1029.17,35.2,7/22/2026 15:34:10,16.5,0,23.12,1.14,
0,6.45,1031.67,35.2,7/22/2026 15:34:11,16.5,0,23.12,1.14,
0,6.504,1031.67,35.2,7/22/2026 15:34:15,16.5,0,23.32,1.46,
0,6.407,1035.83,35.2,7/22/2026 15:34:20,16.5,0,23.12,1.24,
0,5.011,1056.67,35.1,7/22/2026 15:34:26,16.5,0,23.31,0.84,
0,4.136,1054.17,34.8,7/22/2026 15:34:31,16.5,0,23.24,1.16,
0,4.136,1054.17,34.8,7/22/2026 15:34:31,16.5,0,23.24,1.16,
0,4.079,1054.17,34.8,7/22/2026 15:34:36,16.5,0,22.79,1.02,
0,4.088,1055.83,34.8,7/22/2026 15:34:40,16.5,0,23.25,0.85,
0,4.115,1058.33,34.8,7/22/2026 15:34:40,16.5,0,23.25,0.85,
0,3.944,1053.33,34.8,7/22/2026 15:34:44,16.5,0,23.21,1.39,
0,3.862,1057.5,34.7,7/22/2026 15:34:49,16.5,0,23.34,1.39,
0,3.614,1058.33,34.7,7/22/2026 15:34:53,16.5,0,23.36,0.98,
0,3.614,1058.33,34.7,7/22/2026 15:34:53,16.5,0,23.36,0.98,
0,2.711,1057.5,34.7,7/22/2026 15:34:58,16.5,0,23.18,0.89,
0,2.451,1061.67,34.7,7/22/2026 15:35:03,16.5,0,23.28,0.97,
0,2.671,1068.33,34.7,7/22/2026 15:35:07,16.5,0,23.51,0.88,
0,2.584,1080.83,34.7,7/22/2026 15:35:11,16.5,0,23.42,0.99,
0,2.464,1090,34.7,7/22/2026 15:35:15,16.5,0,23.42,1.07,
0,2.337,1130,34.7,7/22/2026 15:35:20,16.5,0,23.48,1.47,
0,2.277,1156.67,34.7,7/22/2026 15:35:23,16.5,0,23.6,0.81,
0,2.417,1090.83,34.7,7/22/2026 15:35:28,16.5,0,23.38,1.28,
0,2.299,1092.5,34.7,7/22/2026 15:35:33,16.5,0,23.31,1.1,
0,2.241,1089.17,34.7,7/22/2026 15:35:38,16.5,0,23.43,1.27,
0,2.386,1085,34.7,7/22/2026 15:35:42,16.5,0,23.42,1.28,
0,2.182,1083.33,34.7,7/22/2026 15:35:46,16.5,0,23.41,1.08,
0,2.424,1082.5,34.7,7/22/2026 15:35:50,16.5,0,23.33,0.84,
0,2.291,1080.83,34.7,7/22/2026 15:35:56,16.5,0,23.36,1.09,
0,2.318,1077.5,34.7,7/22/2026 15:36:00,16.5,0,23.42,0.83,
0,2.3,1076.67,34.7,7/22/2026 15:36:04,16.5,0,23.33,1.12,
0,2.269,1076.67,34.7,7/22/2026 15:36:09,16.5,0,23.35,0.85,
0,2.272,1076.67,34.7,7/22/2026 15:36:13,16.5,0,22.88,1.45,
0,2.32,1079.17,34.7,7/22/2026 15:36:18,16.5,0,23.35,1.3,
0,2.32,1079.17,34.7,7/22/2026 15:36:18,16.5,0,23.35,1.3,
0,2.259,1080,34.7,7/22/2026 15:36:23,16.5,0,23.38,0.8,
0,2.124,1082.5,34.7,7/22/2026 15:36:28,16.5,0,23.6,1.11,
0,2.248,1087.5,34.8,7/22/2026 15:36:33,16.5,0,23.42,1.38,
0,2.252,1095,35.1,7/22/2026 15:36:38,16.5,0,23.42,1.31,
0,2.341,1105,35.2,7/22/2026 15:36:42,16.5,0,23.51,1.08,
0,2.414,1114.17,35.2,7/22/2026 15:36:42,16.5,0,23.51,1.08,
0,2.428,1120,35.2,7/22/2026 15:36:47,16.5,0,23.51,0.95,
0,2.187,1145,35.2,7/22/2026 15:36:51,16.5,0,23.41,1.18,
0,2.262,1144.17,35.2,7/22/2026 15:36:56,16.5,0,23.61,0.97,
0,2.127,1135,34.7,7/22/2026 15:37:00,16.5,0,23.63,0.88,
0,2.091,1137.5,34.7,7/22/2026 15:37:06,16.5,0,23.65,0.98,
0,2.087,1150,34.7,7/22/2026 15:37:10,16.5,0,23.43,1.43,
0,2.067,1164.17,34.7,7/22/2026 15:37:15,16.5,0,23.46,1.47,
0,2.065,1170.83,34.7,7/22/2026 15:37:19,16.5,0,23.73,1.39,
0,2.004,1187.5,34.7,7/22/2026 15:37:23,16.5,0,23.87,0.85,
0,2.042,1206.67,34.7,7/22/2026 15:37:28,16.5,0,23.75,0.88,
0,2.022,1226.67,34.6,7/22/2026 15:37:33,16.5,0,23.5,0.87,
0,2.13,1244.17,34.5,7/22/2026 15:37:37,16.5,0,23.81,0.9,
0,2.143,1309.17,34.3,7/22/2026 15:37:42,16.5,0,23.9,1.05,
0,2.139,1330.83,34.2,7/22/2026 15:37:46,16.5,0,24.15,1,
0,2.169,1400,34.3,7/22/2026 15:37:50,16.5,0,24.12,0.99,
0,2.168,1434.17,34.6,7/22/2026 15:37:54,16.5,0,24.14,1.15,
0,2.262,1431.67,34.7,7/22/2026 15:37:59,16.5,0,23.62,1.36,
0,2.179,1464.17,34.7,7/22/2026 15:38:04,16.5,0,24.25,1.49,
0,2.101,1848.33,34.7,7/22/2026 15:38:08,16.5,0,24.79,1.22,
0,2.085,2022.5,34.7,7/22/2026 15:38:12,16.5,0,25.01,0.92,
0,2.104,2001.67,34.7,7/22/2026 15:38:17,16.5,0,24.84,1.27,
0,2.29,1753.33,35.1,7/22/2026 15:38:21,16.5,0,24.76,1.26,
0,2.106,1571.67,35.2,7/22/2026 15:38:29,16.5,0,24.53,1.48,
0,2.014,1690,35.2,7/22/2026 15:38:34,16.5,0,24.47,1.36,
0,1.921,1718.33,35.2,7/22/2026 15:38:38,16.5,0,24.36,0.99,
0,1.919,1409.17,35.2,7/22/2026 15:38:43,16.5,0,23.91,1.42,
0,2.075,1369.17,35.2,7/22/2026 15:38:48,16.5,0,24.01,1.44,
0,2.056,1350.83,35.2,7/22/2026 15:38:55,16.5,0,23.85,0.89,
0,2.062,1344.17,35.2,7/22/2026 15:39:00,16.5,0,23.82,1.23,
0,2.085,1345.83,35.2,7/22/2026 15:39:05,16.5,0,23.64,1.13,
0,2.039,1349.17,35.2,7/22/2026 15:39:05,16.5,0,23.64,1.13,
0,1.907,1340.83,35.2,7/22/2026 15:39:09,16.5,0,23.93,0.97,
0,1.938,1354.17,35.2,7/22/2026 15:39:14,16.5,0,23.77,1,
0,1.964,1369.17,35.2,7/22/2026 15:39:18,16.5,0,23.69,1.21,
0,1.947,1375.83,35.1,7/22/2026 15:39:23,16.5,0,23.8,1.19,
0,2.018,1386.67,34.8,7/22/2026 15:39:28,16.5,0,23.9,1.17,
0,2.03,1396.67,34.8,7/22/2026 15:39:32,16.5,0,23.74,1.19,
0,1.91,1415,34.7,7/22/2026 15:39:37,16.5,0,23.83,1.22,
0,2.024,1420,34.7,7/22/2026 15:39:41,16.5,0,23.81,1.44,
0,2.019,1432.5,34.7,7/22/2026 15:39:41,16.5,0,23.81,1.44,
0,1.995,1442.5,34.7,7/22/2026 15:39:45,16.5,0,23.85,1.35,
0,2.058,1466.67,34.7,7/22/2026 15:39:50,16.5,0,23.9,1.37,
0,2.091,1479.17,34.7,7/22/2026 15:39:55,16.5,0,23.93,1.15,
0,2.056,1501.67,34.7,7/22/2026 15:39:59,16.5,0,23.95,1.05,
0,1.885,1522.5,34.7,7/22/2026 15:40:04,16.5,0,23.91,1,
0,1.885,1522.5,34.7,7/22/2026 15:40:04,16.5,0,23.91,1,
0,2.083,1530.83,34.7,7/22/2026 15:40:08,16.5,0,23.47,1.26,
0,1.967,1552.5,35.1,7/22/2026 15:40:13,16.5,0,23.91,1.26,
0,2.103,1559.17,35.2,7/22/2026 15:40:18,16.5,0,24.1,0.82,
0,1.948,1575.83,35.2,7/22/2026 15:40:22,16.5,0,23.95,1,
0,2.021,1579.17,35.2,7/22/2026 15:40:26,16.5,0,23.91,1.33,
0,2.015,1618.33,35.2,7/22/2026 15:40:30,16.5,0,24.17,1.34,
0,1.929,1816.67,35.2,7/22/2026 15:40:35,16.5,0,24.52,0.82,
0,2.027,1839.17,35.2,7/22/2026 15:40:39,16.5,0,24.39,1.07,
0,2.004,1835,35.2,7/22/2026 15:40:44,16.5,0,24.41,0.95,
0,2.055,1852.5,35.2,7/22/2026 15:40:48,16.5,0,24.44,0.98,
0,2.045,1802.5,35.5,7/22/2026 15:40:56,16.5,0,24.69,1.31,
0,1.987,1675.83,35.6,7/22/2026 15:41:00,16.5,0,24.28,1.18,
0,1.953,1562.5,35.6,7/22/2026 15:41:04,16.5,0,23.91,1.07,
0,1.953,1562.5,35.6,7/22/2026 15:41:04,16.5,0,23.91,1.07,
0,2.028,1551.67,35.6,7/22/2026 15:41:09,16.5,0,23.91,1.46,
0,2.043,1546.67,35.6,7/22/2026 15:41:13,16.5,0,23.9,1.38,
0,2.056,1544.17,35.6,7/22/2026 15:41:17,16.5,0,23.91,0.92,
0,2.12,1530.83,35.6,7/22/2026 15:41:22,16.5,0,23.99,1.31,
0,2.236,1538.33,35.6,7/22/2026 15:41:21,16.5,0,23.99,1.31,
0,2.02,1521.67,35.6,7/22/2026 15:41:26,16.5,0,23.85,1.3,
0,1.974,1513.33,35.6,7/22/2026 15:41:30,16.5,0,23.51,1.39,
0,1.966,1498.33,35.6,7/22/2026 15:41:35,16.5,0,24.14,1.36,
0,2.023,1493.33,35.6,7/22/2026 15:41:39,16.5,0,23.83,1.28,
0,2.081,1490.83,35.6,7/22/2026 15:41:44,16.5,0,24.01,1.36,
0,2.081,1490.83,35.6,7/22/2026 15:41:44,16.5,0,24.01,1.36,
0,1.96,1491.67,35.6,7/22/2026 15:41:49,16.5,0,23.94,0.88,
0,1.869,1618.33,35.6,7/22/2026 15:41:53,16.5,0,24.07,1.42,
0,1.869,1618.33,35.6,7/22/2026 15:41:57,16.5,0,24.32,1.4,
0,3.149,1760,35.6,7/22/2026 15:42:02,16.5,0,24.4,1.2,
0,1.953,1715.83,35.6,7/22/2026 15:42:06,16.5,0,24.43,0.96,
0,1.929,1676.67,35.6,7/22/2026 15:42:10,16.5,0,24.12,1.2,
0,2.043,1527.5,35.6,7/22/2026 15:42:15,16.5,0,23.99,1.06,
0,2.001,1489.17,35.6,7/22/2026 15:42:15,16.5,0,23.99,1.06,
0,1.955,1485.83,35.6,7/22/2026 15:42:19,16.5,0,24.01,0.82,
0,1.862,1494.17,35.6,7/22/2026 15:42:23,16.5,0,24.09,1.43,
0,1.936,1640,35.6,7/22/2026 15:42:28,16.5,0,24.32,1.31,
0,1.911,1807.5,35.6,7/22/2026 15:42:32,16.5,0,24.66,1.41,
0,1.878,1846.67,35.6,7/22/2026 15:42:36,16.5,0,24.6,0.82,
0,2.095,1685,35.6,7/22/2026 15:42:40,16.5,0,24.44,0.83,
0,2.023,1511.67,35.7,7/22/2026 15:42:46,16.5,0,24.02,1.46,
0,1.936,1500,36,7/22/2026 15:42:51,16.5,0,24.03,1.04,
0,1.965,1498.33,36,7/22/2026 15:42:51,16.5,0,24.03,1.04,
0,1.901,1505,36.3,7/22/2026 15:42:58,16.5,0,23.91,0.91,
0,2.025,1515.83,36.3,7/22/2026 15:43:03,16.5,0,24.09,1.45,
0,2.02,1598.33,36.3,7/22/2026 15:43:07,16.5,0,24.36,1.1,
0,2.028,1820.83,36.3,7/22/2026 15:43:11,16.5,0,24.79,1.47,
0,1.988,2118.33,36.3,7/22/2026 15:43:16,16.5,0,24.95,1.39,
0,2.141,2293.33,36.3,7/22/2026 15:43:20,16.5,0,25.22,1.3,
0,2.096,2214.17,36.3,7/22/2026 15:43:25,16.5,0,25.09,1.05,
0,1.985,2066.67,36.5,7/22/2026 15:43:29,16.5,0,24.79,1.3,
0,2.001,2304.17,36.9,7/22/2026 15:43:34,16.5,0,25.05,1.17,
0,2.359,2586.67,36.9,7/22/2026 15:43:39,16.5,0,25.54,1.07,
0,2.482,2699.17,36.9,7/22/2026 15:43:46,16.5,0,25.45,0.84,
0,2.27,2724.17,37.4,7/22/2026 15:43:51,16.5,0,25.46,1.15,
0,2.378,2702.5,37.4,7/22/2026 15:43:56,16.5,0,25.49,0.89,
0,2.378,2702.5,37.4,7/22/2026 15:43:56,16.5,0,25.49,0.89,
0,2.414,2672.5,37.4,7/22/2026 15:44:00,16.5,0,25.35,0.92,
0,2.211,2645,37.6,7/22/2026 15:44:04,16.5,0,25.4,1.4,
0,2.267,2660,38,7/22/2026 15:44:08,16.5,0,25.11,0.91,
0,2.059,2613.33,38,7/22/2026 15:44:12,16.5,0,25.32,1.03,
0,2.037,2688.33,38,7/22/2026 15:44:17,16.5,0,25.38,0.91,
0,2.023,2716.67,38.2,7/22/2026 15:44:21,16.5,0,25.38,1.08,
0,1.923,2725,38.5,7/22/2026 15:44:26,16.5,0,25.11,1.48,
0,1.982,2685,38.5,7/22/2026 15:44:30,16.5,0,25.2,1.32,
0,2.032,2665.83,38.5,7/22/2026 15:44:35,16.5,0,25.19,1.04,
0,1.915,2660,38.5,7/22/2026 15:44:35,16.5,0,25.19,1.04,
0,1.707,2670,38.9,7/22/2026 15:44:40,16.5,0,25.38,1.2,
0,1.817,2684.17,39,7/22/2026 15:44:44,16.5,0,25.17,1.19,
0,1.75,2684.17,39,7/22/2026 15:44:49,16.5,0,25,1.35,